bet_id,code_version,created_phase,category,strategy,profile,match,final_score,market,wins_on_event,minute_at_entry,score_home_at_entry,score_away_at_entry,edge_at_entry,ai_prob_at_entry,derived_prob_at_entry,implied_prob_at_entry,live_prob_adjusted,market_price_at_entry,entry_price,closing_price,clv_cents,kelly_fraction,size_requested,size_filled,entry_slip_cents,calibration,branch_weight_sum,market_thinness_usd,piece_pnl,market_labeled,status,settled_by,outcome,stake,payout,pnl_net,exit_count,exit_triggers,exit_vwap_cents,exit_pnl_sum
4abd1006-8014-41cc-ab29-bab6a4f88f36,e5·m1·fable5,prematch,UEFA Champions League 2025,Pre-match Value,aggressive,The New Saints FC — Sabah FK,1:2,Under 3.5,0,,0,0,0.095,0.72,0.747,0.625,,62.5,63.2,47.8,36.8,0.33,80,80,0,0.5,0.672,3672.8914,,0,settled_won,match_score,won,48,75.95,27.95,6,take_price|take_price|take_price|thesis_stop|thesis_stop|thesis_stop,62.4,-15.22
2334873a-ee15-4753-b047-43bdd089a7bb,e5·m1·fable5,prematch,UEFA Champions League 2025,Pre-match Value,medium,The New Saints FC — Sabah FK,1:2,Under 3.5,0,,0,0,0.095,0.72,0.747,0.625,,62.5,63.2,47.8,36.8,0.2,50,50,0,0.5,0.672,3672.8914,,0,settled_won,match_score,won,30,47.47,17.47,6,take_price|take_price|take_price|thesis_stop|thesis_stop|thesis_stop,62.4,-15.22
5cbb77d7-ed83-4c57-b2ec-e485a5d3dfd0,e5·m1·fable5,prematch,UEFA Champions League 2025,Pre-match Value,max,The New Saints FC — Sabah FK,1:2,Under 3.5,0,,0,0,0.095,0.72,0.747,0.625,,62.5,63.2,47.8,36.8,0.5,126,126,0,0.5,0.672,3672.8914,,0,settled_won,match_score,won,75.6,119.62,44.02,6,take_price|take_price|take_price|thesis_stop|thesis_stop|thesis_stop,62.4,-15.22
9ea3e603-b22a-423b-9a21-8259aaf301da,e5·m1·opus48,prematch,UEFA Champions League 2025,Pre-match Value,aggressive,FC Drita — FK Kauno Žalgiris,2:3,Both Teams to Score,0,,0,0,0.055,0.55,0.549,0.495,,49.5,50.2,95.3,,0.33,35,35,0,0.5,0.549,8493.8734,31.44,1,settled_won,early,won,35,66.44,31.44,3,take_price|take_price|take_price,96.7,102.96
e7afc48f-95a9-424a-928f-5371147bcc49,e5·m1·opus48,prematch,UEFA Champions League 2025,Pre-match Value,medium,FC Drita — FK Kauno Žalgiris,2:3,Both Teams to Score,0,,0,0,0.055,0.55,0.549,0.495,,49.5,50.2,95.7,,0.2,21,21,0,0.5,0.549,8493.8734,19.03,1,settled_won,early,won,21,40.03,19.03,3,take_price|take_price|take_price,96.7,102.96
b3889044-93a8-462e-b9c5-d4093756fe8e,e5·m1·opus48,prematch,UEFA Champions League 2025,Pre-match Value,max,FC Drita — FK Kauno Žalgiris,2:3,Both Teams to Score,0,,0,0,0.055,0.55,0.549,0.495,,49.5,50.2,99,,0.5,54,54,0,0.5,0.549,8493.8734,52.49,1,settled_won,early,won,54,106.49,52.49,3,take_price|take_price|take_price,96.7,102.96
d71e77b3-e98e-4d46-bd97-c8ce4fbe9267,e5·m1·interim,live,ATP,Tennis Overreaction,aggressive,Federico Agustin Gomez — Niels McDonald,,F. A. Gomez,0,,,,0.065,0.775,,0.635,,63.5,63.5,78.5,,0.33,58,58,,,,57955.5312,13.7,2,settled_won,early,won,58,71.7,13.7,0,,,0
22296aea-92f3-4026-a98a-2894c706a7d7,e5·m1·interim,live,ATP,Tennis Overreaction,medium,Federico Agustin Gomez — Niels McDonald,,F. A. Gomez,0,,,,0.065,0.775,,0.635,,63.5,63.5,78.5,,0.2,35,35,,,,57955.5312,8.27,2,settled_won,early,won,35,43.27,8.27,0,,,0
44d8bf72-a21e-474b-924f-a769e863d201,e5·m1·interim,live,ATP,Tennis Overreaction,max,Federico Agustin Gomez — Niels McDonald,,F. A. Gomez,0,,,,0.065,0.775,,0.635,,63.5,63.5,78.5,,0.5,89,89,,,,57955.5312,21.02,2,settled_won,early,won,89,110.02,21.02,0,,,0
bd2aeac0-d932-42a1-a0ee-053d990450d9,e5·m1·interim,live,ATP,Tennis Overreaction,aggressive,Federico Agustin Gomez — Niels McDonald,,F. A. Gomez,0,,,,0.095,0.775,,0.635,,63.5,63.5,78.5,,0.33,80,80,,,,57955.5312,18.9,2,settled_won,early,won,80,98.9,18.9,0,,,0
e46b80cc-99b0-417f-a945-9f94dd26a177,e5·m1·interim,live,ATP,Tennis Overreaction,medium,Federico Agustin Gomez — Niels McDonald,,F. A. Gomez,0,,,,0.095,0.775,,0.635,,63.5,63.5,78.5,,0.2,50,50,,,,57955.5312,11.81,2,settled_won,early,won,50,61.81,11.81,0,,,0
3ed35de7-d81f-496e-9705-7b5746eca721,e5·m1·interim,live,ATP,Tennis Overreaction,conservative,Federico Agustin Gomez — Niels McDonald,,F. A. Gomez,0,,,,0.095,0.775,,0.635,,63.5,63.5,78.5,,0.12,30,30,,,,57955.5312,7.09,2,settled_won,early,won,30,37.09,7.09,0,,,0
b9c5dc72-5634-4c6d-a581-72f5ffa022fe,e5·m1·interim,live,ATP,Tennis Overreaction,max,Federico Agustin Gomez — Niels McDonald,,F. A. Gomez,0,,,,0.095,0.775,,0.635,,63.5,63.5,78.5,,0.5,130,130,,,,57955.5312,30.71,2,settled_won,early,won,130,160.71,30.71,0,,,0
83c77064-5e2c-4179-811e-82300b37b62d,e5·m1·opus48,live,UEFA Champions League 2025,Overreaction,aggressive,FC Drita — FK Kauno Žalgiris,2:3,FC Drita,0,9,0,1,0.35,0.42,0.42,0.07,,6.5,7.1,22.9,-7,0.33,80,80,0,0.5,,96.5697,,0,settled_lost,match_score,lost,80,0,-80,3,take_price|take_price|take_price,22.8,670.88
cd6c7d74-bea3-421e-be4c-ee4c7dd8e4f3,e5·m1·opus48,live,UEFA Champions League 2025,Overreaction,medium,FC Drita — FK Kauno Žalgiris,2:3,FC Drita,0,9,0,1,0.35,0.42,0.42,0.07,,6.5,7.1,22.9,-7,0.2,50,50,0,0.5,,96.5697,,0,settled_lost,match_score,lost,50,0,-50,3,take_price|take_price|take_price,22.8,670.88
a697fa06-b93c-4c02-9f3c-bf710c259bc3,e5·m1·opus48,live,UEFA Champions League 2025,Overreaction,max,FC Drita — FK Kauno Žalgiris,2:3,FC Drita,0,9,0,1,0.35,0.42,0.42,0.07,,6.5,7.4,22.5,-7.3,0.5,187,187,0.3,0.5,,96.5697,,0,settled_lost,match_score,lost,187,0,-187,3,take_price|take_price|take_price,22.8,670.88
6261aa68-2c41-4f76-9686-9fd472737bbf,e5·m1·opus48,prematch,UEFA Champions League 2025,Pre-match Value,aggressive,Larne FC — Tre Fiori FC,2:1,Larne FC (-1.5),0,,0,0,0.055,0.72,0.59,0.665,,66.5,67.2,14.9,-67.1,0.33,54,54,0,0.62,0.807,4100.5452,-42.03,1,settled_lost,early,lost,54,11.97,-42.03,6,discretionary|counter_scenario|counter_scenario|discretionary|counter_scenario|counter_scenario,32.2,-96.46
4ce01fd9-3c24-4fc1-ae5a-79db2f84e03c,e5·m1·opus48,prematch,UEFA Champions League 2025,Pre-match Value,medium,Larne FC — Tre Fiori FC,2:1,Larne FC (-1.5),0,,0,0,0.055,0.72,0.59,0.665,,66.5,67.2,30.8,-67.1,0.2,32,32,0,0.62,0.807,4100.5452,-17.33,1,settled_lost,early,lost,32,14.67,-17.33,6,discretionary|counter_scenario|counter_scenario|discretionary|counter_scenario|counter_scenario,32.2,-96.46
e3ab9e4a-15fd-4905-8f33-708a5a65044c,e5·m1·opus48,prematch,UEFA Champions League 2025,Pre-match Value,max,Larne FC — Tre Fiori FC,2:1,Larne FC (-1.5),0,,0,0,0.055,0.72,0.59,0.665,,66.5,67.2,29.8,-67.1,0.5,82,82,0,0.62,0.807,4100.5452,-22.82,1,settled_lost,early,lost,41,18.18,-22.82,6,discretionary|counter_scenario|counter_scenario|discretionary|counter_scenario|counter_scenario,32.2,-96.46
315b2a02-394e-4fb6-bbb9-5188737447c9,e5·m1·opus48,prematch,ЧМ-2026,Pre-match Value,aggressive,France — Spain,0:2,Draw — No,0,,0,0,0.115,0.74,0.743,0.625,,62.5,63.2,65.5,36.8,0.33,80,80,0,0.55,0.743,7300.65,,0,settled_won,,won,80,126.58,46.58,1,take_price,96,25.95
5edec483-c1a6-4ecb-92c6-de9647744dc5,e5·m1·opus48,prematch,ЧМ-2026,Pre-match Value,aggressive,France — Spain,0:2,Will the Match Go to Extra Time? — No,0,,0,0,0.055,0.74,0.743,0.685,,68.5,69.2,100,30.3,0.33,57,57,0,0.55,0.743,16877.8324,,0,settled_won,,won,28.5,41.18,12.68,3,take_price|take_price|take_price,89.9,26.63
13865dc7-f70e-437c-81f6-594851f3739b,e5·m1·opus48,prematch,ЧМ-2026,Pre-match Value,medium,France — Spain,0:2,Draw — No,0,,0,0,0.115,0.74,0.743,0.625,,62.5,63.2,96,36.8,0.2,50,50,0,0.55,0.743,7300.65,25.95,1,settled_won,early,won,50,75.95,25.95,1,take_price,96,25.95
56cda38c-d222-47fe-84b9-eebd9815e93e,e5·m1·opus48,prematch,ЧМ-2026,Pre-match Value,medium,France — Spain,0:2,Will the Match Go to Extra Time? — No,0,,0,0,0.055,0.74,0.743,0.685,,68.5,69.2,100,30.3,0.2,34,34,0,0.55,0.743,16877.8324,,0,settled_won,,won,17,24.57,7.57,3,take_price|take_price|take_price,89.9,26.63
0855f777-d9b2-42a8-844d-5ce9344cb813,e5·m1·opus48,prematch,ЧМ-2026,Pre-match Value,max,France — Spain,0:2,Draw — No,0,,0,0,0.115,0.74,0.743,0.625,,62.5,63.2,65.5,36.8,0.5,153,153,0,0.55,0.743,7300.65,,0,settled_won,,won,153,242.09,89.09,1,take_price,96,25.95
ddf76694-6737-4eab-826a-e3e2445a35a7,e5·m1·opus48,prematch,ЧМ-2026,Pre-match Value,max,France — Spain,0:2,Will the Match Go to Extra Time? — No,0,,0,0,0.055,0.74,0.743,0.685,,68.5,69.2,100,30.3,0.5,87,87,0,0.55,0.743,16877.8324,,0,settled_won,,won,43.5,62.86,19.36,3,take_price|take_price|take_price,89.9,26.63
56f42be9-284d-4b0c-9818-72240fbf1198,e5·m1·opus48,prematch,Europa Conference League,Pre-match Value,aggressive,SP La Fiorita — FC UNA Strassen,0:2,Both Teams to Score,0,,0,0,0.097,0.512,0.512,0.415,,41.5,42.2,12.4,-41.7,0.33,54,54,0,0.45,0.512,4577.2387,-38.13,1,settled_lost,early,lost,54,15.87,-38.13,4,discretionary|discretionary|discretionary|discretionary,13.6,-144.14
9f949743-ce04-427c-8341-9b637e26be75,e5·m1·opus48,prematch,Europa Conference League,Pre-match Value,medium,SP La Fiorita — FC UNA Strassen,0:2,Both Teams to Score,0,,0,0,0.097,0.512,0.512,0.415,,41.5,42.2,16.3,-41.7,0.2,33,33,0,0.45,0.512,4577.2387,-20.25,1,settled_lost,early,lost,33,12.75,-20.25,4,discretionary|discretionary|discretionary|discretionary,13.6,-144.14
a43a0b96-ee67-4630-a4f0-417fc5bb432d,e5·m1·opus48,prematch,Europa Conference League,Pre-match Value,max,SP La Fiorita — FC UNA Strassen,0:2,Both Teams to Score,0,,0,0,0.097,0.512,0.512,0.415,,41.5,42.2,39.5,-41.7,0.5,82,82,0,0.45,0.512,4577.2387,,0,settled_lost,,lost,82,0,-82,4,settle|settle|settle|settle,13.6,-144.14
26cd025a-cac9-4a3a-a1e9-0b50d16e75bd,e5·m1·interim,live,ATP,Tennis Overreaction,aggressive,Yi Zhou — Stefan Kozlov,,Y. Zhou,0,,,,0.077,0.658,,0.553,,55.3,55.3,32.7,,0.33,56,56,,,,4255.60977,-22.89,2,settled_lost,early,lost,56,33.11,-22.89,0,,,0
ae2c6642-0cc8-421a-b74c-dc62173f4ca9,e5·m1·interim,live,ATP,Tennis Overreaction,medium,Yi Zhou — Stefan Kozlov,,Y. Zhou,0,,,,0.077,0.658,,0.553,,55.3,55.3,32.7,,0.2,34,34,,,,4255.60977,-13.9,2,settled_lost,early,lost,34,20.1,-13.9,0,,,0
1fd12b40-b711-4aaa-a9ee-693cf894184a,e5·m1·interim,live,ATP,Tennis Overreaction,conservative,Yi Zhou — Stefan Kozlov,,Y. Zhou,0,,,,0.077,0.658,,0.553,,55.3,55.3,32.7,,0.12,20,20,,,,4255.60977,-8.17,2,settled_lost,early,lost,20,11.83,-8.17,0,,,0
22341ef5-8c0b-49d1-ab9a-6723472fba46,e5·m1·interim,live,ATP,Tennis Overreaction,max,Yi Zhou — Stefan Kozlov,,Y. Zhou,0,,,,0.077,0.658,,0.553,,55.3,55.3,32.7,,0.5,86,86,,,,4255.60977,-35.15,2,settled_lost,early,lost,86,50.85,-35.15,0,,,0
07c68170-0677-4845-9632-f3aadd60a903,e5·m1·opus48,live,ЧМ-2026,Overreaction,aggressive,France — Spain,0:2,Team to Advance — France,0,23,0,1,0.1,0.47,0.47,0.37,,36.9,39.2,35.6,-39.1,0.33,53,53,0,0.55,,227285.9386,-4.87,2,settled_lost,early,lost,53,48.13,-4.87,3,thesis_stop|thesis_stop|thesis_stop,35.6,-15.16
11d8b2be-a7f7-4920-971e-92408717d86e,e5·m1·opus48,live,ЧМ-2026,Overreaction,medium,France — Spain,0:2,Team to Advance — France,0,23,0,1,0.1,0.47,0.47,0.37,,36.9,39.2,35.6,-39.1,0.2,32,32,0,0.55,,227285.9386,-2.94,2,settled_lost,early,lost,32,29.06,-2.94,3,thesis_stop|thesis_stop|thesis_stop,35.6,-15.16
d5969919-ca98-4b3f-909a-598784fd2e71,e5·m1·opus48,live,ЧМ-2026,Overreaction,max,France — Spain,0:2,Team to Advance — France,0,23,0,1,0.1,0.47,0.47,0.37,,36.9,39.2,35.6,-39.1,0.5,80,80,0,0.55,,227285.9386,-7.35,2,settled_lost,early,lost,80,72.65,-7.35,3,thesis_stop|thesis_stop|thesis_stop,35.6,-15.16
2d32d72e-1a92-4749-b681-e9eb80097c88,e5·m1·interim,prematch,ATP,Tennis PMV,aggressive,Fabian Marozsan — Juan Carlos Prado,,Croatia Open: Fabian Marozsan vs Juan Carlos Prado Match Over 22.5,0,,,,0.114,0.609,0.609,0.495,,49.5,49.5,49.5,,0.33,74,74,,,,4377,,0,settled_void,void,void,74,74,0,0,,,0
fb2a0ae9-8125-4f5c-9efd-d6db47411892,e5·m1·interim,prematch,ATP,Tennis PMV,medium,Fabian Marozsan — Juan Carlos Prado,,Croatia Open: Fabian Marozsan vs Juan Carlos Prado Match Over 22.5,0,,,,0.114,0.609,0.609,0.495,,49.5,49.5,49.5,,0.2,45,45,,,,4377,,0,settled_void,void,void,45,45,0,0,,,0
d5c72ba6-1689-4613-b0cb-60727f725c98,e5·m1·interim,prematch,ATP,Tennis PMV,conservative,Fabian Marozsan — Juan Carlos Prado,,Croatia Open: Fabian Marozsan vs Juan Carlos Prado Match Over 22.5,0,,,,0.114,0.609,0.609,0.495,,49.5,49.5,49.5,,0.12,27,27,,,,4377,,0,settled_void,void,void,27,27,0,0,,,0
e7425d94-0b4d-454f-9478-063c8e397bca,e5·m1·interim,prematch,ATP,Tennis PMV,max,Fabian Marozsan — Juan Carlos Prado,,Croatia Open: Fabian Marozsan vs Juan Carlos Prado Match Over 22.5,0,,,,0.114,0.609,0.609,0.495,,49.5,49.5,49.5,,0.5,112,112,,,,4377,,0,settled_void,void,void,112,112,0,0,,,0
4607bfa0-d903-4dd6-80c9-e6b6b483f1e7,e5·m1·interim,prematch,ATP,Tennis PMV,aggressive,Arthur Rinderknech — Clement Tabur,,Swiss Open: Arthur Rinderknech vs Clement Tabur Set 1 Under 9.5,0,,,,0.157,0.432,0.432,0.275,,27.5,27.5,0,,0.33,71,71,,,,937,,0,settled_lost,pm_resolution,lost,71,0,-71,0,,,0
d14f0137-eb02-4a0a-8756-bc35a3ff237f,e5·m1·interim,prematch,ATP,Tennis PMV,medium,Arthur Rinderknech — Clement Tabur,,Swiss Open: Arthur Rinderknech vs Clement Tabur Set 1 Under 9.5,0,,,,0.157,0.432,0.432,0.275,,27.5,27.5,0,,0.2,43,43,,,,937,,0,settled_lost,pm_resolution,lost,43,0,-43,0,,,0
e66a0e43-3cd8-4533-9818-2d51ab1d74e5,e5·m1·interim,prematch,ATP,Tennis PMV,conservative,Arthur Rinderknech — Clement Tabur,,Swiss Open: Arthur Rinderknech vs Clement Tabur Set 1 Under 9.5,0,,,,0.157,0.432,0.432,0.275,,27.5,27.5,0,,0.12,25,25,,,,937,,0,settled_lost,pm_resolution,lost,25,0,-25,0,,,0
a134602e-0217-40a4-a3b3-dbdf21348573,e5·m1·interim,prematch,ATP,Tennis PMV,max,Arthur Rinderknech — Clement Tabur,,Swiss Open: Arthur Rinderknech vs Clement Tabur Set 1 Under 9.5,0,,,,0.157,0.432,0.432,0.275,,27.5,27.5,0,,0.5,108,108,,,,937,,0,settled_lost,pm_resolution,lost,108,0,-108,0,,,0
63cfd66d-87d5-4f42-a322-97d4297dff11,e5·m1·interim,prematch,ATP,Tennis PMV,aggressive,Daniel Milavsky — Duncan Chan,,Granby: Daniel Milavsky vs Duncan Chan Match Over 21.5,0,,,,0.149,0.689,0.689,0.54,,54,54,0,-53.5,0.33,80,80,,,,5082,,0,settled_lost,pm_resolution,lost,80,0,-80,0,,,0
198dacb1-febd-43c6-aaba-da84ca90cb61,e5·m1·interim,prematch,ATP,Tennis PMV,medium,Daniel Milavsky — Duncan Chan,,Granby: Daniel Milavsky vs Duncan Chan Match Over 21.5,0,,,,0.149,0.689,0.689,0.54,,54,54,0,-53.5,0.2,50,50,,,,5082,,0,settled_lost,pm_resolution,lost,50,0,-50,0,,,0
2167a2b2-fa1d-4f65-b9b2-c83f178f6c01,e5·m1·interim,prematch,ATP,Tennis PMV,conservative,Daniel Milavsky — Duncan Chan,,Granby: Daniel Milavsky vs Duncan Chan Match Over 21.5,0,,,,0.149,0.689,0.689,0.54,,54,54,0,-53.5,0.12,30,30,,,,5082,,0,settled_lost,pm_resolution,lost,30,0,-30,0,,,0
69d54a40-55d8-43f5-9987-6be324beef61,e5·m1·interim,prematch,ATP,Tennis PMV,max,Daniel Milavsky — Duncan Chan,,Granby: Daniel Milavsky vs Duncan Chan Match Over 21.5,0,,,,0.149,0.689,0.689,0.54,,54,54,0,-53.5,0.5,161,161,,,,5082,,0,settled_lost,pm_resolution,lost,161,0,-161,0,,,0
efce9f9b-4732-465e-b811-10e6fa0cc3ef,e5·m1·interim,prematch,ATP,Tennis PMV,aggressive,Daniel Milavsky — Duncan Chan,,Granby: Daniel Milavsky vs Duncan Chan Total Sets: Over 2.5,0,,,,0.115,0.5,0.5,0.385,,38.5,38.5,0,-38,0.33,61,61,,,,4446,,0,settled_lost,pm_resolution,lost,61,0,-61,0,,,0
f006950c-6781-49f3-babd-56097f876a23,e5·m1·interim,prematch,ATP,Tennis PMV,medium,Daniel Milavsky — Duncan Chan,,Granby: Daniel Milavsky vs Duncan Chan Total Sets: Over 2.5,0,,,,0.115,0.5,0.5,0.385,,38.5,38.5,0,-38,0.2,37,37,,,,4446,,0,settled_lost,pm_resolution,lost,37,0,-37,0,,,0
21e3962a-9692-4c2c-9ccf-12549165a7eb,e5·m1·interim,prematch,ATP,Tennis PMV,conservative,Daniel Milavsky — Duncan Chan,,Granby: Daniel Milavsky vs Duncan Chan Total Sets: Over 2.5,0,,,,0.115,0.5,0.5,0.385,,38.5,38.5,0,-38,0.12,22,22,,,,4446,,0,settled_lost,pm_resolution,lost,22,0,-22,0,,,0
d7d81c13-4ecf-469c-ae04-ef18ca17738f,e5·m1·interim,prematch,ATP,Tennis PMV,max,Daniel Milavsky — Duncan Chan,,Granby: Daniel Milavsky vs Duncan Chan Total Sets: Over 2.5,0,,,,0.115,0.5,0.5,0.385,,38.5,38.5,0,-38,0.5,93,93,,,,4446,,0,settled_lost,pm_resolution,lost,93,0,-93,0,,,0
af7458e3-cc90-4fae-a966-a7b6679813a9,e5·m1·interim,prematch,ATP,Tennis PMV,aggressive,Andrej Nedic — Enrico Dalla Valle,,Cordenons: Andrej Nedic vs Enrico Dalla Valle Match Over 22.5,0,,,,0.156,0.611,0.611,0.455,,45.5,45.5,0,4.5,0.33,80,80,,,,1076,,0,settled_lost,pm_resolution,lost,80,0,-80,0,,,0
c57bb210-5c50-4906-b5f8-76a11d3e35dd,e5·m1·interim,prematch,ATP,Tennis PMV,medium,Andrej Nedic — Enrico Dalla Valle,,Cordenons: Andrej Nedic vs Enrico Dalla Valle Match Over 22.5,0,,,,0.156,0.611,0.611,0.455,,45.5,45.5,0,4.5,0.2,50,50,,,,1076,,0,settled_lost,pm_resolution,lost,50,0,-50,0,,,0
ab43eb9c-b4e7-4ef2-aced-a370ca4890c3,e5·m1·interim,prematch,ATP,Tennis PMV,conservative,Andrej Nedic — Enrico Dalla Valle,,Cordenons: Andrej Nedic vs Enrico Dalla Valle Match Over 22.5,0,,,,0.156,0.611,0.611,0.455,,45.5,45.5,0,4.5,0.12,30,30,,,,1076,,0,settled_lost,pm_resolution,lost,30,0,-30,0,,,0
2cf88f69-52d3-42a4-afb8-c5e0f6b65ec6,e5·m1·interim,prematch,ATP,Tennis PMV,max,Andrej Nedic — Enrico Dalla Valle,,Cordenons: Andrej Nedic vs Enrico Dalla Valle Match Over 22.5,0,,,,0.156,0.611,0.611,0.455,,45.5,45.5,0,4.5,0.5,143,143,,,,1076,,0,settled_lost,pm_resolution,lost,143,0,-143,0,,,0
ae90fd9e-f79e-444c-ae6b-51f023ead9bd,e5·m1·interim,prematch,ATP,Tennis PMV,aggressive,Andrej Nedic — Enrico Dalla Valle,,Cordenons: Andrej Nedic vs Enrico Dalla Valle Total Sets: Over 2.5,0,,,,0.104,0.499,0.499,0.395,,39.5,39.5,0,10.5,0.33,56,56,,,,5459,,0,settled_lost,pm_resolution,lost,56,0,-56,0,,,0
e7165414-a2a1-406a-ae44-26893934cf88,e5·m1·interim,prematch,ATP,Tennis PMV,medium,Andrej Nedic — Enrico Dalla Valle,,Cordenons: Andrej Nedic vs Enrico Dalla Valle Total Sets: Over 2.5,0,,,,0.104,0.499,0.499,0.395,,39.5,39.5,0,10.5,0.2,34,34,,,,5459,,0,settled_lost,pm_resolution,lost,34,0,-34,0,,,0
28fccd04-6fcc-4a60-823b-25c879f8da77,e5·m1·interim,prematch,ATP,Tennis PMV,conservative,Andrej Nedic — Enrico Dalla Valle,,Cordenons: Andrej Nedic vs Enrico Dalla Valle Total Sets: Over 2.5,0,,,,0.104,0.499,0.499,0.395,,39.5,39.5,0,10.5,0.12,20,20,,,,5459,,0,settled_lost,pm_resolution,lost,20,0,-20,0,,,0
d4e25492-02b2-470d-a964-8ce6cdf157e6,e5·m1·interim,prematch,ATP,Tennis PMV,max,Andrej Nedic — Enrico Dalla Valle,,Cordenons: Andrej Nedic vs Enrico Dalla Valle Total Sets: Over 2.5,0,,,,0.104,0.499,0.499,0.395,,39.5,39.5,0,10.5,0.5,85,85,,,,5459,,0,settled_lost,pm_resolution,lost,85,0,-85,0,,,0
fde7e5dd-81bf-4892-9ea1-11f6d9da4f9a,e5·m1·interim,prematch,ATP,Tennis PMV,aggressive,Marco Trungelliti — Alejandro Davidovich Fokina,,Croatia Open: Marco Trungelliti vs Alejandro Davidovich Fokina Match Over 21.5,0,,,,0.174,0.649,0.649,0.475,,47.5,47.5,100,52,0.33,80,80,,,,844,,0,settled_won,pm_resolution,won,80,168.42,88.42,0,,,0
5b3006dc-a986-47ba-a929-cf5503e355c9,e5·m1·interim,prematch,ATP,Tennis PMV,medium,Marco Trungelliti — Alejandro Davidovich Fokina,,Croatia Open: Marco Trungelliti vs Alejandro Davidovich Fokina Match Over 21.5,0,,,,0.174,0.649,0.649,0.475,,47.5,47.5,100,52,0.2,50,50,,,,844,,0,settled_won,pm_resolution,won,50,105.26,55.26,0,,,0
803cc3c1-dd7e-49b2-be53-c17df5844a80,e5·m1·interim,prematch,ATP,Tennis PMV,conservative,Marco Trungelliti — Alejandro Davidovich Fokina,,Croatia Open: Marco Trungelliti vs Alejandro Davidovich Fokina Match Over 21.5,0,,,,0.174,0.649,0.649,0.475,,47.5,47.5,100,52,0.12,30,30,,,,844,,0,settled_won,pm_resolution,won,30,63.16,33.16,0,,,0
d8e31381-5064-438b-9781-ea5e79015dd2,e5·m1·interim,prematch,ATP,Tennis PMV,max,Marco Trungelliti — Alejandro Davidovich Fokina,,Croatia Open: Marco Trungelliti vs Alejandro Davidovich Fokina Match Over 21.5,0,,,,0.174,0.649,0.649,0.475,,47.5,47.5,100,52,0.5,165,165,,,,844,,0,settled_won,pm_resolution,won,165,347.37,182.37,0,,,0
22a5a57b-ddd0-469d-9e10-15736e37081c,e5·m1·interim,prematch,ATP,Tennis PMV,aggressive,Darwin Blanch — Bernard Tomic,,Lincoln: Darwin Blanch vs Bernard Tomic Match Over 21.5,0,,,,0.132,0.662,0.662,0.53,,53,53,100,,0.33,80,80,,,,4852,,0,settled_won,pm_resolution,won,80,150.94,70.94,0,,,0
8f1e7627-d8db-4732-a2c7-258bac52b379,e5·m1·interim,prematch,ATP,Tennis PMV,medium,Darwin Blanch — Bernard Tomic,,Lincoln: Darwin Blanch vs Bernard Tomic Match Over 21.5,0,,,,0.132,0.662,0.662,0.53,,53,53,100,,0.2,50,50,,,,4852,,0,settled_won,pm_resolution,won,50,94.34,44.34,0,,,0
cdcdb8e2-b2e6-4822-96bb-5b404e26d61f,e5·m1·interim,prematch,ATP,Tennis PMV,conservative,Darwin Blanch — Bernard Tomic,,Lincoln: Darwin Blanch vs Bernard Tomic Match Over 21.5,0,,,,0.132,0.662,0.662,0.53,,53,53,100,,0.12,30,30,,,,4852,,0,settled_won,pm_resolution,won,30,56.6,26.6,0,,,0
e6dda5cf-3b44-4796-a684-d7cea4f51139,e5·m1·interim,prematch,ATP,Tennis PMV,max,Darwin Blanch — Bernard Tomic,,Lincoln: Darwin Blanch vs Bernard Tomic Match Over 21.5,0,,,,0.132,0.662,0.662,0.53,,53,53,100,,0.5,140,140,,,,4852,,0,settled_won,pm_resolution,won,140,264.15,124.15,0,,,0
5d71da85-5aac-44de-af67-c9a7992e99c6,e5·m1·interim,prematch,ATP,Tennis PMV,aggressive,Darwin Blanch — Bernard Tomic,,Lincoln: Darwin Blanch vs Bernard Tomic Total Sets: Over 2.5,0,,,,0.084,0.479,0.479,0.395,,39.5,39.5,100,,0.33,45,45,,,,5622,,0,settled_won,pm_resolution,won,45,113.92,68.92,0,,,0
7a70df9f-730b-4937-b515-2ce57d1607ed,e5·m1·interim,prematch,ATP,Tennis PMV,medium,Darwin Blanch — Bernard Tomic,,Lincoln: Darwin Blanch vs Bernard Tomic Total Sets: Over 2.5,0,,,,0.084,0.479,0.479,0.395,,39.5,39.5,100,,0.2,27,27,,,,5622,,0,settled_won,pm_resolution,won,27,68.35,41.35,0,,,0
417f67e9-376a-48ad-a6c2-18f96c68b2b7,e5·m1·interim,prematch,ATP,Tennis PMV,conservative,Darwin Blanch — Bernard Tomic,,Lincoln: Darwin Blanch vs Bernard Tomic Total Sets: Over 2.5,0,,,,0.084,0.479,0.479,0.395,,39.5,39.5,100,,0.12,16,16,,,,5622,,0,settled_won,pm_resolution,won,16,40.51,24.51,0,,,0
6b5e8d2e-1ebe-4590-b9f0-041078ca7b7d,e5·m1·interim,prematch,ATP,Tennis PMV,max,Darwin Blanch — Bernard Tomic,,Lincoln: Darwin Blanch vs Bernard Tomic Total Sets: Over 2.5,0,,,,0.084,0.479,0.479,0.395,,39.5,39.5,100,,0.5,69,69,,,,5622,,0,settled_won,pm_resolution,won,69,174.68,105.68,0,,,0
30c66e04-999e-4e30-b11b-bcb69a153744,e5·m1·interim,prematch,ATP,Tennis PMV,aggressive,Spencer Johnson — Remy Bertola,,Lincoln: Spencer Johnson vs Remy Bertola Match Over 21.5,0,,,,0.124,0.689,0.689,0.565,,56.5,56.5,0,-56,0.33,80,80,,,,4668,,0,settled_lost,pm_resolution,lost,80,0,-80,0,,,0
4974e3bb-506f-49e3-862e-dc54b13cbbd4,e5·m1·interim,prematch,ATP,Tennis PMV,medium,Spencer Johnson — Remy Bertola,,Lincoln: Spencer Johnson vs Remy Bertola Match Over 21.5,0,,,,0.124,0.689,0.689,0.565,,56.5,56.5,0,-56,0.2,50,50,,,,4668,,0,settled_lost,pm_resolution,lost,50,0,-50,0,,,0
2a30afde-19b6-4b6c-b1d9-a3e097bf7b57,e5·m1·interim,prematch,ATP,Tennis PMV,conservative,Spencer Johnson — Remy Bertola,,Lincoln: Spencer Johnson vs Remy Bertola Match Over 21.5,0,,,,0.124,0.689,0.689,0.565,,56.5,56.5,0,-56,0.12,30,30,,,,4668,,0,settled_lost,pm_resolution,lost,30,0,-30,0,,,0
ace4a0e1-868a-4672-b5c3-fbf46bf26b3c,e5·m1·interim,prematch,ATP,Tennis PMV,max,Spencer Johnson — Remy Bertola,,Lincoln: Spencer Johnson vs Remy Bertola Match Over 21.5,0,,,,0.124,0.689,0.689,0.565,,56.5,56.5,0,-56,0.5,142,142,,,,4668,,0,settled_lost,pm_resolution,lost,142,0,-142,0,,,0
9c31991f-c5b0-43d0-9f67-f028c248d624,e5·m1·interim,prematch,ATP,Tennis PMV,aggressive,Mark Lajal — Trevor Svajda,,Lincoln: Mark Lajal vs Trevor Svajda Match Over 21.5,0,,,,0.154,0.689,0.689,0.535,,53.5,53.5,100,22,0.33,80,80,,,,6169,,0,settled_won,pm_resolution,won,80,149.53,69.53,0,,,0
842647ce-3811-44f8-b8a9-f2d64f439b86,e5·m1·interim,prematch,ATP,Tennis PMV,medium,Mark Lajal — Trevor Svajda,,Lincoln: Mark Lajal vs Trevor Svajda Match Over 21.5,0,,,,0.154,0.689,0.689,0.535,,53.5,53.5,100,22,0.2,50,50,,,,6169,,0,settled_won,pm_resolution,won,50,93.46,43.46,0,,,0
c99b6514-8a69-4809-83c9-2acfed763515,e5·m1·interim,prematch,ATP,Tennis PMV,conservative,Mark Lajal — Trevor Svajda,,Lincoln: Mark Lajal vs Trevor Svajda Match Over 21.5,0,,,,0.154,0.689,0.689,0.535,,53.5,53.5,100,22,0.12,30,30,,,,6169,,0,settled_won,pm_resolution,won,30,56.07,26.07,0,,,0
7f002bc3-9e5a-4799-903e-f8be366ebd36,e5·m1·interim,prematch,ATP,Tennis PMV,max,Mark Lajal — Trevor Svajda,,Lincoln: Mark Lajal vs Trevor Svajda Match Over 21.5,0,,,,0.154,0.689,0.689,0.535,,53.5,53.5,100,22,0.5,165,165,,,,6169,,0,settled_won,pm_resolution,won,165,308.41,143.41,0,,,0
7c036b77-fe60-4b4f-9a05-fabd8e3f80c4,e5·m1·interim,prematch,ATP,Tennis PMV,aggressive,Masamichi Imamura — James McCabe,,Lincoln: Masamichi Imamura vs James McCabe Match Over 21.5,0,,,,0.153,0.683,0.683,0.53,,53,53,100,-3,0.33,80,80,,,,5869,,0,settled_won,pm_resolution,won,80,150.94,70.94,0,,,0
31e73d9b-93fa-4e30-bd82-91ef39d31e2d,e5·m1·interim,prematch,ATP,Tennis PMV,medium,Masamichi Imamura — James McCabe,,Lincoln: Masamichi Imamura vs James McCabe Match Over 21.5,0,,,,0.153,0.683,0.683,0.53,,53,53,100,-3,0.2,50,50,,,,5869,,0,settled_won,pm_resolution,won,50,94.34,44.34,0,,,0
d1d4e0a5-dfe4-49b5-b2a1-498ea2930783,e5·m1·interim,prematch,ATP,Tennis PMV,conservative,Masamichi Imamura — James McCabe,,Lincoln: Masamichi Imamura vs James McCabe Match Over 21.5,0,,,,0.153,0.683,0.683,0.53,,53,53,100,-3,0.12,30,30,,,,5869,,0,settled_won,pm_resolution,won,30,56.6,26.6,0,,,0
1f1dd002-17b6-488e-bf53-e758c67d5718,e5·m1·interim,prematch,ATP,Tennis PMV,max,Masamichi Imamura — James McCabe,,Lincoln: Masamichi Imamura vs James McCabe Match Over 21.5,0,,,,0.153,0.683,0.683,0.53,,53,53,100,-3,0.5,162,162,,,,5869,,0,settled_won,pm_resolution,won,162,305.66,143.66,0,,,0
75575e60-ece9-4c66-8337-1f563f5e50e7,e5·m1·interim,prematch,ATP,Tennis PMV,aggressive,Masamichi Imamura — James McCabe,,Lincoln: Masamichi Imamura vs James McCabe Total Sets: Over 2.5,0,,,,0.101,0.491,0.491,0.39,,39,39,0,11,0.33,54,54,,,,4480,,0,settled_lost,pm_resolution,lost,54,0,-54,0,,,0
4b4fbc67-921a-47d1-b5fa-85a329bfc7dd,e5·m1·interim,prematch,ATP,Tennis PMV,medium,Masamichi Imamura — James McCabe,,Lincoln: Masamichi Imamura vs James McCabe Total Sets: Over 2.5,0,,,,0.101,0.491,0.491,0.39,,39,39,0,11,0.2,33,33,,,,4480,,0,settled_lost,pm_resolution,lost,33,0,-33,0,,,0
b3ef5fda-5609-4f48-87f5-b2e31f6818d0,e5·m1·interim,prematch,ATP,Tennis PMV,conservative,Masamichi Imamura — James McCabe,,Lincoln: Masamichi Imamura vs James McCabe Total Sets: Over 2.5,0,,,,0.101,0.491,0.491,0.39,,39,39,0,11,0.12,19,19,,,,4480,,0,settled_lost,pm_resolution,lost,19,0,-19,0,,,0
168c3d90-9c5b-4876-8957-40b26616fcc2,e5·m1·interim,prematch,ATP,Tennis PMV,max,Masamichi Imamura — James McCabe,,Lincoln: Masamichi Imamura vs James McCabe Total Sets: Over 2.5,0,,,,0.101,0.491,0.491,0.39,,39,39,0,11,0.5,82,82,,,,4480,,0,settled_lost,pm_resolution,lost,82,0,-82,0,,,0
5013bf68-c1d5-4509-966a-a126a69c0aef,e5·m1·interim,prematch,ATP,Tennis PMV,aggressive,Dhakshineswar Suresh — Moez Echargui,,Lincoln: Dhakshineswar Suresh vs Moez Echargui Match Over 21.5,0,,,,0.174,0.674,0.674,0.5,,50,50,100,0,0.33,80,80,,,,5378,,0,settled_won,pm_resolution,won,80,160,80,0,,,0
09075cde-e45c-4329-a6f6-ca11e31f15d2,e5·m1·interim,prematch,ATP,Tennis PMV,medium,Dhakshineswar Suresh — Moez Echargui,,Lincoln: Dhakshineswar Suresh vs Moez Echargui Match Over 21.5,0,,,,0.174,0.674,0.674,0.5,,50,50,100,0,0.2,50,50,,,,5378,,0,settled_won,pm_resolution,won,50,100,50,0,,,0
93e813ac-e7a3-424a-9fc6-122bc31f596b,e5·m1·interim,prematch,ATP,Tennis PMV,conservative,Dhakshineswar Suresh — Moez Echargui,,Lincoln: Dhakshineswar Suresh vs Moez Echargui Match Over 21.5,0,,,,0.174,0.674,0.674,0.5,,50,50,100,0,0.12,30,30,,,,5378,,0,settled_won,pm_resolution,won,30,60,30,0,,,0
db424495-089b-4f56-b4ae-b81f6b93fbd5,e5·m1·interim,prematch,ATP,Tennis PMV,max,Dhakshineswar Suresh — Moez Echargui,,Lincoln: Dhakshineswar Suresh vs Moez Echargui Match Over 21.5,0,,,,0.174,0.674,0.674,0.5,,50,50,100,0,0.5,174,174,,,,5378,,0,settled_won,pm_resolution,won,174,348,174,0,,,0
8499bcd9-5a54-4136-9cca-66c7fa42e777,e5·m1·interim,prematch,ATP,Tennis PMV,aggressive,Dhakshineswar Suresh — Moez Echargui,,Lincoln: Dhakshineswar Suresh vs Moez Echargui Set Handicap +/-1.5,0,,,,0.128,0.628,0.628,0.5,,50,50,50,,0.33,70,70,,,,5363,,0,settled_void,void,void,70,70,0,0,,,0
6f9b95e6-67f7-47ef-85c5-bd7532dbe2be,e5·m1·interim,prematch,ATP,Tennis PMV,medium,Dhakshineswar Suresh — Moez Echargui,,Lincoln: Dhakshineswar Suresh vs Moez Echargui Set Handicap +/-1.5,0,,,,0.128,0.628,0.628,0.5,,50,50,50,,0.2,50,50,,,,5363,,0,settled_void,void,void,50,50,0,0,,,0
11e31b2e-17fe-4613-8171-d1560f3eb9a4,e5·m1·interim,prematch,ATP,Tennis PMV,conservative,Dhakshineswar Suresh — Moez Echargui,,Lincoln: Dhakshineswar Suresh vs Moez Echargui Set Handicap +/-1.5,0,,,,0.128,0.628,0.628,0.5,,50,50,50,,0.12,30,30,,,,5363,,0,settled_void,void,void,30,30,0,0,,,0
008eb37e-9da8-4064-8685-a6499ef20c73,e5·m1·interim,prematch,ATP,Tennis PMV,max,Dhakshineswar Suresh — Moez Echargui,,Lincoln: Dhakshineswar Suresh vs Moez Echargui Set Handicap +/-1.5,0,,,,0.128,0.628,0.628,0.5,,50,50,50,,0.5,128,128,,,,5363,,0,settled_void,void,void,128,128,0,0,,,0
5e13c1e7-b109-4029-b6ff-5f8ccdab47d9,e5·m1·interim,prematch,ATP,Tennis PMV,aggressive,Hayato Matsuoka — Hiroki Moriya,,Lincoln: Hayato Matsuoka vs Hiroki Moriya Total Sets: Under 2.5,0,,,,0.172,0.672,0.672,0.5,,50,50,100,50,0.33,80,80,,,,4504,,0,settled_won,pm_resolution,won,80,160,80,0,,,0
a1506f97-2035-4259-9a03-ea46c93463cf,e5·m1·interim,prematch,ATP,Tennis PMV,medium,Hayato Matsuoka — Hiroki Moriya,,Lincoln: Hayato Matsuoka vs Hiroki Moriya Total Sets: Under 2.5,0,,,,0.172,0.672,0.672,0.5,,50,50,100,50,0.2,50,50,,,,4504,,0,settled_won,pm_resolution,won,50,100,50,0,,,0
35c6b9b3-92c4-4f71-bbf4-bc2f702a0954,e5·m1·interim,prematch,ATP,Tennis PMV,conservative,Hayato Matsuoka — Hiroki Moriya,,Lincoln: Hayato Matsuoka vs Hiroki Moriya Total Sets: Under 2.5,0,,,,0.172,0.672,0.672,0.5,,50,50,100,50,0.12,30,30,,,,4504,,0,settled_won,pm_resolution,won,30,60,30,0,,,0
5fa437b6-7101-4bb8-9e44-f7b4f80b7daa,e5·m1·interim,prematch,ATP,Tennis PMV,max,Hayato Matsuoka — Hiroki Moriya,,Lincoln: Hayato Matsuoka vs Hiroki Moriya Total Sets: Under 2.5,0,,,,0.172,0.672,0.672,0.5,,50,50,100,50,0.5,172,172,,,,4504,,0,settled_won,pm_resolution,won,172,344,172,0,,,0
ca336b6f-0e4d-4e4f-a8b7-ae03fcc91e47,e5·m1·interim,prematch,ATP,Tennis PMV,aggressive,Hayato Matsuoka — Hiroki Moriya,,Lincoln: Hayato Matsuoka vs Hiroki Moriya Match Under 22.5,0,,,,0.113,0.613,0.613,0.5,,50,50,100,50,0.33,70,70,,,,6161,,0,settled_won,pm_resolution,won,70,140,70,0,,,0
0e492068-97f4-41a2-8da0-b7d52da31070,e5·m1·interim,prematch,ATP,Tennis PMV,medium,Hayato Matsuoka — Hiroki Moriya,,Lincoln: Hayato Matsuoka vs Hiroki Moriya Match Under 22.5,0,,,,0.113,0.613,0.613,0.5,,50,50,100,50,0.2,45,45,,,,6161,,0,settled_won,pm_resolution,won,45,90,45,0,,,0
16b1e0d4-1ffc-4dc4-9f55-b6b59f7e8465,e5·m1·interim,prematch,ATP,Tennis PMV,conservative,Hayato Matsuoka — Hiroki Moriya,,Lincoln: Hayato Matsuoka vs Hiroki Moriya Match Under 22.5,0,,,,0.113,0.613,0.613,0.5,,50,50,100,50,0.12,27,27,,,,6161,,0,settled_won,pm_resolution,won,27,54,27,0,,,0
2fe0af7b-c2a8-4b13-a27d-c2cea3b3290d,e5·m1·interim,prematch,ATP,Tennis PMV,max,Hayato Matsuoka — Hiroki Moriya,,Lincoln: Hayato Matsuoka vs Hiroki Moriya Match Under 22.5,0,,,,0.113,0.613,0.613,0.5,,50,50,100,50,0.5,112,112,,,,6161,,0,settled_won,pm_resolution,won,112,224,112,0,,,0
0cde8e39-38e3-4666-b2a2-6cdb3c6269fa,e5·m1·interim,prematch,ATP,Tennis PMV,aggressive,Liam Draxl — James Kent Trotter,,Granby: Liam Draxl vs James Kent Trotter Match Over 21.5,0,,,,0.113,0.628,0.628,0.515,,51.5,51.5,100,48,0.33,76,76,,,,4609,,0,settled_won,pm_resolution,won,76,147.57,71.57,0,,,0
c82828c4-f7b9-4f5e-8ea6-d7ce813bc570,e5·m1·interim,prematch,ATP,Tennis PMV,medium,Liam Draxl — James Kent Trotter,,Granby: Liam Draxl vs James Kent Trotter Match Over 21.5,0,,,,0.113,0.628,0.628,0.515,,51.5,51.5,100,48,0.2,46,46,,,,4609,,0,settled_won,pm_resolution,won,46,89.32,43.32,0,,,0
e1237422-6a45-4fa1-9612-09bcaedbf6a2,e5·m1·interim,prematch,ATP,Tennis PMV,conservative,Liam Draxl — James Kent Trotter,,Granby: Liam Draxl vs James Kent Trotter Match Over 21.5,0,,,,0.113,0.628,0.628,0.515,,51.5,51.5,100,48,0.12,27,27,,,,4609,,0,settled_won,pm_resolution,won,27,52.43,25.43,0,,,0
f4c6ed18-4e35-493c-ad9f-3962d237966c,e5·m1·interim,prematch,ATP,Tennis PMV,max,Liam Draxl — James Kent Trotter,,Granby: Liam Draxl vs James Kent Trotter Match Over 21.5,0,,,,0.113,0.628,0.628,0.515,,51.5,51.5,100,48,0.5,116,116,,,,4609,,0,settled_won,pm_resolution,won,116,225.24,109.24,0,,,0
675c1205-d5bc-45dd-be05-a28bea62a422,e5·m1·interim,prematch,ATP,Tennis PMV,aggressive,Liam Draxl — James Kent Trotter,,Granby: Liam Draxl vs James Kent Trotter Total Sets: Over 2.5,0,,,,0.11,0.45,0.45,0.34,,34,34,100,65.5,0.33,55,55,,,,3926,,0,settled_won,pm_resolution,won,55,161.76,106.76,0,,,0
dc2ee281-186e-4a9e-835d-b42bd504dc2d,e5·m1·interim,prematch,ATP,Tennis PMV,medium,Liam Draxl — James Kent Trotter,,Granby: Liam Draxl vs James Kent Trotter Total Sets: Over 2.5,0,,,,0.11,0.45,0.45,0.34,,34,34,100,65.5,0.2,33,33,,,,3926,,0,settled_won,pm_resolution,won,33,97.06,64.06,0,,,0
9276f094-0e83-4865-956c-c91bd924c7be,e5·m1·interim,prematch,ATP,Tennis PMV,conservative,Liam Draxl — James Kent Trotter,,Granby: Liam Draxl vs James Kent Trotter Total Sets: Over 2.5,0,,,,0.11,0.45,0.45,0.34,,34,34,100,65.5,0.12,19,19,,,,3926,,0,settled_won,pm_resolution,won,19,55.88,36.88,0,,,0
7a287bd5-736c-48a1-88b4-b2e99e2c2bd0,e5·m1·interim,prematch,ATP,Tennis PMV,max,Liam Draxl — James Kent Trotter,,Granby: Liam Draxl vs James Kent Trotter Total Sets: Over 2.5,0,,,,0.11,0.45,0.45,0.34,,34,34,100,65.5,0.5,83,83,,,,3926,,0,settled_won,pm_resolution,won,83,244.12,161.12,0,,,0
d5c8af5d-4bab-4c89-a9a3-cc2603878514,e5·m1·interim,prematch,ATP,Tennis PMV,aggressive,Christian Langmo — Yibing Wu,,Lincoln: Christian Langmo vs Yibing Wu Match Over 21.5,0,,,,0.086,0.561,0.561,0.475,,47.5,47.5,0,-22.5,0.33,54,54,,,,5137,,0,settled_lost,pm_resolution,lost,54,0,-54,0,,,0
b8e6c257-2add-4ccd-9765-0274f1d23812,e5·m1·interim,prematch,ATP,Tennis PMV,medium,Christian Langmo — Yibing Wu,,Lincoln: Christian Langmo vs Yibing Wu Match Over 21.5,0,,,,0.086,0.561,0.561,0.475,,47.5,47.5,0,-22.5,0.2,32,32,,,,5137,,0,settled_lost,pm_resolution,lost,32,0,-32,0,,,0
c3a4b3af-1d07-427d-8a53-4a47fb9ff512,e5·m1·interim,prematch,ATP,Tennis PMV,conservative,Christian Langmo — Yibing Wu,,Lincoln: Christian Langmo vs Yibing Wu Match Over 21.5,0,,,,0.086,0.561,0.561,0.475,,47.5,47.5,0,-22.5,0.12,19,19,,,,5137,,0,settled_lost,pm_resolution,lost,19,0,-19,0,,,0
3b17c717-f7ad-4cc2-92c8-4bca1652e64d,e5·m1·interim,prematch,ATP,Tennis PMV,max,Christian Langmo — Yibing Wu,,Lincoln: Christian Langmo vs Yibing Wu Match Over 21.5,0,,,,0.086,0.561,0.561,0.475,,47.5,47.5,0,-22.5,0.5,81,81,,,,5137,,0,settled_lost,pm_resolution,lost,81,0,-81,0,,,0
4a0e047e-1be7-435a-95a4-21d61bdd817c,e5·m1·interim,prematch,ATP,Tennis PMV,aggressive,Christian Langmo — Yibing Wu,,Lincoln: Christian Langmo vs Yibing Wu Total Sets: Over 2.5,0,,,,0.07,0.375,0.375,0.305,,30.5,30.5,0,-13,0.33,33,33,,,,4421,,0,settled_lost,pm_resolution,lost,33,0,-33,0,,,0
647b7a30-5159-4795-9006-4ef4ccb2806f,e5·m1·interim,prematch,ATP,Tennis PMV,medium,Christian Langmo — Yibing Wu,,Lincoln: Christian Langmo vs Yibing Wu Total Sets: Over 2.5,0,,,,0.07,0.375,0.375,0.305,,30.5,30.5,0,-13,0.2,20,20,,,,4421,,0,settled_lost,pm_resolution,lost,20,0,-20,0,,,0
e050924f-67de-4dd2-9130-466c9d447462,e5·m1·interim,prematch,ATP,Tennis PMV,conservative,Christian Langmo — Yibing Wu,,Lincoln: Christian Langmo vs Yibing Wu Total Sets: Over 2.5,0,,,,0.07,0.375,0.375,0.305,,30.5,30.5,0,-13,0.12,12,12,,,,4421,,0,settled_lost,pm_resolution,lost,12,0,-12,0,,,0
7745bd06-0cb8-4fe9-ba39-22fd944a6080,e5·m1·interim,prematch,ATP,Tennis PMV,max,Christian Langmo — Yibing Wu,,Lincoln: Christian Langmo vs Yibing Wu Total Sets: Over 2.5,0,,,,0.07,0.375,0.375,0.305,,30.5,30.5,0,-13,0.5,50,50,,,,4421,,0,settled_lost,pm_resolution,lost,50,0,-50,0,,,0
2baa1dbb-f733-4367-bb69-ce12262dc54e,e5·m1·interim,prematch,ATP,Tennis PMV,aggressive,Sasha Rozin — Keegan Rice,,Granby: Sasha Rozin vs Keegan Rice Match Over 21.5,0,,,,0.167,0.687,0.687,0.52,,52,52,100,47.5,0.33,80,80,,,,1354,,0,settled_won,pm_resolution,won,80,153.85,73.85,0,,,0
5f1a8288-9d8b-4bf0-b508-b5b0a2866905,e5·m1·interim,prematch,ATP,Tennis PMV,medium,Sasha Rozin — Keegan Rice,,Granby: Sasha Rozin vs Keegan Rice Match Over 21.5,0,,,,0.167,0.687,0.687,0.52,,52,52,100,47.5,0.2,50,50,,,,1354,,0,settled_won,pm_resolution,won,50,96.15,46.15,0,,,0
c3d9907f-25e9-4f5a-bbe1-1ad41d3a8f8a,e5·m1·interim,prematch,ATP,Tennis PMV,conservative,Sasha Rozin — Keegan Rice,,Granby: Sasha Rozin vs Keegan Rice Match Over 21.5,0,,,,0.167,0.687,0.687,0.52,,52,52,100,47.5,0.12,30,30,,,,1354,,0,settled_won,pm_resolution,won,30,57.69,27.69,0,,,0
6afb3664-082e-4bd2-9b6b-b1837a444608,e5·m1·interim,prematch,ATP,Tennis PMV,max,Sasha Rozin — Keegan Rice,,Granby: Sasha Rozin vs Keegan Rice Match Over 21.5,0,,,,0.167,0.687,0.687,0.52,,52,52,100,47.5,0.5,173,173,,,,1354,,0,settled_won,pm_resolution,won,173,332.69,159.69,0,,,0
89b0ddea-817e-46e3-99fc-0307f67ccb2c,e5·m1·interim,prematch,ATP,Tennis PMV,aggressive,Sasha Rozin — Keegan Rice,,Granby: Sasha Rozin vs Keegan Rice Total Sets: Over 2.5,0,,,,0.12,0.495,0.495,0.375,,37.5,37.5,0,-37,0.33,63,63,,,,970,,0,settled_lost,pm_resolution,lost,63,0,-63,0,,,0
875be4f2-e0ab-4bc1-8f8a-7127713d7b0c,e5·m1·interim,prematch,ATP,Tennis PMV,medium,Sasha Rozin — Keegan Rice,,Granby: Sasha Rozin vs Keegan Rice Total Sets: Over 2.5,0,,,,0.12,0.495,0.495,0.375,,37.5,37.5,0,-37,0.2,38,38,,,,970,,0,settled_lost,pm_resolution,lost,38,0,-38,0,,,0
ab4bf133-9679-4060-9690-078170a3dd3a,e5·m1·interim,prematch,ATP,Tennis PMV,conservative,Sasha Rozin — Keegan Rice,,Granby: Sasha Rozin vs Keegan Rice Total Sets: Over 2.5,0,,,,0.12,0.495,0.495,0.375,,37.5,37.5,0,-37,0.12,23,23,,,,970,,0,settled_lost,pm_resolution,lost,23,0,-23,0,,,0
565431c5-5103-42c2-8e78-8db723c9c22e,e5·m1·interim,prematch,ATP,Tennis PMV,max,Sasha Rozin — Keegan Rice,,Granby: Sasha Rozin vs Keegan Rice Total Sets: Over 2.5,0,,,,0.12,0.495,0.495,0.375,,37.5,37.5,0,-37,0.5,96,96,,,,970,,0,settled_lost,pm_resolution,lost,96,0,-96,0,,,0
61c9cf9c-e4cf-4de5-9c2e-ef88beee985f,e5·m1·interim,prematch,ATP,Tennis PMV,aggressive,Evan Zhu — Yunchaokete Bu,,Lincoln: Evan Zhu vs Yunchaokete Bu Total Sets: Under 2.5,0,,,,0.102,0.602,0.602,0.5,,50,50,0,-49.5,0.33,67,67,,,,3550,,0,settled_lost,pm_resolution,lost,67,0,-67,0,,,0
df9150c1-eb05-4642-8041-abe1b56718c4,e5·m1·interim,prematch,ATP,Tennis PMV,medium,Evan Zhu — Yunchaokete Bu,,Lincoln: Evan Zhu vs Yunchaokete Bu Total Sets: Under 2.5,0,,,,0.102,0.602,0.602,0.5,,50,50,0,-49.5,0.2,40,40,,,,3550,,0,settled_lost,pm_resolution,lost,40,0,-40,0,,,0
3cdf3c5c-b38f-432d-bc0f-f86f5ae4388d,e5·m1·interim,prematch,ATP,Tennis PMV,conservative,Evan Zhu — Yunchaokete Bu,,Lincoln: Evan Zhu vs Yunchaokete Bu Total Sets: Under 2.5,0,,,,0.102,0.602,0.602,0.5,,50,50,0,-49.5,0.12,24,24,,,,3550,,0,settled_lost,pm_resolution,lost,24,0,-24,0,,,0
94860946-c52e-463e-af8d-dfdc64e4b660,e5·m1·interim,prematch,ATP,Tennis PMV,max,Evan Zhu — Yunchaokete Bu,,Lincoln: Evan Zhu vs Yunchaokete Bu Total Sets: Under 2.5,0,,,,0.102,0.602,0.602,0.5,,50,50,0,-49.5,0.5,101,101,,,,3550,,0,settled_lost,pm_resolution,lost,101,0,-101,0,,,0
95d8e50d-6c57-4708-a930-62560c7286fa,e5·m1·interim,prematch,ITF,Tennis PMV,aggressive,Shinji Hazawa — Lachlan Mcfadzean,,ITF Brisbane: Shinji Hazawa vs Lachlan Mcfadzean Match Over 21.5,0,,,,0.149,0.669,0.669,0.52,,52,52,0,-51.5,0.33,80,80,,,,5157,,0,settled_lost,pm_resolution,lost,80,0,-80,0,,,0
d9f6f910-4466-4ad6-80d8-eb6e26fe4997,e5·m1·interim,prematch,ITF,Tennis PMV,medium,Shinji Hazawa — Lachlan Mcfadzean,,ITF Brisbane: Shinji Hazawa vs Lachlan Mcfadzean Match Over 21.5,0,,,,0.149,0.669,0.669,0.52,,52,52,0,-51.5,0.2,50,50,,,,5157,,0,settled_lost,pm_resolution,lost,50,0,-50,0,,,0
b0cdd675-c929-4521-805b-09aed457d56f,e5·m1·interim,prematch,ITF,Tennis PMV,conservative,Shinji Hazawa — Lachlan Mcfadzean,,ITF Brisbane: Shinji Hazawa vs Lachlan Mcfadzean Match Over 21.5,0,,,,0.149,0.669,0.669,0.52,,52,52,0,-51.5,0.12,30,30,,,,5157,,0,settled_lost,pm_resolution,lost,30,0,-30,0,,,0
b812e721-af91-46e6-bfa4-0260a1825a17,e5·m1·interim,prematch,ITF,Tennis PMV,max,Shinji Hazawa — Lachlan Mcfadzean,,ITF Brisbane: Shinji Hazawa vs Lachlan Mcfadzean Match Over 21.5,0,,,,0.149,0.669,0.669,0.52,,52,52,0,-51.5,0.5,155,155,,,,5157,,0,settled_lost,pm_resolution,lost,155,0,-155,0,,,0
779a7cb0-55e1-4d4f-b3ef-4cbb91b272c9,e5·m1·interim,prematch,ITF,Tennis PMV,aggressive,Shinji Hazawa — Lachlan Mcfadzean,,ITF Brisbane: Shinji Hazawa vs Lachlan Mcfadzean Total Sets: Over 2.5,0,,,,0.11,0.485,0.485,0.375,,37.5,37.5,0,-37,0.33,58,58,,,,3146,,0,settled_lost,pm_resolution,lost,58,0,-58,0,,,0
d14b5719-1f03-4f7d-a653-22cea4aefa93,e5·m1·interim,prematch,ITF,Tennis PMV,medium,Shinji Hazawa — Lachlan Mcfadzean,,ITF Brisbane: Shinji Hazawa vs Lachlan Mcfadzean Total Sets: Over 2.5,0,,,,0.11,0.485,0.485,0.375,,37.5,37.5,0,-37,0.2,35,35,,,,3146,,0,settled_lost,pm_resolution,lost,35,0,-35,0,,,0
0e1aa666-46e8-40a5-ba41-1adb50565644,e5·m1·interim,prematch,ITF,Tennis PMV,conservative,Shinji Hazawa — Lachlan Mcfadzean,,ITF Brisbane: Shinji Hazawa vs Lachlan Mcfadzean Total Sets: Over 2.5,0,,,,0.11,0.485,0.485,0.375,,37.5,37.5,0,-37,0.12,21,21,,,,3146,,0,settled_lost,pm_resolution,lost,21,0,-21,0,,,0
05ba8595-6171-4b77-ae71-fc8ec761d149,e5·m1·interim,prematch,ITF,Tennis PMV,max,Shinji Hazawa — Lachlan Mcfadzean,,ITF Brisbane: Shinji Hazawa vs Lachlan Mcfadzean Total Sets: Over 2.5,0,,,,0.11,0.485,0.485,0.375,,37.5,37.5,0,-37,0.5,88,88,,,,3146,,0,settled_lost,pm_resolution,lost,88,0,-88,0,,,0
6eccc4c5-762e-4f9c-a11e-f27bab644c1e,e5·m1·interim,prematch,ITF,Tennis PMV,aggressive,Benjamin O'connell — Chen Dong,,ITF Brisbane: Benjamin O'connell vs Chen Dong Total Sets: Over 2.5,0,,,,0.148,0.498,0.498,0.35,,35,35,0,15,0.33,75,75,,,,2916,,0,settled_lost,pm_resolution,lost,75,0,-75,0,,,0
01e77b7d-4ef6-4c90-b8ef-66e03bec4b46,e5·m1·interim,prematch,ITF,Tennis PMV,medium,Benjamin O'connell — Chen Dong,,ITF Brisbane: Benjamin O'connell vs Chen Dong Total Sets: Over 2.5,0,,,,0.148,0.498,0.498,0.35,,35,35,0,15,0.2,45,45,,,,2916,,0,settled_lost,pm_resolution,lost,45,0,-45,0,,,0
8ab139e4-4be5-4942-b5b5-5e5018299a53,e5·m1·interim,prematch,ITF,Tennis PMV,conservative,Benjamin O'connell — Chen Dong,,ITF Brisbane: Benjamin O'connell vs Chen Dong Total Sets: Over 2.5,0,,,,0.148,0.498,0.498,0.35,,35,35,0,15,0.12,27,27,,,,2916,,0,settled_lost,pm_resolution,lost,27,0,-27,0,,,0
ba3750d4-42bd-4894-b8d2-1a6039223494,e5·m1·interim,prematch,ITF,Tennis PMV,max,Benjamin O'connell — Chen Dong,,ITF Brisbane: Benjamin O'connell vs Chen Dong Total Sets: Over 2.5,0,,,,0.148,0.498,0.498,0.35,,35,35,0,15,0.5,113,113,,,,2916,,0,settled_lost,pm_resolution,lost,113,0,-113,0,,,0
b8e66064-7909-4a3b-a1e2-9582700bdadd,e5·m1·interim,prematch,ITF,Tennis PMV,aggressive,Duje Markovina — Jake Delaney,,ITF Brisbane: Duje Markovina vs Jake Delaney Match Over 21.5,0,,,,0.137,0.642,0.642,0.505,,50.5,50.5,100,,0.33,80,80,,,,9858,,0,settled_won,pm_resolution,won,80,158.42,78.42,0,,,0
9053b8df-915f-44af-9b81-0e960c0b2150,e5·m1·interim,prematch,ITF,Tennis PMV,medium,Duje Markovina — Jake Delaney,,ITF Brisbane: Duje Markovina vs Jake Delaney Match Over 21.5,0,,,,0.137,0.642,0.642,0.505,,50.5,50.5,100,,0.2,50,50,,,,9858,,0,settled_won,pm_resolution,won,50,99.01,49.01,0,,,0
3bdeddc0-cacb-4ba6-9e94-aa2e5684f315,e5·m1·interim,prematch,ITF,Tennis PMV,conservative,Duje Markovina — Jake Delaney,,ITF Brisbane: Duje Markovina vs Jake Delaney Match Over 21.5,0,,,,0.137,0.642,0.642,0.505,,50.5,50.5,100,,0.12,30,30,,,,9858,,0,settled_won,pm_resolution,won,30,59.41,29.41,0,,,0
f02efd6d-9b33-4ba9-94e6-215ab5d7ded7,e5·m1·interim,prematch,ITF,Tennis PMV,max,Duje Markovina — Jake Delaney,,ITF Brisbane: Duje Markovina vs Jake Delaney Match Over 21.5,0,,,,0.137,0.642,0.642,0.505,,50.5,50.5,100,,0.5,138,138,,,,9858,,0,settled_won,pm_resolution,won,138,273.27,135.27,0,,,0
321eb75e-16e6-4963-93d4-4a573dacdd24,e5·m1·interim,prematch,ITF,Tennis PMV,aggressive,Duje Markovina — Jake Delaney,,ITF Brisbane: Duje Markovina vs Jake Delaney Total Sets: Over 2.5,0,,,,0.114,0.449,0.449,0.335,,33.5,33.5,100,,0.33,56,56,,,,760,,0,settled_won,pm_resolution,won,56,167.16,111.16,0,,,0
b3224412-03a9-418d-91d2-c27a5bcd262d,e5·m1·interim,prematch,ITF,Tennis PMV,medium,Duje Markovina — Jake Delaney,,ITF Brisbane: Duje Markovina vs Jake Delaney Total Sets: Over 2.5,0,,,,0.114,0.449,0.449,0.335,,33.5,33.5,100,,0.2,34,34,,,,760,,0,settled_won,pm_resolution,won,34,101.49,67.49,0,,,0
9ce00e14-29c1-416d-bc46-dc5775a06be6,e5·m1·interim,prematch,ITF,Tennis PMV,conservative,Duje Markovina — Jake Delaney,,ITF Brisbane: Duje Markovina vs Jake Delaney Total Sets: Over 2.5,0,,,,0.114,0.449,0.449,0.335,,33.5,33.5,100,,0.12,20,20,,,,760,,0,settled_won,pm_resolution,won,20,59.7,39.7,0,,,0
4739afac-b706-4053-901f-5b331e4acaa0,e5·m1·interim,prematch,ITF,Tennis PMV,max,Duje Markovina — Jake Delaney,,ITF Brisbane: Duje Markovina vs Jake Delaney Total Sets: Over 2.5,0,,,,0.114,0.449,0.449,0.335,,33.5,33.5,100,,0.5,85,85,,,,760,,0,settled_won,pm_resolution,won,85,253.73,168.73,0,,,0
d8575439-7b4e-4b77-bdbb-60a8729a53e3,e5·m1·interim,prematch,ITF,Tennis PMV,aggressive,Omar Jasika — Scott Jones,,ITF Brisbane: Omar Jasika vs Scott Jones Total Sets: Over 2.5,0,,,,0.11,0.425,0.425,0.315,,31.5,31.5,100,68,0.33,52,52,,,,749,,0,settled_won,pm_resolution,won,52,165.08,113.08,0,,,0
3867768b-e7e1-4176-9cbb-3ca026868e34,e5·m1·interim,prematch,ITF,Tennis PMV,medium,Omar Jasika — Scott Jones,,ITF Brisbane: Omar Jasika vs Scott Jones Total Sets: Over 2.5,0,,,,0.11,0.425,0.425,0.315,,31.5,31.5,100,68,0.2,32,32,,,,749,,0,settled_won,pm_resolution,won,32,101.59,69.59,0,,,0
c96c800d-5466-4aa1-a150-193040e58d24,e5·m1·interim,prematch,ITF,Tennis PMV,conservative,Omar Jasika — Scott Jones,,ITF Brisbane: Omar Jasika vs Scott Jones Total Sets: Over 2.5,0,,,,0.11,0.425,0.425,0.315,,31.5,31.5,100,68,0.12,19,19,,,,749,,0,settled_won,pm_resolution,won,19,60.32,41.32,0,,,0
2e28b20d-40eb-4d1f-b478-19dfdaf90a96,e5·m1·interim,prematch,ITF,Tennis PMV,max,Omar Jasika — Scott Jones,,ITF Brisbane: Omar Jasika vs Scott Jones Total Sets: Over 2.5,0,,,,0.11,0.425,0.425,0.315,,31.5,31.5,100,68,0.5,80,80,,,,749,,0,settled_won,pm_resolution,won,80,253.97,173.97,0,,,0
025a7412-3ed8-45f9-b371-c1e6eb94628c,e5·m1·interim,prematch,ITF,Tennis PMV,aggressive,Matthew Dellavedova — Jeremy Zhang,,ITF Brisbane: Matthew Dellavedova vs Jeremy Zhang Set Handicap +/-1.5,0,,,,0.173,0.918,0.918,0.745,,74.5,74.5,74.5,25,0.33,80,80,,,,1430,,0,settled_void,void,void,80,80,0,0,,,0
a6f25273-8570-441d-b17b-a6f05ed61406,e5·m1·interim,prematch,ITF,Tennis PMV,medium,Matthew Dellavedova — Jeremy Zhang,,ITF Brisbane: Matthew Dellavedova vs Jeremy Zhang Set Handicap +/-1.5,0,,,,0.173,0.918,0.918,0.745,,74.5,74.5,74.5,25,0.2,50,50,,,,1430,,0,settled_void,void,void,50,50,0,0,,,0
40ccf19e-9ad1-445d-9b95-cea75204c525,e5·m1·interim,prematch,ITF,Tennis PMV,conservative,Matthew Dellavedova — Jeremy Zhang,,ITF Brisbane: Matthew Dellavedova vs Jeremy Zhang Set Handicap +/-1.5,0,,,,0.173,0.918,0.918,0.745,,74.5,74.5,74.5,25,0.12,30,30,,,,1430,,0,settled_void,void,void,30,30,0,0,,,0
0aea999c-706c-4494-9ac8-e6a6b0fa6c4b,e5·m1·interim,prematch,ITF,Tennis PMV,max,Matthew Dellavedova — Jeremy Zhang,,ITF Brisbane: Matthew Dellavedova vs Jeremy Zhang Set Handicap +/-1.5,0,,,,0.173,0.918,0.918,0.745,,74.5,74.5,74.5,25,0.5,200,200,,,,1430,,0,settled_void,void,void,200,200,0,0,,,0
02b0c59f-de9f-4ebc-9bd7-9b3c8d739e87,e5·m1·interim,prematch,ITF,Tennis PMV,aggressive,Robert Guna — Sebastian Gima,,ITF Slobozia: Robert Guna vs Sebastian Gima Match Over 22.5,0,,,,0.11,0.61,0.61,0.5,,50,50,50,,0.33,72,72,,,,5350,,0,settled_void,void,void,72,72,0,0,,,0
10bd3cc3-015b-41f8-9040-cac8d87261b5,e5·m1·interim,prematch,ITF,Tennis PMV,medium,Robert Guna — Sebastian Gima,,ITF Slobozia: Robert Guna vs Sebastian Gima Match Over 22.5,0,,,,0.11,0.61,0.61,0.5,,50,50,50,,0.2,44,44,,,,5350,,0,settled_void,void,void,44,44,0,0,,,0
c6eec8f3-7af0-4def-8d6a-895cb5b7c5c8,e5·m1·interim,prematch,ITF,Tennis PMV,conservative,Robert Guna — Sebastian Gima,,ITF Slobozia: Robert Guna vs Sebastian Gima Match Over 22.5,0,,,,0.11,0.61,0.61,0.5,,50,50,50,,0.12,26,26,,,,5350,,0,settled_void,void,void,26,26,0,0,,,0
73b453a5-0b48-4457-a51b-5a82e564d127,e5·m1·interim,prematch,ITF,Tennis PMV,max,Robert Guna — Sebastian Gima,,ITF Slobozia: Robert Guna vs Sebastian Gima Match Over 22.5,0,,,,0.11,0.61,0.61,0.5,,50,50,50,,0.5,109,109,,,,5350,,0,settled_void,void,void,109,109,0,0,,,0
f2c246bc-8189-4297-b156-e8e34a77fb8d,e5·m1·interim,prematch,ITF,Tennis PMV,aggressive,Laquisa Khan — Fang An Lin,,ITF Brisbane: Laquisa Khan vs Fang An Lin Total Sets: Over 2.5,0,,,,0.124,0.489,0.489,0.365,,36.5,36.5,0,0,0.33,64,64,,,,642,,0,settled_lost,pm_resolution,lost,64,0,-64,0,,,0
96a74683-8bb2-479b-9ee1-c613d1fae5f0,e5·m1·interim,prematch,ITF,Tennis PMV,medium,Laquisa Khan — Fang An Lin,,ITF Brisbane: Laquisa Khan vs Fang An Lin Total Sets: Over 2.5,0,,,,0.124,0.489,0.489,0.365,,36.5,36.5,0,0,0.2,39,39,,,,642,,0,settled_lost,pm_resolution,lost,39,0,-39,0,,,0
c6dd3a31-5f2a-4369-baec-0a8424854360,e5·m1·interim,prematch,ITF,Tennis PMV,conservative,Laquisa Khan — Fang An Lin,,ITF Brisbane: Laquisa Khan vs Fang An Lin Total Sets: Over 2.5,0,,,,0.124,0.489,0.489,0.365,,36.5,36.5,0,0,0.12,23,23,,,,642,,0,settled_lost,pm_resolution,lost,23,0,-23,0,,,0
a446cb9c-18a7-4139-b929-7fef1144c3d7,e5·m1·interim,prematch,ITF,Tennis PMV,max,Laquisa Khan — Fang An Lin,,ITF Brisbane: Laquisa Khan vs Fang An Lin Total Sets: Over 2.5,0,,,,0.124,0.489,0.489,0.365,,36.5,36.5,0,0,0.5,97,97,,,,642,,0,settled_lost,pm_resolution,lost,97,0,-97,0,,,0
8d602956-e10b-4237-9997-47c27f41b0f2,e5·m1·interim,prematch,ITF,Tennis PMV,aggressive,Gabriele Vulpitta — Pierluigi Basile,,ITF Gubbio: Gabriele Vulpitta vs Pierluigi Basile Total Sets: Under 2.5,0,,,,0.15,0.65,0.65,0.5,,50,50,0,-49.5,0.33,80,80,,,,935,,0,settled_lost,pm_resolution,lost,80,0,-80,0,,,0
96f16422-3219-47df-91f4-bdb81357a967,e5·m1·interim,prematch,ITF,Tennis PMV,medium,Gabriele Vulpitta — Pierluigi Basile,,ITF Gubbio: Gabriele Vulpitta vs Pierluigi Basile Total Sets: Under 2.5,0,,,,0.15,0.65,0.65,0.5,,50,50,0,-49.5,0.2,50,50,,,,935,,0,settled_lost,pm_resolution,lost,50,0,-50,0,,,0
4b6661a7-a13a-4c5f-b7c2-3f4658eb1054,e5·m1·interim,prematch,ITF,Tennis PMV,conservative,Gabriele Vulpitta — Pierluigi Basile,,ITF Gubbio: Gabriele Vulpitta vs Pierluigi Basile Total Sets: Under 2.5,0,,,,0.15,0.65,0.65,0.5,,50,50,0,-49.5,0.12,30,30,,,,935,,0,settled_lost,pm_resolution,lost,30,0,-30,0,,,0
0281e30c-1e8f-46b1-b994-b9f899445f71,e5·m1·interim,prematch,ITF,Tennis PMV,max,Gabriele Vulpitta — Pierluigi Basile,,ITF Gubbio: Gabriele Vulpitta vs Pierluigi Basile Total Sets: Under 2.5,0,,,,0.15,0.65,0.65,0.5,,50,50,0,-49.5,0.5,150,150,,,,935,,0,settled_lost,pm_resolution,lost,150,0,-150,0,,,0
5d12c17a-7b22-4c87-bba3-96e836e93216,e5·m1·interim,prematch,ITF,Tennis PMV,aggressive,Chengyiyi Yuan — Alina Tikhonova,,ITF Luan: Chengyiyi Yuan vs Alina Tikhonova Total Sets: Over 2.5,0,,,,0.121,0.481,0.481,0.36,,36,36,0,14,0.33,62,62,,,,580,,0,settled_lost,pm_resolution,lost,62,0,-62,0,,,0
5417e6a3-f80c-4a15-81ca-40124611e765,e5·m1·interim,prematch,ITF,Tennis PMV,medium,Chengyiyi Yuan — Alina Tikhonova,,ITF Luan: Chengyiyi Yuan vs Alina Tikhonova Total Sets: Over 2.5,0,,,,0.121,0.481,0.481,0.36,,36,36,0,14,0.2,37,37,,,,580,,0,settled_lost,pm_resolution,lost,37,0,-37,0,,,0
ff1900dd-f238-4a0c-bb51-3ad95b506cd0,e5·m1·interim,prematch,ITF,Tennis PMV,conservative,Chengyiyi Yuan — Alina Tikhonova,,ITF Luan: Chengyiyi Yuan vs Alina Tikhonova Total Sets: Over 2.5,0,,,,0.121,0.481,0.481,0.36,,36,36,0,14,0.12,22,22,,,,580,,0,settled_lost,pm_resolution,lost,22,0,-22,0,,,0
185a7c17-0308-4655-ad69-c0600b6c32ba,e5·m1·interim,prematch,ITF,Tennis PMV,max,Chengyiyi Yuan — Alina Tikhonova,,ITF Luan: Chengyiyi Yuan vs Alina Tikhonova Total Sets: Over 2.5,0,,,,0.121,0.481,0.481,0.36,,36,36,0,14,0.5,94,94,,,,580,,0,settled_lost,pm_resolution,lost,94,0,-94,0,,,0
7c60c719-38b3-4a33-9f7c-c76683b1cbcd,e5·m1·interim,prematch,ITF,Tennis PMV,aggressive,Sebastiano Cocola — Giannicola Misasi,,ITF Kursumlijska Banja: Sebastiano Cocola vs Giannicola Misasi Total Sets: Over 2.5,0,,,,0.13,0.5,0.5,0.37,,37,37,0,,0.33,68,68,,,,620,,0,settled_lost,pm_resolution,lost,68,0,-68,0,,,0
5ed69b75-1e42-4c49-9186-d4ed90f37a36,e5·m1·interim,prematch,ITF,Tennis PMV,medium,Sebastiano Cocola — Giannicola Misasi,,ITF Kursumlijska Banja: Sebastiano Cocola vs Giannicola Misasi Total Sets: Over 2.5,0,,,,0.13,0.5,0.5,0.37,,37,37,0,,0.2,41,41,,,,620,,0,settled_lost,pm_resolution,lost,41,0,-41,0,,,0
5e60aea1-0b3c-42bf-b6d8-04e9c7bc9a8d,e5·m1·interim,prematch,ITF,Tennis PMV,conservative,Sebastiano Cocola — Giannicola Misasi,,ITF Kursumlijska Banja: Sebastiano Cocola vs Giannicola Misasi Total Sets: Over 2.5,0,,,,0.13,0.5,0.5,0.37,,37,37,0,,0.12,24,24,,,,620,,0,settled_lost,pm_resolution,lost,24,0,-24,0,,,0
cf94480c-0480-4ef4-b34f-f229fca51036,e5·m1·interim,prematch,ITF,Tennis PMV,max,Sebastiano Cocola — Giannicola Misasi,,ITF Kursumlijska Banja: Sebastiano Cocola vs Giannicola Misasi Total Sets: Over 2.5,0,,,,0.13,0.5,0.5,0.37,,37,37,0,,0.5,103,103,,,,620,,0,settled_lost,pm_resolution,lost,103,0,-103,0,,,0
b9408c4b-3c77-4ae8-80c2-e60f26b8d8c0,e5·m1·interim,prematch,ITF,Tennis PMV,aggressive,Sergi Fita Juan — Adam Lynch,,ITF Gandia: Sergi Fita Juan vs Adam Lynch Total Sets: Over 2.5,0,,,,0.133,0.498,0.498,0.365,,36.5,36.5,0,13.5,0.33,69,69,,,,595,,0,settled_lost,pm_resolution,lost,69,0,-69,0,,,0
8155fb93-e60e-40d3-bc7b-e6ddb13824fc,e5·m1·interim,prematch,ITF,Tennis PMV,medium,Sergi Fita Juan — Adam Lynch,,ITF Gandia: Sergi Fita Juan vs Adam Lynch Total Sets: Over 2.5,0,,,,0.133,0.498,0.498,0.365,,36.5,36.5,0,13.5,0.2,41,41,,,,595,,0,settled_lost,pm_resolution,lost,41,0,-41,0,,,0
e7d66699-2185-4f9b-852d-e987538925e0,e5·m1·interim,prematch,ITF,Tennis PMV,conservative,Sergi Fita Juan — Adam Lynch,,ITF Gandia: Sergi Fita Juan vs Adam Lynch Total Sets: Over 2.5,0,,,,0.133,0.498,0.498,0.365,,36.5,36.5,0,13.5,0.12,25,25,,,,595,,0,settled_lost,pm_resolution,lost,25,0,-25,0,,,0
93a03124-8842-426b-bac5-fc026db0dddc,e5·m1·interim,prematch,ITF,Tennis PMV,max,Sergi Fita Juan — Adam Lynch,,ITF Gandia: Sergi Fita Juan vs Adam Lynch Total Sets: Over 2.5,0,,,,0.133,0.498,0.498,0.365,,36.5,36.5,0,13.5,0.5,104,104,,,,595,,0,settled_lost,pm_resolution,lost,104,0,-104,0,,,0
1a0b9222-1f01-4bb4-90c0-9f0d763c16d7,e5·m1·interim,prematch,ITF,Tennis PMV,aggressive,Nico Hipfl — Vladyslav Orlov,,ITF Kramsach: Nico Hipfl vs Vladyslav Orlov Total Sets: Over 2.5,0,,,,0.109,0.499,0.499,0.39,,39,39,0,11,0.33,58,58,,,,676,,0,settled_lost,pm_resolution,lost,58,0,-58,0,,,0
2ff70c8e-4d85-4eee-a5bb-343a2a9ef42e,e5·m1·interim,prematch,ITF,Tennis PMV,medium,Nico Hipfl — Vladyslav Orlov,,ITF Kramsach: Nico Hipfl vs Vladyslav Orlov Total Sets: Over 2.5,0,,,,0.109,0.499,0.499,0.39,,39,39,0,11,0.2,35,35,,,,676,,0,settled_lost,pm_resolution,lost,35,0,-35,0,,,0
bda2fa7b-eb5b-4337-9478-a0715d5e0298,e5·m1·interim,prematch,ITF,Tennis PMV,conservative,Nico Hipfl — Vladyslav Orlov,,ITF Kramsach: Nico Hipfl vs Vladyslav Orlov Total Sets: Over 2.5,0,,,,0.109,0.499,0.499,0.39,,39,39,0,11,0.12,21,21,,,,676,,0,settled_lost,pm_resolution,lost,21,0,-21,0,,,0
869b80c0-1209-4014-8ff0-67d227f898f1,e5·m1·interim,prematch,ITF,Tennis PMV,max,Nico Hipfl — Vladyslav Orlov,,ITF Kramsach: Nico Hipfl vs Vladyslav Orlov Total Sets: Over 2.5,0,,,,0.109,0.499,0.499,0.39,,39,39,0,11,0.5,89,89,,,,676,,0,settled_lost,pm_resolution,lost,89,0,-89,0,,,0
d715bcca-baa9-47db-afa6-57ee0da6a1da,e5·m1·interim,prematch,ITF,Tennis PMV,aggressive,Luna Vujovic — Iva Primorac,,ITF Torino: Luna Vujovic vs Iva Primorac Total Sets: Over 2.5,0,,,,0.127,0.497,0.497,0.37,,37,37,37,,0.33,66,66,,,,538,,0,settled_void,void,void,66,66,0,0,,,0
9ff6d8e5-71ce-4897-b62a-5105440ad1f2,e5·m1·interim,prematch,ITF,Tennis PMV,medium,Luna Vujovic — Iva Primorac,,ITF Torino: Luna Vujovic vs Iva Primorac Total Sets: Over 2.5,0,,,,0.127,0.497,0.497,0.37,,37,37,37,,0.2,40,40,,,,538,,0,settled_void,void,void,40,40,0,0,,,0
0a580a50-8d35-4b7c-aa2f-8c3d801ce7f2,e5·m1·interim,prematch,ITF,Tennis PMV,conservative,Luna Vujovic — Iva Primorac,,ITF Torino: Luna Vujovic vs Iva Primorac Total Sets: Over 2.5,0,,,,0.127,0.497,0.497,0.37,,37,37,37,,0.12,24,24,,,,538,,0,settled_void,void,void,24,24,0,0,,,0
9602e616-73a9-4601-97d2-1156ff7fced3,e5·m1·interim,prematch,ITF,Tennis PMV,max,Luna Vujovic — Iva Primorac,,ITF Torino: Luna Vujovic vs Iva Primorac Total Sets: Over 2.5,0,,,,0.127,0.497,0.497,0.37,,37,37,37,,0.5,100,100,,,,538,,0,settled_void,void,void,100,100,0,0,,,0
9b1eb038-8c3d-4c67-9f6f-52732b60915e,e5·m1·interim,prematch,ITF,Tennis PMV,aggressive,Kalin Ivanovski — Theo Papamalamis,,ITF Kramsach: Kalin Ivanovski vs Theo Papamalamis Total Sets: Over 2.5,0,,,,0.128,0.498,0.498,0.37,,37,37,37,,0.33,67,67,,,,621,,0,settled_void,void,void,67,67,0,0,,,0
a99811de-2776-4ad4-9155-d5fb4d46a044,e5·m1·interim,prematch,ITF,Tennis PMV,medium,Kalin Ivanovski — Theo Papamalamis,,ITF Kramsach: Kalin Ivanovski vs Theo Papamalamis Total Sets: Over 2.5,0,,,,0.128,0.498,0.498,0.37,,37,37,37,,0.2,40,40,,,,621,,0,settled_void,void,void,40,40,0,0,,,0
6e685c9e-47fe-4489-8530-11c7f830024a,e5·m1·interim,prematch,ITF,Tennis PMV,conservative,Kalin Ivanovski — Theo Papamalamis,,ITF Kramsach: Kalin Ivanovski vs Theo Papamalamis Total Sets: Over 2.5,0,,,,0.128,0.498,0.498,0.37,,37,37,37,,0.12,24,24,,,,621,,0,settled_void,void,void,24,24,0,0,,,0
6d1ca673-8e46-4a85-a421-d49f3edfa91a,e5·m1·interim,prematch,ITF,Tennis PMV,max,Kalin Ivanovski — Theo Papamalamis,,ITF Kramsach: Kalin Ivanovski vs Theo Papamalamis Total Sets: Over 2.5,0,,,,0.128,0.498,0.498,0.37,,37,37,37,,0.5,101,101,,,,621,,0,settled_void,void,void,101,101,0,0,,,0
b1930ceb-fb3c-44ef-a3a1-68f8d1c1cdf6,e5·m1·interim,prematch,ITF,Tennis PMV,aggressive,Matteo Fondriest — Jan Hrazdil,0:2,ITF Nova Gorica: Matteo Fondriest vs Jan Hrazdil Total Sets: Over 2.5,0,,,,0.105,0.5,0.5,0.395,,39.5,39.5,100,,0.33,57,57,,,,587,,0,settled_won,pm_resolution,won,57,144.3,87.3,0,,,0
ad7ad85d-60f4-493f-814d-9e762974a9aa,e5·m1·interim,prematch,ITF,Tennis PMV,medium,Matteo Fondriest — Jan Hrazdil,0:2,ITF Nova Gorica: Matteo Fondriest vs Jan Hrazdil Total Sets: Over 2.5,0,,,,0.105,0.5,0.5,0.395,,39.5,39.5,100,,0.2,34,34,,,,587,,0,settled_won,pm_resolution,won,34,86.08,52.08,0,,,0
8cc5d419-99a0-4b4b-8713-4beebce76cef,e5·m1·interim,prematch,ITF,Tennis PMV,conservative,Matteo Fondriest — Jan Hrazdil,0:2,ITF Nova Gorica: Matteo Fondriest vs Jan Hrazdil Total Sets: Over 2.5,0,,,,0.105,0.5,0.5,0.395,,39.5,39.5,100,,0.12,20,20,,,,587,,0,settled_won,pm_resolution,won,20,50.63,30.63,0,,,0
6d2e3d46-9e8d-4b96-89d1-76bd3e47c481,e5·m1·interim,prematch,ITF,Tennis PMV,max,Matteo Fondriest — Jan Hrazdil,0:2,ITF Nova Gorica: Matteo Fondriest vs Jan Hrazdil Total Sets: Over 2.5,0,,,,0.105,0.5,0.5,0.395,,39.5,39.5,100,,0.5,86,86,,,,587,,0,settled_won,pm_resolution,won,86,217.72,131.72,0,,,0
f2f8fbd1-58b1-4253-8fd9-8071f8f412f5,e5·m1·interim,prematch,ITF,Tennis PMV,aggressive,Justin Schlageter — Johan Oscar Lien,,ITF Uslar: Justin Schlageter vs Johan Oscar Lien Total Sets: Over 2.5,0,,,,0.135,0.5,0.5,0.365,,36.5,36.5,100,,0.33,70,70,,,,635,,0,settled_won,pm_resolution,won,70,191.78,121.78,0,,,0
966c8e9a-96c1-47f6-b127-d3861a2922ce,e5·m1·interim,prematch,ITF,Tennis PMV,medium,Justin Schlageter — Johan Oscar Lien,,ITF Uslar: Justin Schlageter vs Johan Oscar Lien Total Sets: Over 2.5,0,,,,0.135,0.5,0.5,0.365,,36.5,36.5,100,,0.2,42,42,,,,635,,0,settled_won,pm_resolution,won,42,115.07,73.07,0,,,0
3a60710d-d8e1-4a0c-9922-eef0cf73df05,e5·m1·interim,prematch,ITF,Tennis PMV,conservative,Justin Schlageter — Johan Oscar Lien,,ITF Uslar: Justin Schlageter vs Johan Oscar Lien Total Sets: Over 2.5,0,,,,0.135,0.5,0.5,0.365,,36.5,36.5,100,,0.12,25,25,,,,635,,0,settled_won,pm_resolution,won,25,68.49,43.49,0,,,0
d008e3f9-f460-4e80-9589-7de2bc0c147a,e5·m1·interim,prematch,ITF,Tennis PMV,max,Justin Schlageter — Johan Oscar Lien,,ITF Uslar: Justin Schlageter vs Johan Oscar Lien Total Sets: Over 2.5,0,,,,0.135,0.5,0.5,0.365,,36.5,36.5,100,,0.5,106,106,,,,635,,0,settled_won,pm_resolution,won,106,290.41,184.41,0,,,0
de733ac4-5914-4b1c-8d2b-1064ca0c9ad4,e5·m1·interim,prematch,ITF,Tennis PMV,aggressive,Carlos Lopez Montagud — Luka Talan Lopatic,,ITF Gandia: Carlos Lopez Montagud vs Luka Talan Lopatic Total Sets: Over 2.5,0,,,,0.117,0.482,0.482,0.365,,36.5,36.5,100,63.1,0.33,60,60,,,,611,,0,settled_won,pm_resolution,won,60,164.38,104.38,0,,,0
b9cf32b5-26bc-4105-ae6e-ff7b27c8ead0,e5·m1·interim,prematch,ITF,Tennis PMV,medium,Carlos Lopez Montagud — Luka Talan Lopatic,,ITF Gandia: Carlos Lopez Montagud vs Luka Talan Lopatic Total Sets: Over 2.5,0,,,,0.117,0.482,0.482,0.365,,36.5,36.5,100,63.1,0.2,36,36,,,,611,,0,settled_won,pm_resolution,won,36,98.63,62.63,0,,,0
099cf080-1f63-4804-b6e7-8de65c6197f8,e5·m1·interim,prematch,ITF,Tennis PMV,conservative,Carlos Lopez Montagud — Luka Talan Lopatic,,ITF Gandia: Carlos Lopez Montagud vs Luka Talan Lopatic Total Sets: Over 2.5,0,,,,0.117,0.482,0.482,0.365,,36.5,36.5,100,63.1,0.12,22,22,,,,611,,0,settled_won,pm_resolution,won,22,60.27,38.27,0,,,0
a6dc0726-6999-45a2-8373-60a42e3fc860,e5·m1·interim,prematch,ITF,Tennis PMV,max,Carlos Lopez Montagud — Luka Talan Lopatic,,ITF Gandia: Carlos Lopez Montagud vs Luka Talan Lopatic Total Sets: Over 2.5,0,,,,0.117,0.482,0.482,0.365,,36.5,36.5,100,63.1,0.5,92,92,,,,611,,0,settled_won,pm_resolution,won,92,252.05,160.05,0,,,0
a43d2044-5c87-446e-b608-30aebcca371d,e5·m1·interim,prematch,ITF,Tennis PMV,aggressive,Lea Nilsson — Alicia Herrero Linana,,ITF Darmstadt: Lea Nilsson vs Alicia Herrero Linana Total Sets: Over 2.5,0,,,,0.125,0.5,0.5,0.375,,37.5,37.5,0,12,0.33,66,66,,,,573,,0,settled_lost,pm_resolution,lost,66,0,-66,0,,,0
fb22d8dd-c365-4fa1-9bcb-f4fa047e27e2,e5·m1·interim,prematch,ITF,Tennis PMV,medium,Lea Nilsson — Alicia Herrero Linana,,ITF Darmstadt: Lea Nilsson vs Alicia Herrero Linana Total Sets: Over 2.5,0,,,,0.125,0.5,0.5,0.375,,37.5,37.5,0,12,0.2,40,40,,,,573,,0,settled_lost,pm_resolution,lost,40,0,-40,0,,,0
318ae336-2cea-47b3-b63e-5f787c8c6c8b,e5·m1·interim,prematch,ITF,Tennis PMV,conservative,Lea Nilsson — Alicia Herrero Linana,,ITF Darmstadt: Lea Nilsson vs Alicia Herrero Linana Total Sets: Over 2.5,0,,,,0.125,0.5,0.5,0.375,,37.5,37.5,0,12,0.12,24,24,,,,573,,0,settled_lost,pm_resolution,lost,24,0,-24,0,,,0
b42ce9c2-7ee0-480f-aa72-bafbc35e82a4,e5·m1·interim,prematch,ITF,Tennis PMV,max,Lea Nilsson — Alicia Herrero Linana,,ITF Darmstadt: Lea Nilsson vs Alicia Herrero Linana Total Sets: Over 2.5,0,,,,0.125,0.5,0.5,0.375,,37.5,37.5,0,12,0.5,100,100,,,,573,,0,settled_lost,pm_resolution,lost,100,0,-100,0,,,0
a4cde614-1362-46fa-8952-130d36a17f9d,e5·m1·interim,prematch,ITF,Tennis PMV,aggressive,Isabella Kruger — Jenny Duerst,,ITF Hillcrest: Isabella Kruger vs Jenny Duerst Total Sets: Over 2.5,0,,,,0.12,0.5,0.5,0.38,,38,38,0,12,0.33,63,63,,,,666,,0,settled_lost,pm_resolution,lost,63,0,-63,0,,,0
6e0f63b0-803a-4adf-b83e-ad14801388bf,e5·m1·interim,prematch,ITF,Tennis PMV,medium,Isabella Kruger — Jenny Duerst,,ITF Hillcrest: Isabella Kruger vs Jenny Duerst Total Sets: Over 2.5,0,,,,0.12,0.5,0.5,0.38,,38,38,0,12,0.2,38,38,,,,666,,0,settled_lost,pm_resolution,lost,38,0,-38,0,,,0
81d9a18e-ffd3-4ed4-a4e6-2d192ac49de9,e5·m1·interim,prematch,ITF,Tennis PMV,conservative,Isabella Kruger — Jenny Duerst,,ITF Hillcrest: Isabella Kruger vs Jenny Duerst Total Sets: Over 2.5,0,,,,0.12,0.5,0.5,0.38,,38,38,0,12,0.12,23,23,,,,666,,0,settled_lost,pm_resolution,lost,23,0,-23,0,,,0
f8fc6ad3-7d81-4326-9640-dd6505e0fa40,e5·m1·interim,prematch,ITF,Tennis PMV,max,Isabella Kruger — Jenny Duerst,,ITF Hillcrest: Isabella Kruger vs Jenny Duerst Total Sets: Over 2.5,0,,,,0.12,0.5,0.5,0.38,,38,38,0,12,0.5,96,96,,,,666,,0,settled_lost,pm_resolution,lost,96,0,-96,0,,,0
ce20dcb8-65c3-487d-b697-7b2ee8eecf4e,e5·m1·interim,prematch,ITF,Tennis PMV,aggressive,Alaa Trifi — Daniel Bagnolini,,ITF Monastir: Alaa Trifi vs Daniel Bagnolini Total Sets: Over 2.5,0,,,,0.122,0.487,0.487,0.365,,36.5,36.5,100,,0.33,63,63,,,,555,,0,settled_won,pm_resolution,won,63,172.6,109.6,0,,,0
a705a3e1-5a16-4f28-b72c-3e9e69c59922,e5·m1·interim,prematch,ITF,Tennis PMV,medium,Alaa Trifi — Daniel Bagnolini,,ITF Monastir: Alaa Trifi vs Daniel Bagnolini Total Sets: Over 2.5,0,,,,0.122,0.487,0.487,0.365,,36.5,36.5,100,,0.2,38,38,,,,555,,0,settled_won,pm_resolution,won,38,104.11,66.11,0,,,0
cd833518-dd90-4e22-8389-e0789cad5f2a,e5·m1·interim,prematch,ITF,Tennis PMV,conservative,Alaa Trifi — Daniel Bagnolini,,ITF Monastir: Alaa Trifi vs Daniel Bagnolini Total Sets: Over 2.5,0,,,,0.122,0.487,0.487,0.365,,36.5,36.5,100,,0.12,23,23,,,,555,,0,settled_won,pm_resolution,won,23,63.01,40.01,0,,,0
0d7abdad-8acc-4928-813f-3f61da1344e4,e5·m1·interim,prematch,ITF,Tennis PMV,max,Alaa Trifi — Daniel Bagnolini,,ITF Monastir: Alaa Trifi vs Daniel Bagnolini Total Sets: Over 2.5,0,,,,0.122,0.487,0.487,0.365,,36.5,36.5,100,,0.5,96,96,,,,555,,0,settled_won,pm_resolution,won,96,263.01,167.01,0,,,0
fbcdf32f-2b7e-4460-86f9-869eba419e04,e5·m1·interim,prematch,ITF,Tennis PMV,aggressive,Nastasja Schunk — Julia Stusek,,ITF Darmstadt: Nastasja Schunk vs Julia Stusek Total Sets: Over 2.5,0,,,,0.112,0.487,0.487,0.375,,37.5,37.5,0,12.5,0.33,59,59,,,,616,,0,settled_lost,pm_resolution,lost,59,0,-59,0,,,0
6d3221c6-456a-4913-a03c-15085ba9cfaf,e5·m1·interim,prematch,ITF,Tennis PMV,medium,Nastasja Schunk — Julia Stusek,,ITF Darmstadt: Nastasja Schunk vs Julia Stusek Total Sets: Over 2.5,0,,,,0.112,0.487,0.487,0.375,,37.5,37.5,0,12.5,0.2,35,35,,,,616,,0,settled_lost,pm_resolution,lost,35,0,-35,0,,,0
490bf9ca-aa3e-4d3b-ada8-a290f41e3be8,e5·m1·interim,prematch,ITF,Tennis PMV,conservative,Nastasja Schunk — Julia Stusek,,ITF Darmstadt: Nastasja Schunk vs Julia Stusek Total Sets: Over 2.5,0,,,,0.112,0.487,0.487,0.375,,37.5,37.5,0,12.5,0.12,21,21,,,,616,,0,settled_lost,pm_resolution,lost,21,0,-21,0,,,0
ca8f8773-d6df-4244-a458-b94ba13a6a91,e5·m1·interim,prematch,ITF,Tennis PMV,max,Nastasja Schunk — Julia Stusek,,ITF Darmstadt: Nastasja Schunk vs Julia Stusek Total Sets: Over 2.5,0,,,,0.112,0.487,0.487,0.375,,37.5,37.5,0,12.5,0.5,89,89,,,,616,,0,settled_lost,pm_resolution,lost,89,0,-89,0,,,0
65f66e93-3ba0-43ac-bc09-f5ac85733f07,e5·m1·interim,prematch,ITF,Tennis PMV,aggressive,Luiza Fullana — Luciana Moyano,,ITF Sao Paulo: Luiza Fullana vs Luciana Moyano Total Sets: Over 2.5,0,,,,0.126,0.491,0.491,0.365,,36.5,36.5,0,13.5,0.33,65,65,,,,566,,0,settled_lost,pm_resolution,lost,65,0,-65,0,,,0
e6c355c0-950c-4116-98a4-17428bee49aa,e5·m1·interim,prematch,ITF,Tennis PMV,medium,Luiza Fullana — Luciana Moyano,,ITF Sao Paulo: Luiza Fullana vs Luciana Moyano Total Sets: Over 2.5,0,,,,0.126,0.491,0.491,0.365,,36.5,36.5,0,13.5,0.2,39,39,,,,566,,0,settled_lost,pm_resolution,lost,39,0,-39,0,,,0
28347aab-d9be-4eba-95ea-6ba338339dcc,e5·m1·interim,prematch,ITF,Tennis PMV,conservative,Luiza Fullana — Luciana Moyano,,ITF Sao Paulo: Luiza Fullana vs Luciana Moyano Total Sets: Over 2.5,0,,,,0.126,0.491,0.491,0.365,,36.5,36.5,0,13.5,0.12,23,23,,,,566,,0,settled_lost,pm_resolution,lost,23,0,-23,0,,,0
be095f34-89c3-4590-8a25-ae41fbd07287,e5·m1·interim,prematch,ITF,Tennis PMV,max,Luiza Fullana — Luciana Moyano,,ITF Sao Paulo: Luiza Fullana vs Luciana Moyano Total Sets: Over 2.5,0,,,,0.126,0.491,0.491,0.365,,36.5,36.5,0,13.5,0.5,99,99,,,,566,,0,settled_lost,pm_resolution,lost,99,0,-99,0,,,0
6cac4b66-9d54-4b27-b010-69f1056e5261,e5·m1·interim,prematch,ITF,Tennis PMV,aggressive,Henry Jefferson — Charlie Robertson,,ITF Hillcrest: Henry Jefferson vs Charlie Robertson Total Sets: Over 2.5,0,,,,0.126,0.486,0.486,0.36,,36,36,0,14,0.33,64,64,,,,561,,0,settled_lost,pm_resolution,lost,64,0,-64,0,,,0
40c32122-2926-46eb-9acb-fd35537cdeab,e5·m1·interim,prematch,ITF,Tennis PMV,medium,Henry Jefferson — Charlie Robertson,,ITF Hillcrest: Henry Jefferson vs Charlie Robertson Total Sets: Over 2.5,0,,,,0.126,0.486,0.486,0.36,,36,36,0,14,0.2,39,39,,,,561,,0,settled_lost,pm_resolution,lost,39,0,-39,0,,,0
0ce7f8eb-98ab-45a8-b992-6723f2a12928,e5·m1·interim,prematch,ITF,Tennis PMV,conservative,Henry Jefferson — Charlie Robertson,,ITF Hillcrest: Henry Jefferson vs Charlie Robertson Total Sets: Over 2.5,0,,,,0.126,0.486,0.486,0.36,,36,36,0,14,0.12,23,23,,,,561,,0,settled_lost,pm_resolution,lost,23,0,-23,0,,,0
510c1cfb-38fe-4569-8fd7-234d5834d2cb,e5·m1·interim,prematch,ITF,Tennis PMV,max,Henry Jefferson — Charlie Robertson,,ITF Hillcrest: Henry Jefferson vs Charlie Robertson Total Sets: Over 2.5,0,,,,0.126,0.486,0.486,0.36,,36,36,0,14,0.5,98,98,,,,561,,0,settled_lost,pm_resolution,lost,98,0,-98,0,,,0
7cc08ec8-a90a-41a0-99e2-550a4468f1d4,e5·m1·interim,prematch,ITF,Tennis PMV,aggressive,Zach Stephens — Mohamed Nazim Makhlouf,,ITF Monastir: Zach Stephens vs Mohamed Nazim Makhlouf Total Sets: Over 2.5,0,,,,0.144,0.499,0.499,0.355,,35.5,35.5,0,,0.33,73,73,,,,580,,0,settled_lost,pm_resolution,lost,73,0,-73,0,,,0
75ce2c6e-e268-49db-bad4-34f523c80faa,e5·m1·interim,prematch,ITF,Tennis PMV,medium,Zach Stephens — Mohamed Nazim Makhlouf,,ITF Monastir: Zach Stephens vs Mohamed Nazim Makhlouf Total Sets: Over 2.5,0,,,,0.144,0.499,0.499,0.355,,35.5,35.5,0,,0.2,44,44,,,,580,,0,settled_lost,pm_resolution,lost,44,0,-44,0,,,0
250428ef-ff96-44d4-9bc2-a6df114c4143,e5·m1·interim,prematch,ITF,Tennis PMV,conservative,Zach Stephens — Mohamed Nazim Makhlouf,,ITF Monastir: Zach Stephens vs Mohamed Nazim Makhlouf Total Sets: Over 2.5,0,,,,0.144,0.499,0.499,0.355,,35.5,35.5,0,,0.12,26,26,,,,580,,0,settled_lost,pm_resolution,lost,26,0,-26,0,,,0
5216ba84-783d-4083-a7e4-9fe966cdb4fe,e5·m1·interim,prematch,ITF,Tennis PMV,max,Zach Stephens — Mohamed Nazim Makhlouf,,ITF Monastir: Zach Stephens vs Mohamed Nazim Makhlouf Total Sets: Over 2.5,0,,,,0.144,0.499,0.499,0.355,,35.5,35.5,0,,0.5,111,111,,,,580,,0,settled_lost,pm_resolution,lost,111,0,-111,0,,,0
57a7800e-7999-4296-a0a4-bb913e23278f,e5·m1·interim,prematch,ITF,Tennis PMV,aggressive,Cezar Gabriel Papoe — Stefan Adrian Andreescu,0:2,ITF Slobozia: Cezar Gabriel Papoe vs Stefan Adrian Andreescu Total Sets: Over 2.5,0,,,,0.139,0.499,0.499,0.36,,36,36,0,-0.5,0.33,71,71,,,,545,,0,settled_lost,pm_resolution,lost,71,0,-71,0,,,0
30e261ad-6577-4a05-bd21-fb958ac378ae,e5·m1·interim,prematch,ITF,Tennis PMV,medium,Cezar Gabriel Papoe — Stefan Adrian Andreescu,0:2,ITF Slobozia: Cezar Gabriel Papoe vs Stefan Adrian Andreescu Total Sets: Over 2.5,0,,,,0.139,0.499,0.499,0.36,,36,36,0,-0.5,0.2,43,43,,,,545,,0,settled_lost,pm_resolution,lost,43,0,-43,0,,,0
b62a3a8d-c08f-438a-83f4-2b9c4d9fb1f8,e5·m1·interim,prematch,ITF,Tennis PMV,conservative,Cezar Gabriel Papoe — Stefan Adrian Andreescu,0:2,ITF Slobozia: Cezar Gabriel Papoe vs Stefan Adrian Andreescu Total Sets: Over 2.5,0,,,,0.139,0.499,0.499,0.36,,36,36,0,-0.5,0.12,26,26,,,,545,,0,settled_lost,pm_resolution,lost,26,0,-26,0,,,0
dbc979eb-20d0-4a0a-ace8-a85dcdfcb1bf,e5·m1·interim,prematch,ITF,Tennis PMV,max,Cezar Gabriel Papoe — Stefan Adrian Andreescu,0:2,ITF Slobozia: Cezar Gabriel Papoe vs Stefan Adrian Andreescu Total Sets: Over 2.5,0,,,,0.139,0.499,0.499,0.36,,36,36,0,-0.5,0.5,108,108,,,,545,,0,settled_lost,pm_resolution,lost,108,0,-108,0,,,0
66aab86e-f268-420d-baae-689c886a576b,e5·m1·interim,prematch,ITF,Tennis PMV,aggressive,Carles Hernandez — Albert Pedrico Kravtsov,,ITF Gandia: Carles Hernandez vs Albert Pedrico Kravtsov Total Sets: Over 2.5,0,,,,0.131,0.491,0.491,0.36,,36,36,100,63.6,0.33,67,67,,,,572,,0,settled_won,pm_resolution,won,67,186.11,119.11,0,,,0
7c985358-7828-41ba-88b3-5b7da0e9be18,e5·m1·interim,prematch,ITF,Tennis PMV,medium,Carles Hernandez — Albert Pedrico Kravtsov,,ITF Gandia: Carles Hernandez vs Albert Pedrico Kravtsov Total Sets: Over 2.5,0,,,,0.131,0.491,0.491,0.36,,36,36,100,63.6,0.2,40,40,,,,572,,0,settled_won,pm_resolution,won,40,111.11,71.11,0,,,0
e4a213ac-21d0-426f-b9a5-58e73a6defbd,e5·m1·interim,prematch,ITF,Tennis PMV,conservative,Carles Hernandez — Albert Pedrico Kravtsov,,ITF Gandia: Carles Hernandez vs Albert Pedrico Kravtsov Total Sets: Over 2.5,0,,,,0.131,0.491,0.491,0.36,,36,36,100,63.6,0.12,24,24,,,,572,,0,settled_won,pm_resolution,won,24,66.67,42.67,0,,,0
249d7584-8a52-42d8-8deb-083330f8fb58,e5·m1·interim,prematch,ITF,Tennis PMV,max,Carles Hernandez — Albert Pedrico Kravtsov,,ITF Gandia: Carles Hernandez vs Albert Pedrico Kravtsov Total Sets: Over 2.5,0,,,,0.131,0.491,0.491,0.36,,36,36,100,63.6,0.5,102,102,,,,572,,0,settled_won,pm_resolution,won,102,283.33,181.33,0,,,0
63db393f-6c17-4828-b73e-9590eca9aa5c,e5·m1·interim,prematch,ITF,Tennis PMV,aggressive,Noel Larwig — Noah Schlagenhauf,,ITF Uslar: Noel Larwig vs Noah Schlagenhauf Total Sets: Over 2.5,0,,,,0.155,0.48,0.48,0.325,,32.5,32.5,0,,0.33,75,75,,,,682,,0,settled_lost,pm_resolution,lost,75,0,-75,0,,,0
dbc268a6-f99d-4864-a19b-eb07e41ce78d,e5·m1·interim,prematch,ITF,Tennis PMV,medium,Noel Larwig — Noah Schlagenhauf,,ITF Uslar: Noel Larwig vs Noah Schlagenhauf Total Sets: Over 2.5,0,,,,0.155,0.48,0.48,0.325,,32.5,32.5,0,,0.2,45,45,,,,682,,0,settled_lost,pm_resolution,lost,45,0,-45,0,,,0
3ad908a6-2870-48dd-a82a-fcd42279c723,e5·m1·interim,prematch,ITF,Tennis PMV,conservative,Noel Larwig — Noah Schlagenhauf,,ITF Uslar: Noel Larwig vs Noah Schlagenhauf Total Sets: Over 2.5,0,,,,0.155,0.48,0.48,0.325,,32.5,32.5,0,,0.12,27,27,,,,682,,0,settled_lost,pm_resolution,lost,27,0,-27,0,,,0
a44711cf-d613-466d-9987-bdb9357ac831,e5·m1·interim,prematch,ITF,Tennis PMV,max,Noel Larwig — Noah Schlagenhauf,,ITF Uslar: Noel Larwig vs Noah Schlagenhauf Total Sets: Over 2.5,0,,,,0.155,0.48,0.48,0.325,,32.5,32.5,0,,0.5,114,114,,,,682,,0,settled_lost,pm_resolution,lost,114,0,-114,0,,,0
0ea981cd-8809-4a08-a675-e241ff60f866,e5·m1·interim,prematch,ITF,Tennis PMV,aggressive,Selena Janicijevic — Denislava Glushkova,,ITF Darmstadt: Selena Janicijevic vs Denislava Glushkova Total Sets: Over 2.5,0,,,,0.125,0.485,0.485,0.36,,36,36,0,14,0.33,64,64,,,,595,,0,settled_lost,pm_resolution,lost,64,0,-64,0,,,0
9cbcb883-432e-4f05-a4d5-24c372420d82,e5·m1·interim,prematch,ITF,Tennis PMV,medium,Selena Janicijevic — Denislava Glushkova,,ITF Darmstadt: Selena Janicijevic vs Denislava Glushkova Total Sets: Over 2.5,0,,,,0.125,0.485,0.485,0.36,,36,36,0,14,0.2,39,39,,,,595,,0,settled_lost,pm_resolution,lost,39,0,-39,0,,,0
fe91fbc5-630e-4e99-8ae4-d98ae3b2ae8f,e5·m1·interim,prematch,ITF,Tennis PMV,conservative,Selena Janicijevic — Denislava Glushkova,,ITF Darmstadt: Selena Janicijevic vs Denislava Glushkova Total Sets: Over 2.5,0,,,,0.125,0.485,0.485,0.36,,36,36,0,14,0.12,23,23,,,,595,,0,settled_lost,pm_resolution,lost,23,0,-23,0,,,0
7f51b998-82d5-46ad-85c1-a7333a065e15,e5·m1·interim,prematch,ITF,Tennis PMV,max,Selena Janicijevic — Denislava Glushkova,,ITF Darmstadt: Selena Janicijevic vs Denislava Glushkova Total Sets: Over 2.5,0,,,,0.125,0.485,0.485,0.36,,36,36,0,14,0.5,97,97,,,,595,,0,settled_lost,pm_resolution,lost,97,0,-97,0,,,0
0b13b9e6-5a84-4390-9a62-451cd3e50ddb,e5·m1·interim,prematch,ITF,Tennis PMV,aggressive,Chanel Janssen — Tasnim Ismail,,ITF Monastir: Chanel Janssen vs Tasnim Ismail Total Sets: Over 2.5,0,,,,0.149,0.494,0.494,0.345,,34.5,34.5,100,,0.33,75,75,,,,535,,0,settled_won,pm_resolution,won,75,217.39,142.39,0,,,0
8d8a33fb-2419-4865-8545-03f9682ae69d,e5·m1·interim,prematch,ITF,Tennis PMV,medium,Chanel Janssen — Tasnim Ismail,,ITF Monastir: Chanel Janssen vs Tasnim Ismail Total Sets: Over 2.5,0,,,,0.149,0.494,0.494,0.345,,34.5,34.5,100,,0.2,45,45,,,,535,,0,settled_won,pm_resolution,won,45,130.43,85.43,0,,,0
7758f9ef-8558-478a-ae27-79bcb5e70265,e5·m1·interim,prematch,ITF,Tennis PMV,conservative,Chanel Janssen — Tasnim Ismail,,ITF Monastir: Chanel Janssen vs Tasnim Ismail Total Sets: Over 2.5,0,,,,0.149,0.494,0.494,0.345,,34.5,34.5,100,,0.12,27,27,,,,535,,0,settled_won,pm_resolution,won,27,78.26,51.26,0,,,0
b6976c59-a869-49aa-ab0a-3959bc03e63a,e5·m1·interim,prematch,ITF,Tennis PMV,max,Chanel Janssen — Tasnim Ismail,,ITF Monastir: Chanel Janssen vs Tasnim Ismail Total Sets: Over 2.5,0,,,,0.149,0.494,0.494,0.345,,34.5,34.5,100,,0.5,113,113,,,,535,,0,settled_won,pm_resolution,won,113,327.54,214.54,0,,,0
e7da87a0-5e77-410b-a979-b1b92cd73fbf,e5·m1·interim,prematch,ITF,Tennis PMV,aggressive,Pierre Delage — Boris Butulija,,ITF Kursumlijska Banja: Pierre Delage vs Boris Butulija Total Sets: Over 2.5,0,,,,0.092,0.402,0.402,0.31,,31,31,0,,0.33,44,44,,,,521,,0,settled_lost,pm_resolution,lost,44,0,-44,0,,,0
4dd856db-242f-4a03-a8d6-e6889b5e5b41,e5·m1·interim,prematch,ITF,Tennis PMV,medium,Pierre Delage — Boris Butulija,,ITF Kursumlijska Banja: Pierre Delage vs Boris Butulija Total Sets: Over 2.5,0,,,,0.092,0.402,0.402,0.31,,31,31,0,,0.2,26,26,,,,521,,0,settled_lost,pm_resolution,lost,26,0,-26,0,,,0
ccec8965-17ad-4092-b970-1da03f222b22,e5·m1·interim,prematch,ITF,Tennis PMV,max,Pierre Delage — Boris Butulija,,ITF Kursumlijska Banja: Pierre Delage vs Boris Butulija Total Sets: Over 2.5,0,,,,0.092,0.402,0.402,0.31,,31,31,0,,0.5,66,66,,,,521,,0,settled_lost,pm_resolution,lost,66,0,-66,0,,,0
d0fa6d4d-a61b-4fab-a481-32559ac48968,e5·m1·interim,prematch,ITF,Tennis PMV,aggressive,Gabriela Ce — Camilla Zanolini,,ITF Torino: Gabriela Ce vs Camilla Zanolini Total Sets: Over 2.5,0,,,,0.101,0.461,0.461,0.36,,36,36,0,-35.5,0.33,52,52,,,,521,,0,settled_lost,pm_resolution,lost,52,0,-52,0,,,0
db6ada59-86e2-46d0-bd35-d2f52361e6bf,e5·m1·interim,prematch,ITF,Tennis PMV,medium,Gabriela Ce — Camilla Zanolini,,ITF Torino: Gabriela Ce vs Camilla Zanolini Total Sets: Over 2.5,0,,,,0.101,0.461,0.461,0.36,,36,36,0,-35.5,0.2,31,31,,,,521,,0,settled_lost,pm_resolution,lost,31,0,-31,0,,,0
38550559-cb26-4a27-8eba-d204c8e849de,e5·m1·interim,prematch,ITF,Tennis PMV,conservative,Gabriela Ce — Camilla Zanolini,,ITF Torino: Gabriela Ce vs Camilla Zanolini Total Sets: Over 2.5,0,,,,0.101,0.461,0.461,0.36,,36,36,0,-35.5,0.12,18,18,,,,521,,0,settled_lost,pm_resolution,lost,18,0,-18,0,,,0
3f0b495c-5a91-476e-93ad-dbb1590fadf6,e5·m1·interim,prematch,ITF,Tennis PMV,max,Gabriela Ce — Camilla Zanolini,,ITF Torino: Gabriela Ce vs Camilla Zanolini Total Sets: Over 2.5,0,,,,0.101,0.461,0.461,0.36,,36,36,0,-35.5,0.5,78,78,,,,521,,0,settled_lost,pm_resolution,lost,78,0,-78,0,,,0
56c94a39-1dc2-47c2-94ce-87b0f5b0555d,e5·m1·interim,prematch,WTA,Tennis PMV,aggressive,Elena Micic — Qinwen Zheng,,Athens Open: Elena Micic vs Qinwen Zheng Set Handicap +/-1.5,0,,,,0.075,0.34,0.34,0.265,,26.5,26.5,26.5,-26,0.33,33,33,,,,4995,,0,settled_void,void,void,33,33,0,0,,,0
22cfd4ee-2409-49ff-8a90-70bb2897d79f,e5·m1·interim,prematch,WTA,Tennis PMV,medium,Elena Micic — Qinwen Zheng,,Athens Open: Elena Micic vs Qinwen Zheng Set Handicap +/-1.5,0,,,,0.075,0.34,0.34,0.265,,26.5,26.5,26.5,-26,0.2,20,20,,,,4995,,0,settled_void,void,void,20,20,0,0,,,0
858d4444-dba0-41a8-b6a7-3f0e23ec2e2f,e5·m1·interim,prematch,WTA,Tennis PMV,conservative,Elena Micic — Qinwen Zheng,,Athens Open: Elena Micic vs Qinwen Zheng Set Handicap +/-1.5,0,,,,0.075,0.34,0.34,0.265,,26.5,26.5,26.5,-26,0.12,12,12,,,,4995,,0,settled_void,void,void,12,12,0,0,,,0
73077283-d224-47cf-b9f6-c2c52ea63d7e,e5·m1·interim,prematch,WTA,Tennis PMV,max,Elena Micic — Qinwen Zheng,,Athens Open: Elena Micic vs Qinwen Zheng Set Handicap +/-1.5,0,,,,0.075,0.34,0.34,0.265,,26.5,26.5,26.5,-26,0.5,51,51,,,,4995,,0,settled_void,void,void,51,51,0,0,,,0
a0e74038-337f-45c7-b577-5a77c68bdf23,e5·m1·interim,prematch,WTA,Tennis PMV,aggressive,Harriet Dart — Maria Sakkari,,Athens Open: Harriet Dart vs Maria Sakkari Total Sets: Over 2.5,0,,,,0.101,0.436,0.436,0.335,,33.5,33.5,0,-33,0.33,50,50,,,,6069,,0,settled_lost,pm_resolution,lost,50,0,-50,0,,,0
f375abc8-788e-4a9a-bdce-781c051c07af,e5·m1·interim,prematch,WTA,Tennis PMV,medium,Harriet Dart — Maria Sakkari,,Athens Open: Harriet Dart vs Maria Sakkari Total Sets: Over 2.5,0,,,,0.101,0.436,0.436,0.335,,33.5,33.5,0,-33,0.2,30,30,,,,6069,,0,settled_lost,pm_resolution,lost,30,0,-30,0,,,0
40241114-7e38-460c-93d9-28654c77fd78,e5·m1·interim,prematch,WTA,Tennis PMV,conservative,Harriet Dart — Maria Sakkari,,Athens Open: Harriet Dart vs Maria Sakkari Total Sets: Over 2.5,0,,,,0.101,0.436,0.436,0.335,,33.5,33.5,0,-33,0.12,18,18,,,,6069,,0,settled_lost,pm_resolution,lost,18,0,-18,0,,,0
41aa95a1-9ecf-4d28-8d9d-881b2d1901c0,e5·m1·interim,prematch,WTA,Tennis PMV,max,Harriet Dart — Maria Sakkari,,Athens Open: Harriet Dart vs Maria Sakkari Total Sets: Over 2.5,0,,,,0.101,0.436,0.436,0.335,,33.5,33.5,0,-33,0.5,75,75,,,,6069,,0,settled_lost,pm_resolution,lost,75,0,-75,0,,,0
c2f26e7a-85a1-4afc-9fa8-56c3e7e76e00,e5·m1·interim,prematch,WTA,Tennis PMV,aggressive,Darya Astakhova — Noma Noha Akugue,,Rome: Darya Astakhova vs Noma Noha Akugue Match Over 21.5,0,,,,0.155,0.625,0.625,0.47,,47,47,100,53,0.33,80,80,,,,685,,0,settled_won,pm_resolution,won,80,170.21,90.21,0,,,0
53119a78-ebab-4045-8bbd-94c0e7edb656,e5·m1·interim,prematch,WTA,Tennis PMV,medium,Darya Astakhova — Noma Noha Akugue,,Rome: Darya Astakhova vs Noma Noha Akugue Match Over 21.5,0,,,,0.155,0.625,0.625,0.47,,47,47,100,53,0.2,50,50,,,,685,,0,settled_won,pm_resolution,won,50,106.38,56.38,0,,,0
900588de-4cf0-4140-8561-1db7d6f5669c,e5·m1·interim,prematch,WTA,Tennis PMV,conservative,Darya Astakhova — Noma Noha Akugue,,Rome: Darya Astakhova vs Noma Noha Akugue Match Over 21.5,0,,,,0.155,0.625,0.625,0.47,,47,47,100,53,0.12,30,30,,,,685,,0,settled_won,pm_resolution,won,30,63.83,33.83,0,,,0
5a00697c-5135-4e7f-839c-7065f6f7064e,e5·m1·interim,prematch,WTA,Tennis PMV,max,Darya Astakhova — Noma Noha Akugue,,Rome: Darya Astakhova vs Noma Noha Akugue Match Over 21.5,0,,,,0.155,0.625,0.625,0.47,,47,47,100,53,0.5,146,146,,,,685,,0,settled_won,pm_resolution,won,146,310.64,164.64,0,,,0
41b4cc58-6fda-48ba-abc9-155ac9262c92,e5·m1·opus48,live,Europa Conference League,Pre-match Value,aggressive,SP La Fiorita — FC UNA Strassen,0:2,Both Teams to Score,0,46,0,2,0.27,0.62,0.51,0.35,,35,35.2,8.9,-34.7,0.33,80,80,0,0.45,,4577.2387,-59.77,1,settled_lost,early,lost,80,20.23,-59.77,4,discretionary|discretionary|discretionary|discretionary,13.6,-144.14
81c21dec-dd73-4474-a061-cbea90642121,e5·m1·opus48,live,Europa Conference League,Pre-match Value,medium,SP La Fiorita — FC UNA Strassen,0:2,Both Teams to Score,0,46,0,2,0.27,0.62,0.51,0.35,,35,35.2,16.9,-34.7,0.2,50,50,0,0.45,,4577.2387,-25.99,1,settled_lost,early,lost,50,24.01,-25.99,4,discretionary|discretionary|discretionary|discretionary,13.6,-144.14
72667d2a-c725-467e-9172-cee4f0d9ab17,e5·m1·interim,live,ITF,Tennis Overreaction,aggressive,Isabella Barrera Aguirre — Mell Elizabeth Reasco Gonzalez,,M. E. Reasco Gonzalez,0,,,,0.07,0.665,,0.55,,55,55,63.5,,0.33,51,51,,,,3437.6909,7.88,2,settled_won,early,won,51,58.88,7.88,0,,,0
41c51083-dc13-4832-a177-d4b546b34f1c,e5·m1·interim,live,ITF,Tennis Overreaction,medium,Isabella Barrera Aguirre — Mell Elizabeth Reasco Gonzalez,,M. E. Reasco Gonzalez,0,,,,0.07,0.665,,0.55,,55,55,63.5,,0.2,31,31,,,,3437.6909,4.79,2,settled_won,early,won,31,35.79,4.79,0,,,0
6e9c65a7-6e38-4adf-8a03-cddb280f0746,e5·m1·interim,live,ITF,Tennis Overreaction,max,Isabella Barrera Aguirre — Mell Elizabeth Reasco Gonzalez,,M. E. Reasco Gonzalez,0,,,,0.07,0.665,,0.55,,55,55,63.5,,0.5,77,77,,,,3437.6909,11.9,2,settled_won,early,won,77,88.9,11.9,0,,,0
85a0464a-8ce6-436a-a770-9862146248ca,e5·m1·interim,live,ITF,Tennis Overreaction,aggressive,Isabella Barrera Aguirre — Mell Elizabeth Reasco Gonzalez,,M. E. Reasco Gonzalez,0,,,,0.05,0.665,,0.55,,55,55,63.5,,0.33,36,36,,,,3437.6909,5.56,2,settled_won,early,won,36,41.56,5.56,0,,,0
6f53204c-99c0-480e-ad69-f1ddaa392724,e5·m1·interim,live,ITF,Tennis Overreaction,max,Isabella Barrera Aguirre — Mell Elizabeth Reasco Gonzalez,,M. E. Reasco Gonzalez,0,,,,0.05,0.665,,0.55,,55,55,63.5,,0.5,55,55,,,,3437.6909,8.5,2,settled_won,early,won,55,63.5,8.5,0,,,0
dbb82412-6026-4b46-a83a-73a02e6d5b40,e5·m1·interim,live,ITF,Tennis Set-Value,aggressive,Isabella Barrera Aguirre — Mell Elizabeth Reasco Gonzalez,,M. E. Reasco Gonzalez,0,,,,0.105,0.5,,0.395,,39.5,39.5,27.5,,0.33,57,57,,,,3437.6909,-17.32,2,settled_lost,early,lost,57,39.68,-17.32,0,,,0
34227c44-d538-4869-a9d2-9565bd5c3859,e5·m1·interim,live,ITF,Tennis Set-Value,medium,Isabella Barrera Aguirre — Mell Elizabeth Reasco Gonzalez,,M. E. Reasco Gonzalez,0,,,,0.105,0.5,,0.395,,39.5,39.5,27.5,,0.2,34,34,,,,3437.6909,-10.33,2,settled_lost,early,lost,34,23.67,-10.33,0,,,0
19b627db-19b1-4d98-a568-533956141ed9,e5·m1·interim,live,ITF,Tennis Set-Value,conservative,Isabella Barrera Aguirre — Mell Elizabeth Reasco Gonzalez,,M. E. Reasco Gonzalez,0,,,,0.105,0.5,,0.395,,39.5,39.5,27.5,,0.12,20,20,,,,3437.6909,-6.08,2,settled_lost,early,lost,20,13.92,-6.08,0,,,0
39a747b7-8724-4cf0-bb6f-181f53e5bf18,e5·m1·interim,live,ITF,Tennis Set-Value,max,Isabella Barrera Aguirre — Mell Elizabeth Reasco Gonzalez,,M. E. Reasco Gonzalez,0,,,,0.105,0.5,,0.395,,39.5,39.5,27.5,,0.5,86,86,,,,3437.6909,-26.13,2,settled_lost,early,lost,86,59.87,-26.13,0,,,0
032df252-204c-483c-8199-cf0a79fd6abb,e5·m1·interim,live,ITF,Tennis Set-Value,aggressive,Isabella Barrera Aguirre — Mell Elizabeth Reasco Gonzalez,,M. E. Reasco Gonzalez,0,,,,0.11,0.5,,0.39,,39,39,26.5,,0.33,59,59,,,,3437.6909,-18.91,2,settled_lost,early,lost,59,40.09,-18.91,0,,,0
be17ae18-b5c7-49e5-9da9-87ef4a0de98a,e5·m1·interim,live,ITF,Tennis Set-Value,medium,Isabella Barrera Aguirre — Mell Elizabeth Reasco Gonzalez,,M. E. Reasco Gonzalez,0,,,,0.11,0.5,,0.39,,39,39,26.5,,0.2,36,36,,,,3437.6909,-11.54,2,settled_lost,early,lost,36,24.46,-11.54,0,,,0
d5e2ad53-b662-4ef0-88ea-7ae7b7648217,e5·m1·interim,live,ITF,Tennis Set-Value,conservative,Isabella Barrera Aguirre — Mell Elizabeth Reasco Gonzalez,,M. E. Reasco Gonzalez,0,,,,0.11,0.5,,0.39,,39,39,26.5,,0.12,21,21,,,,3437.6909,-6.73,2,settled_lost,early,lost,21,14.27,-6.73,0,,,0
e341c03c-70e4-49b2-a99d-ba5ac1e0fd2f,e5·m1·interim,live,ITF,Tennis Set-Value,max,Isabella Barrera Aguirre — Mell Elizabeth Reasco Gonzalez,,M. E. Reasco Gonzalez,0,,,,0.11,0.5,,0.39,,39,39,26.5,,0.5,90,90,,,,3437.6909,-28.85,2,settled_lost,early,lost,90,61.15,-28.85,0,,,0
93c516f2-b470-4b01-965c-de68f7b37fb8,e5·m1·interim,live,ITF,Tennis Overreaction,aggressive,Isabella Barrera Aguirre — Mell Elizabeth Reasco Gonzalez,,I. Barrera Aguirre,0,,,,0.335,0.695,,0.385,,38.5,38.5,20.5,,0.33,80,80,,,,3437.6909,-37.4,2,settled_lost,early,lost,80,42.6,-37.4,0,,,0
90031046-004c-407c-a5bc-bc6c93e37fd0,e5·m1·interim,live,ITF,Tennis Overreaction,medium,Isabella Barrera Aguirre — Mell Elizabeth Reasco Gonzalez,,I. Barrera Aguirre,0,,,,0.335,0.695,,0.385,,38.5,38.5,20.5,,0.2,50,50,,,,3437.6909,-23.38,2,settled_lost,early,lost,50,26.62,-23.38,0,,,0
b1c612a2-e801-4d32-b1e9-5f1ebaf39a72,e5·m1·interim,live,ITF,Tennis Overreaction,conservative,Isabella Barrera Aguirre — Mell Elizabeth Reasco Gonzalez,,I. Barrera Aguirre,0,,,,0.335,0.695,,0.385,,38.5,38.5,20.5,,0.12,30,30,,,,3437.6909,-14.03,2,settled_lost,early,lost,30,15.97,-14.03,0,,,0
0f5b9daa-2082-4e99-bd36-a87437f80894,e5·m1·interim,live,ITF,Tennis Overreaction,max,Isabella Barrera Aguirre — Mell Elizabeth Reasco Gonzalez,,I. Barrera Aguirre,0,,,,0.335,0.695,,0.385,,38.5,38.5,20.5,,0.5,200,200,,,,3437.6909,-93.51,2,settled_lost,early,lost,200,106.49,-93.51,0,,,0
6fa7168d-f570-4229-b5bc-1b144d2a05fa,e5·m1·interim,live,ITF,Tennis Overreaction,aggressive,Isabella Barrera Aguirre — Mell Elizabeth Reasco Gonzalez,,I. Barrera Aguirre,0,,,,0.195,0.695,,0.385,,38.5,38.5,20.5,,0.33,70,70,,,,3437.6909,-32.73,2,settled_lost,early,lost,70,37.27,-32.73,0,,,0
48567408-bc7e-432f-a19b-fe9d5f811d2a,e5·m1·interim,live,ITF,Tennis Overreaction,medium,Isabella Barrera Aguirre — Mell Elizabeth Reasco Gonzalez,,I. Barrera Aguirre,0,,,,0.195,0.695,,0.385,,38.5,38.5,20.5,,0.2,50,50,,,,3437.6909,-23.38,2,settled_lost,early,lost,50,26.62,-23.38,0,,,0
85ddd59c-d4f4-4e20-8c0d-16725bbb3589,e5·m1·interim,live,ITF,Tennis Overreaction,conservative,Isabella Barrera Aguirre — Mell Elizabeth Reasco Gonzalez,,I. Barrera Aguirre,0,,,,0.195,0.695,,0.385,,38.5,38.5,20.5,,0.12,30,30,,,,3437.6909,-14.03,2,settled_lost,early,lost,30,15.97,-14.03,0,,,0
80d3f44b-d381-4945-ae83-4b32a3956e70,e5·m1·interim,live,ITF,Tennis Overreaction,max,Isabella Barrera Aguirre — Mell Elizabeth Reasco Gonzalez,,I. Barrera Aguirre,0,,,,0.195,0.695,,0.385,,38.5,38.5,20.5,,0.5,158,158,,,,3437.6909,-73.87,2,settled_lost,early,lost,158,84.13,-73.87,0,,,0
e86f5e5c-b7a2-4bc7-bb82-d100bfae5c7f,e5·m1·interim,live,ATP,Tennis Set-Value,aggressive,Evan Zhu — Yunchaokete Bu,,Y. Bu,0,,,,0.06,0.5,,0.44,,44,44,42.5,,0.33,35,17.5,,,,33184.5847,-0.6,2,settled_lost,early,lost,17.5,16.9,-0.6,0,,,0
3d86de4f-eaaa-414c-9165-28c198651b78,e5·m1·interim,live,ATP,Tennis Set-Value,medium,Evan Zhu — Yunchaokete Bu,,Y. Bu,0,,,,0.06,0.5,,0.44,,44,44,42.5,,0.2,21,10.5,,,,33184.5847,-0.36,2,settled_lost,early,lost,10.5,10.14,-0.36,0,,,0
499b3613-0220-4c64-ab94-59d106f04ead,e5·m1·interim,live,ATP,Tennis Set-Value,max,Evan Zhu — Yunchaokete Bu,,Y. Bu,0,,,,0.06,0.5,,0.44,,44,44,42.5,,0.5,53,26.5,,,,33184.5847,-0.9,2,settled_lost,early,lost,26.5,25.6,-0.9,0,,,0
5afce769-d714-48f3-8ad0-808815334727,,live,ATP,Tennis Set-Value,aggressive,Evan Zhu — Yunchaokete Bu,,Y. Bu,0,,,,0.06,0.5,,0.44,,44,44,65.5,,,,17.5,,,,,8.55,2,settled_won,partial,won,17.5,26.05,8.55,0,,,0
7ecb61d8-658a-443a-9266-8b1ae9c862d0,,live,ATP,Tennis Set-Value,medium,Evan Zhu — Yunchaokete Bu,,Y. Bu,0,,,,0.06,0.5,,0.44,,44,44,65.5,,,,10.5,,,,,5.13,2,settled_won,partial,won,10.5,15.63,5.13,0,,,0
c41e03e7-f8b2-41f0-8536-e7261e2f4aac,,live,ATP,Tennis Set-Value,max,Evan Zhu — Yunchaokete Bu,,Y. Bu,0,,,,0.06,0.5,,0.44,,44,44,65.5,,,,26.5,,,,,12.95,2,settled_won,partial,won,26.5,39.45,12.95,0,,,0
3622f588-cce7-48c3-8ee9-50ec943977df,e5·m1·interim,live,ATP,Tennis Overreaction,aggressive,Sasha Rozin — Keegan Rice,,K. Rice,0,,,,0.065,0.72,,0.635,,63.5,63.5,72,,0.33,58,58,,,,32086.478,7.76,2,settled_won,early,won,58,65.76,7.76,0,,,0
6fcb076e-9052-4a70-9f08-fde6e4cd9313,e5·m1·interim,live,ATP,Tennis Overreaction,medium,Sasha Rozin — Keegan Rice,,K. Rice,0,,,,0.065,0.72,,0.635,,63.5,63.5,72,,0.2,35,35,,,,32086.478,4.69,2,settled_won,early,won,35,39.69,4.69,0,,,0
145a5b7c-2281-462a-9e21-a8a79389720b,e5·m1·interim,live,ATP,Tennis Overreaction,max,Sasha Rozin — Keegan Rice,,K. Rice,0,,,,0.065,0.72,,0.635,,63.5,63.5,72,,0.5,89,89,,,,32086.478,11.91,2,settled_won,early,won,89,100.91,11.91,0,,,0
481f1281-dcb2-4302-a6e8-e084e41b0f99,e5·m1·interim,live,WTA,Tennis Overreaction,aggressive,Erika Andreeva — Mia Ristic,,E. Andreeva,0,,,,0.068,0.695,,0.592,,59.2,59.2,71.5,,0.33,54,54,,,,105235.53829,11.22,2,settled_won,early,won,54,65.22,11.22,0,,,0
78a4d36b-400f-40fe-acd6-5db85a8095d2,e5·m1·interim,live,WTA,Tennis Overreaction,medium,Erika Andreeva — Mia Ristic,,E. Andreeva,0,,,,0.068,0.695,,0.592,,59.2,59.2,71.5,,0.2,33,33,,,,105235.53829,6.86,2,settled_won,early,won,33,39.86,6.86,0,,,0
dbd65d0f-42d6-48c8-bc0d-cf814643bf51,e5·m1·interim,live,WTA,Tennis Overreaction,max,Erika Andreeva — Mia Ristic,,E. Andreeva,0,,,,0.068,0.695,,0.592,,59.2,59.2,71.5,,0.5,83,83,,,,105235.53829,17.24,2,settled_won,early,won,83,100.24,17.24,0,,,0
b43e9583-8d9c-43bf-b502-39bde3e126a1,e5·m1·interim,live,WTA,Tennis Overreaction,aggressive,Maria Lourdes Carle — Barbora Palicova,,M. L. Carle,0,,,,0.035,0.495,,0.435,,43.5,43.5,43.5,,0.33,20,20,,,,98040.8205,0,2,settled_won,early,won,20,20,0,0,,,0
89b6f2c8-cad0-422d-af2b-ae4f5c6a39bf,e5·m1·interim,live,WTA,Tennis Overreaction,max,Maria Lourdes Carle — Barbora Palicova,,M. L. Carle,0,,,,0.035,0.495,,0.435,,43.5,43.5,43.5,,0.5,30,30,,,,98040.8205,0,2,settled_won,early,won,30,30,0,0,,,0
9af6d16a-c770-419f-9ae0-6ed6cefdaead,e5·m1·interim,live,ATP,Tennis Set-Value,aggressive,Stefano Travaglia — Mariano Navone,,M. Navone,0,,,,0.065,0.5,,0.435,,43.5,43.5,43.5,,0.33,37,37,,,,229566.493,0,2,settled_won,early,won,37,37,0,0,,,0
3c87ca58-8ca5-45ef-8fd8-39e4a8972b04,e5·m1·interim,live,ATP,Tennis Set-Value,medium,Stefano Travaglia — Mariano Navone,,M. Navone,0,,,,0.065,0.5,,0.435,,43.5,43.5,43.5,,0.2,23,23,,,,229566.493,0,2,settled_won,early,won,23,23,0,0,,,0
5bfbc59b-224d-47bd-a1e5-b7c01b9ecf3d,e5·m1·interim,live,ATP,Tennis Set-Value,max,Stefano Travaglia — Mariano Navone,,M. Navone,0,,,,0.065,0.5,,0.435,,43.5,43.5,43.5,,0.5,57,57,,,,229566.493,0,2,settled_won,early,won,57,57,0,0,,,0
9615ace2-4e22-44be-824f-b74af94b7658,e5·m1·interim,live,ATP,Tennis Overreaction,aggressive,Stefano Napolitano — Alex Barrena,,S. Napolitano,0,,,,0.05,0.69,,0.58,,58,58,67.5,,0.33,39,39,,,,38864.281,6.39,2,settled_won,early,won,39,45.39,6.39,0,,,0
cd2c530c-db7a-4e6f-aa9a-a11c4f6e58b7,e5·m1·interim,live,ATP,Tennis Overreaction,medium,Stefano Napolitano — Alex Barrena,,S. Napolitano,0,,,,0.05,0.69,,0.58,,58,58,67.5,,0.2,23,23,,,,38864.281,3.77,2,settled_won,early,won,23,26.77,3.77,0,,,0
67371aad-c46e-4121-94e4-e5dead370e7a,e5·m1·interim,live,ATP,Tennis Overreaction,max,Stefano Napolitano — Alex Barrena,,S. Napolitano,0,,,,0.05,0.69,,0.58,,58,58,67.5,,0.5,59,59,,,,38864.281,9.66,2,settled_won,early,won,59,68.66,9.66,0,,,0
69f36547-cb0f-4146-aa17-c67ad34acb16,e5·m1·interim,live,ATP,Tennis Overreaction,aggressive,Liam Draxl — James Kent Trotter,,L. Draxl,0,,,,0.053,0.402,,0.327,,32.7,32.7,39.5,,0.33,25,25,,,,29911.79898,5.2,2,settled_won,early,won,25,30.2,5.2,0,,,0
f7cd21de-f970-4958-b3c9-c21c65b18308,e5·m1·interim,live,ATP,Tennis Overreaction,medium,Liam Draxl — James Kent Trotter,,L. Draxl,0,,,,0.053,0.402,,0.327,,32.7,32.7,39.5,,0.2,15,15,,,,29911.79898,3.12,2,settled_won,early,won,15,18.12,3.12,0,,,0
812acbe8-a8ca-4f0b-81dc-6a275883b426,e5·m1·interim,live,ATP,Tennis Overreaction,max,Liam Draxl — James Kent Trotter,,L. Draxl,0,,,,0.053,0.402,,0.327,,32.7,32.7,39.5,,0.5,39,39,,,,29911.79898,8.11,2,settled_won,early,won,39,47.11,8.11,0,,,0
a978f466-cceb-4a83-bd44-0449a0c487c8,e5·m1·book-fill-m1,live,ATP,Tennis Overreaction,aggressive,Flavio Cobolli — Roman Andres Burruchaga,,F. Cobolli,0,,,,0.085,0.535,,0.422,,42.2,42.2,32.8,,0.33,47,47,,,,110437.4999,-10.47,2,settled_lost,early,lost,47,36.53,-10.47,0,,,0
df9fc283-6bec-4995-8cbc-57b6687dc610,e5·m1·book-fill-m1,live,ATP,Tennis Overreaction,medium,Flavio Cobolli — Roman Andres Burruchaga,,F. Cobolli,0,,,,0.085,0.535,,0.422,,42.2,42.2,32.8,,0.2,29,29,,,,110437.4999,-6.46,2,settled_lost,early,lost,29,22.54,-6.46,0,,,0
3aaece1f-13c9-40dc-aba2-1d3e54758615,e5·m1·book-fill-m1,live,ATP,Tennis Overreaction,conservative,Flavio Cobolli — Roman Andres Burruchaga,,F. Cobolli,0,,,,0.085,0.535,,0.422,,42.2,42.2,32.8,,0.12,17,17,,,,110437.4999,-3.79,2,settled_lost,early,lost,17,13.21,-3.79,0,,,0
895c2c8a-e6a5-429e-a697-43ab8bf83889,e5·m1·book-fill-m1,live,ATP,Tennis Overreaction,max,Flavio Cobolli — Roman Andres Burruchaga,,F. Cobolli,0,,,,0.085,0.535,,0.422,,42.2,42.2,32.8,,0.5,72,72,,,,110437.4999,-16.04,2,settled_lost,early,lost,72,55.96,-16.04,0,,,0
0e4b1190-e74f-4d23-88c5-c6d3ab166cca,e5·m1·book-fill-m1,live,ATP,Tennis Set-Value,aggressive,Flavio Cobolli — Roman Andres Burruchaga,,F. Cobolli,0,,,,0.175,0.5,,0.382,,38.2,38.2,9.9,,0.33,80,80,,,,110437.4999,-59.27,2,settled_lost,early,lost,80,20.73,-59.27,0,,,0
4e653e23-8b45-4d0e-9dcd-4bf83eb9b976,e5·m1·book-fill-m1,live,ATP,Tennis Set-Value,medium,Flavio Cobolli — Roman Andres Burruchaga,,F. Cobolli,0,,,,0.175,0.5,,0.382,,38.2,38.2,9.9,,0.2,50,50,,,,110437.4999,-37.04,2,settled_lost,early,lost,50,12.96,-37.04,0,,,0
f90f4706-76f5-4b26-91ed-6538dd42dfea,e5·m1·book-fill-m1,live,ATP,Tennis Set-Value,conservative,Flavio Cobolli — Roman Andres Burruchaga,,F. Cobolli,0,,,,0.175,0.5,,0.382,,38.2,38.2,9.9,,0.12,30,30,,,,110437.4999,-22.23,2,settled_lost,early,lost,30,7.77,-22.23,0,,,0
d266c13d-90cc-4590-9296-73d4ef06bb7d,e5·m1·book-fill-m1,live,ATP,Tennis Set-Value,max,Flavio Cobolli — Roman Andres Burruchaga,,F. Cobolli,0,,,,0.175,0.5,,0.382,,38.2,38.2,9.9,,0.5,129,129,,,,110437.4999,-95.57,2,settled_lost,early,lost,129,33.43,-95.57,0,,,0
f08960d2-5b09-468c-96c2-53c0a5cae918,e5·m1·book-fill-m1,live,WTA,Tennis Overreaction,aggressive,Oleksandra Oliynykova — Elena Pridankina,,O. Oliynykova,0,,,,0.032,0.605,,0.582,,58.2,58.2,59.6,,0.33,24,24,,,,10839.3292,0.58,2,settled_won,early,won,24,24.58,0.58,0,,,0
b070b241-6bd2-47ef-a089-f23b6b0f7d70,e5·m1·book-fill-m1,live,WTA,Tennis Overreaction,max,Oleksandra Oliynykova — Elena Pridankina,,O. Oliynykova,0,,,,0.032,0.605,,0.582,,58.2,58.2,59.6,,0.5,37,37,,,,10839.3292,0.89,2,settled_won,early,won,37,37.89,0.89,0,,,0
4683b5d7-e57b-4d69-8111-e35dda990a2e,e5·m1·book-fill-m1,live,WTA,Tennis Overreaction,max,Marina Bassols Ribera — Arantxa Rus,,M. Bassols,0,,,,0.03,0.345,,0.302,,30.2,30.2,28.5,,0.5,21,21,,,,5216.2493,-1.18,2,settled_lost,early,lost,21,19.82,-1.18,0,,,0
c1517a85-cc91-41b8-8f7b-765ac644a63c,e5·m1,prematch,Europa Conference League,Pre-match Value,aggressive,FC Inter Turku — FK Sarajevo,2:1,FK Sarajevo Over 0.5,1,,0,0,0.115,0.73,0.728,0.615,,61.5,63.6,99,36.4,0.33,80,80,0.4,0.5,0.728,,44.53,1,settled_won,early,won,80,124.53,44.53,3,take_price|take_price|take_price,99,154.7
d861c721-c41a-4898-9e23-e0398253763d,e5·m1,prematch,Europa Conference League,Pre-match Value,medium,FC Inter Turku — FK Sarajevo,2:1,FK Sarajevo Over 0.5,1,,0,0,0.115,0.73,0.728,0.615,,61.5,63.2,99,36.8,0.2,50,50,0,0.5,0.728,,28.32,1,settled_won,early,won,50,78.32,28.32,3,take_price|take_price|take_price,99,154.7
71c6bba0-96de-45ca-a475-58213636104a,e5·m1,prematch,Europa Conference League,Pre-match Value,max,FC Inter Turku — FK Sarajevo,2:1,FK Sarajevo Over 0.5,1,,0,0,0.115,0.73,0.728,0.615,,61.5,63.9,99,36.1,0.5,149,149,0.7,0.5,0.728,,81.85,1,settled_won,early,won,149,230.85,81.85,3,take_price|take_price|take_price,99,154.7
f3f967d6-ec45-461d-8814-f0774e655635,e5·m1,prematch,Europa Conference League,Pre-match Value,aggressive,Bohemian FC — St Joseph's FC,0:0,Both Teams to Score — No,0,,0,0,0.095,0.54,0.54,0.445,,44.5,45.8,90.9,53.7,0.33,56,56,0.6,0.58,0.54,238.226,27.57,1,settled_won,early,won,28,55.57,27.57,6,take_price|thesis_stop|thesis_stop|take_price|take_price|take_price,83.8,140.29
6e448bfb-1c65-480f-bfbd-cb36187ab26c,e5·m1,prematch,Europa Conference League,Pre-match Value,medium,Bohemian FC — St Joseph's FC,0:0,Both Teams to Score — No,0,,0,0,0.095,0.54,0.54,0.445,,44.5,45.5,72.9,54,0.2,34,34,0.3,0.58,0.54,238.226,20.47,1,settled_won,early,won,34,54.47,20.47,6,take_price|thesis_stop|thesis_stop|take_price|take_price|take_price,83.8,140.29
60354ece-82ff-47ae-bd7b-d9851d22ecd0,e5·m1,prematch,Europa Conference League,Pre-match Value,max,Bohemian FC — St Joseph's FC,0:0,Both Teams to Score — No,0,,0,0,0.095,0.54,0.54,0.445,,44.5,45.9,94,53.6,0.5,85,85,0.7,0.58,0.54,238.226,44.54,1,settled_won,early,won,42.5,87.04,44.54,6,take_price|thesis_stop|thesis_stop|take_price|take_price|take_price,83.8,140.29
b2bfcde7-9cf3-44a4-89da-7a91be7d69c4,e5·m1,prematch,Europa Conference League,Pre-match Value,aggressive,Marsaxlokk FC — Pyunik FA,0:1,Both Teams to Score — Yes,1,,0,0,0.135,0.57,0.569,0.435,,43.5,44.2,11.9,-44.1,0.33,78,78,0,0.42,0.569,226.5428,-57,1,settled_lost,early,lost,78,21,-57,2,counter_scenario|counter_scenario,11.9,-143.96
d45605bd-b1bd-42d4-83e4-e51eb8a43b84,e5·m1,prematch,Europa Conference League,Pre-match Value,max,Marsaxlokk FC — Pyunik FA,0:1,Both Teams to Score — Yes,1,,0,0,0.135,0.57,0.569,0.435,,43.5,44.2,11.9,-44.1,0.5,119,119,0,0.42,0.569,226.5428,-86.96,1,settled_lost,early,lost,119,32.04,-86.96,2,counter_scenario|counter_scenario,11.9,-143.96
64921396-a843-4b67-9622-013983e5e4e8,e5·m1,live,Europa Conference League,Overreaction,aggressive,FC Inter Turku — FK Sarajevo,2:1,FK Sarajevo Under 1.5,0,35,0,1,0.11,0.62,0.63,0.51,,51,58.2,8.7,41.4,0.33,74,74,0,0.5,,,,0,settled_won,match_score,won,37,63.57,26.57,5,take_price|take_price|take_price|settle|settle,44.5,-29.76
ba4163e0-48a0-4c75-8514-351bcf1b7ec7,e5·m1,live,Europa Conference League,Overreaction,aggressive,FC Inter Turku — FK Sarajevo,2:1,Both Teams to Score — No,0,35,0,1,0.13,0.33,0.43,0.2,,24.5,25.1,25.3,-25,0.33,6,6,0,0.5,,226.5865,,0,settled_lost,match_score,lost,6,0,-6,5,settle|settle|settle|thesis_stop|thesis_stop,28.2,0.69
bb9e4c96-c667-4da7-b72c-491120c7d60a,e5·m1,live,Europa Conference League,Overreaction,medium,FC Inter Turku — FK Sarajevo,2:1,FK Sarajevo Under 1.5,0,35,0,1,0.11,0.62,0.63,0.51,,51,58.2,7.3,41.4,0.2,44,44,0,0.5,,,,0,settled_won,match_score,won,22,37.8,15.8,5,take_price|take_price|take_price|settle|settle,44.5,-29.76
3c9a46c6-c0ce-4839-9c84-c4d6f6340f5c,e5·m1,live,Europa Conference League,Overreaction,medium,FC Inter Turku — FK Sarajevo,2:1,Both Teams to Score — No,0,35,0,1,0.13,0.33,0.43,0.2,,24.5,25.1,25.3,-25,0.2,6,6,0,0.5,,226.5865,,0,settled_lost,match_score,lost,6,0,-6,5,settle|settle|settle|thesis_stop|thesis_stop,28.2,0.69
17a4b3e6-750c-4e15-a590-da5ab0e4a51b,e5·m1,live,Europa Conference League,Overreaction,max,FC Inter Turku — FK Sarajevo,2:1,FK Sarajevo Under 1.5,0,35,0,1,0.11,0.62,0.63,0.51,,51,58.2,58.2,41.4,0.5,112,112,0,0.5,,,,0,settled_won,,won,56,96.22,40.22,5,take_price|take_price|take_price|settle|settle,44.5,-29.76
aaa50b5f-8a1e-4c3d-a6b1-038d6ce99e26,e5·m1,live,Europa Conference League,Overreaction,max,FC Inter Turku — FK Sarajevo,2:1,Both Teams to Score — No,0,35,0,1,0.13,0.33,0.43,0.2,,24.5,25.1,24.9,-25,0.5,56,56,0,0.5,,226.5865,-0.45,1,settled_lost,early,lost,56,55.55,-0.45,5,discretionary|discretionary|discretionary|thesis_stop|thesis_stop,28.2,0.69
fccb3a49-12c5-4ada-9aa8-ba9491592614,e5·m1,live,Europa Conference League,Overreaction,aggressive,FC Inter Turku — FK Sarajevo,2:1,Both Teams to Score — No,0,45,0,1,0.13,0.33,0.33,0.2,,25.5,30.2,32.8,-30.1,0.33,6,6,0,0.5,,226.5865,,0,settled_lost,match_score,lost,6,0,-6,5,settle|settle|settle|thesis_stop|thesis_stop,28.2,0.69
d48db9a8-759c-4f6d-898a-8b6bc00a5472,e5·m1,live,Europa Conference League,Overreaction,medium,FC Inter Turku — FK Sarajevo,2:1,Both Teams to Score — No,0,45,0,1,0.13,0.33,0.33,0.2,,25.5,30.2,32.8,-30.1,0.2,6,6,0,0.5,,226.5865,,0,settled_lost,match_score,lost,6,0,-6,5,settle|settle|settle|thesis_stop|thesis_stop,28.2,0.69
1d4cee38-946e-40a1-b9cc-9674e7f6072b,e5·m1·book-fill-m1,live,ATP,Tennis Set-Value,aggressive,Hugo Dellien — Enrico Dalla Valle,,H. Dellien,0,,,,0.19,0.5,,0.322,,32.2,32.2,32.2,,0.33,80,40,,,,25839.8126,,0,settled_won,,won,40,124.22,84.22,0,,,0
3e769f1c-9f54-4749-9cdb-88009cf25bfc,e5·m1·book-fill-m1,live,ATP,Tennis Set-Value,medium,Hugo Dellien — Enrico Dalla Valle,,H. Dellien,0,,,,0.19,0.5,,0.322,,32.2,32.2,32.2,,0.2,50,25,,,,25839.8126,,0,settled_won,,won,25,77.64,52.64,0,,,0
1e346fcb-bb13-4608-b2d5-20baf8d744d1,e5·m1·book-fill-m1,live,ATP,Tennis Set-Value,conservative,Hugo Dellien — Enrico Dalla Valle,,H. Dellien,0,,,,0.19,0.5,,0.322,,32.2,32.2,32.2,,0.12,30,15,,,,25839.8126,,0,settled_won,,won,15,46.58,31.58,0,,,0
1abdc9e6-e915-407c-a52f-607714f6bcb0,e5·m1·book-fill-m1,live,ATP,Tennis Set-Value,max,Hugo Dellien — Enrico Dalla Valle,,H. Dellien,0,,,,0.19,0.5,,0.322,,32.2,32.2,32.2,,0.5,137,68.5,,,,25839.8126,,0,settled_won,,won,68.5,212.73,144.23,0,,,0
bd1e4f74-811f-4e95-903b-4b45d99b4ad4,,live,ATP,Tennis Set-Value,aggressive,Hugo Dellien — Enrico Dalla Valle,,H. Dellien,0,,,,0.178,0.5,,0.32,,31,32.2,54.8,,,,40,,,,,28.07,2,settled_won,partial,won,40,68.07,28.07,0,,,0
bf77f005-6a3c-41f5-9f54-4009d98eb223,,live,ATP,Tennis Set-Value,medium,Hugo Dellien — Enrico Dalla Valle,,H. Dellien,0,,,,0.178,0.5,,0.32,,31,32.2,54.9,,,,25,,,,,17.62,2,settled_won,partial,won,25,42.62,17.62,0,,,0
10a2233a-b2f0-4a40-96cd-4be4145b580e,,live,ATP,Tennis Set-Value,conservative,Hugo Dellien — Enrico Dalla Valle,,H. Dellien,0,,,,0.178,0.5,,0.32,,31,32.2,54.9,,,,15,,,,,10.57,2,settled_won,partial,won,15,25.57,10.57,0,,,0
06230863-2eab-4cea-82d6-f98421add585,,live,ATP,Tennis Set-Value,max,Hugo Dellien — Enrico Dalla Valle,,H. Dellien,0,,,,0.178,0.5,,0.32,,31,32.2,54.7,,,,68.5,,,,,47.86,2,settled_won,partial,won,68.5,116.36,47.86,0,,,0
a0d2fc26-1115-428a-a082-23bea58930d8,e5·m1,live,Europa Conference League,Pre-match Value,aggressive,Glentoran FC — FK Rīgas Futbola Skola,0:2,Under 3.5,0,0,0,0,0.11,0.72,0.714,0.61,,61,55.2,6,44.3,0.33,80,10,0,0.45,0.647,1927.8992,,0,settled_won,match_score,won,0.75,1.36,0.61,8,settle|take_price|take_price|time_stop|time_stop|take_price|take_price|settle,61.8,0.8
fbeabb1c-166b-4edc-8409-e54bbe0422d9,e5·m1,live,Europa Conference League,Pre-match Value,medium,Glentoran FC — FK Rīgas Futbola Skola,0:2,Under 3.5,0,0,0,0,0.11,0.72,0.714,0.61,,61,55.2,24.9,44.3,0.2,50,10,0,0.45,0.647,1927.8992,,0,settled_won,match_score,won,10,18.12,8.12,8,settle|take_price|take_price|time_stop|time_stop|take_price|take_price|settle,61.8,0.8
28cc5092-80ad-4de0-b03b-5d82a2d01e1b,e5·m1,live,Europa Conference League,Pre-match Value,max,Glentoran FC — FK Rīgas Futbola Skola,0:2,Under 3.5,0,0,0,0,0.11,0.72,0.714,0.61,,61,55.2,55.2,44.3,0.5,141,10,0,0.45,0.647,1927.8992,,0,settled_won,,won,0.75,1.36,0.61,8,settle|take_price|take_price|time_stop|time_stop|take_price|take_price|settle,61.8,0.8
34188bf8-bdd0-4618-bb63-38c4c7c87c35,e5·m1,prematch,Europa Conference League,Pre-match Value,aggressive,FC Ballkani — Connah's Quay Nomads FC,3:2,Connah's Quay Nomads FC Over 0.5,1,,0,0,0.115,0.6,0.613,0.485,,48.5,50.2,45.8,49.3,0.33,73,73,0,0.5,0.613,,,0,settled_won,match_score,won,73,145.42,72.42,3,thesis_stop|thesis_stop|thesis_stop,45.8,-19.99
c48e6d6a-78c5-44d2-ae84-8ce6d99f6aef,e5·m1,prematch,Europa Conference League,Pre-match Value,aggressive,FC Ballkani — Connah's Quay Nomads FC,3:2,Both Teams to Score — Yes,1,,0,0,0.06,0.515,0.517,0.455,,45.5,46.2,24.9,53.3,0.33,36,36,0,0.5,0.517,3454.7511,,0,settled_won,match_score,won,18,38.96,20.96,6,capitulation|capitulation|capitulation|counter_scenario|counter_scenario|counter_scenario,24.6,-52.72
bded6d85-06c1-433c-b1ed-b42104b7be21,e5·m1,prematch,Europa Conference League,Pre-match Value,medium,FC Ballkani — Connah's Quay Nomads FC,3:2,Connah's Quay Nomads FC Over 0.5,1,,0,0,0.115,0.6,0.613,0.485,,48.5,50.2,45.8,49.3,0.2,44,44,0,0.5,0.613,,,0,settled_won,match_score,won,44,87.65,43.65,3,thesis_stop|thesis_stop|thesis_stop,45.8,-19.99
5c9864bc-9088-4da2-ba0c-599c8fc13407,e5·m1,prematch,Europa Conference League,Pre-match Value,medium,FC Ballkani — Connah's Quay Nomads FC,3:2,Both Teams to Score — Yes,1,,0,0,0.06,0.515,0.517,0.455,,45.5,46.2,24.9,53.3,0.2,22,22,0,0.5,0.517,3454.7511,,0,settled_won,match_score,won,11,23.81,12.81,6,capitulation|capitulation|capitulation|counter_scenario|counter_scenario|counter_scenario,24.6,-52.72
1b53934f-2aeb-4396-96ab-e8744a5e92c3,e5·m1,prematch,Europa Conference League,Pre-match Value,max,FC Ballkani — Connah's Quay Nomads FC,3:2,Connah's Quay Nomads FC Over 0.5,1,,0,0,0.115,0.6,0.613,0.485,,48.5,50.2,45.8,49.3,0.5,111,111,0,0.5,0.613,,,0,settled_won,match_score,won,111,221.12,110.12,3,thesis_stop|thesis_stop|thesis_stop,45.8,-19.99
b4c0ff74-fcf7-43d1-a08b-b8b508d9aada,e5·m1,prematch,Europa Conference League,Pre-match Value,max,FC Ballkani — Connah's Quay Nomads FC,3:2,Both Teams to Score — Yes,1,,0,0,0.06,0.515,0.517,0.455,,45.5,46.2,25.9,53.3,0.5,55,55,0,0.5,0.517,3454.7511,,0,settled_won,match_score,won,27.5,59.52,32.02,6,capitulation|capitulation|capitulation|counter_scenario|counter_scenario|counter_scenario,24.6,-52.72
090f7951-46b4-4bba-9b5d-b770d1b5e048,e5·m1,prematch,Europa Conference League,Pre-match Value,aggressive,Europa FC — KF Shkëndija 79,0:1,Both Teams to Score — Yes,1,,0,0,0.09,0.51,0.515,0.42,,42,43.2,2,-43.1,0.33,51,51,0,0.45,0.514,3436.1392,-48.64,1,settled_lost,early,lost,51,2.36,-48.64,3,time_decay_floor|time_decay_floor|counter_scenario,1.5,-154.31
39edbd23-0130-445d-bba4-f04faddcfb21,e5·m1,prematch,Europa Conference League,Pre-match Value,medium,Europa FC — KF Shkëndija 79,0:1,Both Teams to Score — Yes,1,,0,0,0.09,0.51,0.515,0.42,,42,43.2,2,-43.1,0.2,31,31,0,0.45,0.514,3436.1392,-29.56,1,settled_lost,early,lost,31,1.44,-29.56,3,time_decay_floor|time_decay_floor|counter_scenario,1.5,-154.31
8cf013ae-d723-41f0-8e2b-da957b69361a,e5·m1,prematch,Europa Conference League,Pre-match Value,max,Europa FC — KF Shkëndija 79,0:1,Both Teams to Score — Yes,1,,0,0,0.09,0.51,0.515,0.42,,42,43.2,0.5,-43.1,0.5,77,77,0,0.45,0.514,3436.1392,-76.11,1,settled_lost,early,lost,77,0.89,-76.11,3,time_decay_floor|time_decay_floor|counter_scenario,1.5,-154.31
df1df78b-14e9-4dc5-ab85-637feb4d0efa,e5·m1,prematch,Europa Conference League,Pre-match Value,aggressive,Europa FC — KF Shkëndija 79,0:1,Under 3.5,0,,0,0,0.175,0.72,0.736,0.545,,54.5,55.2,98.1,44.8,0.33,80,80,0,0.5,0.72,1985.5005,12.43,1,settled_won,early,won,16,28.43,12.43,3,take_price|thesis_stop|take_price,90.6,48.6
99523dad-88da-4904-8dc3-ce6739e1ef1c,e5·m1,prematch,Europa Conference League,Overreaction,aggressive,Nõmme Kalju FC — Linfield FC,2:2,Nõmme Kalju FC Over 0.5,1,,0,0,0.185,0.72,0.741,0.535,,53.5,56.4,99,43.1,0.33,80,80,1.2,0.5,,,30.21,1,settled_won,early,won,40,70.21,30.21,6,time_stop|time_stop|time_stop|take_price|thesis_stop|thesis_stop,55,-10.68
12f48ca2-362e-4dee-91b8-3498d7bf4e9e,e5·m1,prematch,Europa Conference League,Overreaction,medium,Nõmme Kalju FC — Linfield FC,2:2,Nõmme Kalju FC Over 0.5,1,,0,0,0.185,0.72,0.741,0.535,,53.5,55.9,99,43.6,0.2,50,50,0.7,0.5,,,19.28,1,settled_won,early,won,25,44.28,19.28,6,time_stop|time_stop|time_stop|take_price|thesis_stop|thesis_stop,55,-10.68
f5a90d14-6c3d-4a88-b62d-ca62c693a87a,e5·m1,prematch,Europa Conference League,Overreaction,max,Nõmme Kalju FC — Linfield FC,2:2,Nõmme Kalju FC Over 0.5,1,,0,0,0.185,0.72,0.741,0.535,,53.5,56.7,99,42.8,0.5,198,141,1.5,0.5,,,52.6,1,settled_won,early,won,70.5,123.1,52.6,6,time_stop|time_stop|time_stop|take_price|thesis_stop|thesis_stop,55,-10.68
15ded7d9-ac4c-4d0e-b6e2-4024dc863adc,e5·m1,prematch,Europa Conference League,Pre-match Value,aggressive,Atlétic Club d'Escaldes — FK Mornar Bar,2:1,Both Teams to Score — Yes,1,,0,0,0.105,0.55,0.551,0.445,,44.5,47.1,3.8,52.9,0.33,62,62,1.9,0.42,0.551,227.9968,,0,settled_won,match_score,won,31,65.82,34.82,4,time_stop|time_stop|time_decay_floor|take_price,35.7,-21.75
ecfd268c-5051-4dc6-a71c-5218757f8cd2,e5·m1,prematch,Europa Conference League,Pre-match Value,max,Atlétic Club d'Escaldes — FK Mornar Bar,2:1,Both Teams to Score — Yes,1,,0,0,0.105,0.55,0.551,0.445,,44.5,47.1,99,52.9,0.5,94,94,1.9,0.42,0.551,227.9968,51.79,1,settled_won,early,won,47,98.79,51.79,4,time_stop|time_stop|time_decay_floor|take_price,35.7,-21.75
59e3feba-0923-4ac9-ba2a-2838e883e890,e5·m1,prematch,Europa Conference League,Pre-match Value,aggressive,SK Dila Gori — AC Virtus,0:1,Both Teams to Score — No,0,,0,0,0.07,0.54,0.54,0.47,,47,48.2,12.9,51.8,0.33,43,43,0,0.55,0.54,240.1452,,0,settled_won,match_score,won,14.4,29.88,15.48,10,thesis_stop|thesis_stop|thesis_stop|take_price|take_price|take_price|settle|thesis_stop|take_price|take_price,70.2,54.04
c743b819-2312-4a8a-9159-b1f7fcd10286,e5·m1,prematch,Europa Conference League,Pre-match Value,medium,SK Dila Gori — AC Virtus,0:1,Both Teams to Score — No,0,,0,0,0.07,0.54,0.54,0.47,,47,48.2,72.9,51.8,0.2,26,26,0,0.55,0.54,240.1452,8.93,1,settled_won,early,won,17.42,26.35,8.93,10,thesis_stop|thesis_stop|thesis_stop|take_price|take_price|take_price|discretionary|thesis_stop|take_price|take_price,70.2,54.04
1f8e9e64-eb2b-430a-8be9-ef9c1dc82073,e5·m1,prematch,Europa Conference League,Pre-match Value,max,SK Dila Gori — AC Virtus,0:1,Both Teams to Score — No,0,,0,0,0.07,0.54,0.54,0.47,,47,48.2,98,51.8,0.5,66,66,0,0.55,0.54,240.1452,5.7,1,settled_won,early,won,5.52,11.22,5.7,10,thesis_stop|thesis_stop|thesis_stop|take_price|take_price|take_price|discretionary|thesis_stop|take_price|take_price,70.2,54.04
2f5b499f-58c2-43da-8513-6e295801436a,e5·m1,prematch,Europa Conference League,Pre-match Value,aggressive,Nõmme Kalju FC — Linfield FC,2:2,Nõmme Kalju FC Over 0.5,1,,0,0,0.175,0.71,0.741,0.535,,53.5,56.4,10.5,43.1,0.33,80,80,1.2,0.5,0.741,,,0,settled_won,match_score,won,80,141.84,61.84,3,time_stop|time_stop|time_stop,11,-225.55
9dcbdf30-20af-4592-a8a9-f5a62fb83176,e5·m1,prematch,Europa Conference League,Pre-match Value,medium,Nõmme Kalju FC — Linfield FC,2:2,Nõmme Kalju FC Over 0.5,1,,0,0,0.175,0.71,0.741,0.535,,53.5,55.9,16.1,43.6,0.2,50,50,0.7,0.5,0.741,,,0,settled_won,match_score,won,50,89.45,39.45,3,time_stop|time_stop|time_stop,11,-225.55
83e081a5-1b06-48c1-9bab-ef603ce9f4ef,e5·m1,prematch,Europa Conference League,Pre-match Value,max,Nõmme Kalju FC — Linfield FC,2:2,Nõmme Kalju FC Over 0.5,1,,0,0,0.175,0.71,0.741,0.535,,53.5,56.7,6.5,42.8,0.5,188,141,1.5,0.5,0.741,,,0,settled_won,match_score,won,141,248.68,107.68,3,time_stop|time_stop|time_stop,11,-225.55
a38bb4d8-163f-4682-90d7-7a3ef826b9ac,e5·m1,live,Europa Conference League,Overreaction,aggressive,Atlétic Club d'Escaldes — FK Mornar Bar,2:1,Both Teams to Score — Yes,1,22,0,1,0.26,0.72,0.55,0.46,0.8064810812550751,45.5,45.6,3.3,54.4,0.33,80,80,0.4,0.42,,227.9968,,0,settled_won,match_score,won,80,175.44,95.44,2,time_decay_floor|take_price,51.2,48.92
3b7c2e0e-1e01-4151-b14f-afa9923dc2cb,e5·m1,live,Europa Conference League,Overreaction,max,Atlétic Club d'Escaldes — FK Mornar Bar,2:1,Both Teams to Score — Yes,1,22,0,1,0.26,0.72,0.55,0.46,0.8064810812550751,45.5,45.8,99,54.2,0.5,200,106,0.6,0.42,,227.9968,123.13,1,settled_won,early,won,106,229.13,123.13,2,time_decay_floor|take_price,51.2,48.92
3e18064e-0000-4965-8803-c788ec23c6dc,e5·m1,prematch,Brazil Serie A,Pre-match Value,aggressive,Botafogo FR — Santos FC,2:1,Santos FC — No,0,,0,0,0.11,0.72,0.745,0.61,,61,64.1,99,35.4,0.33,80,71,0.9,0.58,0.486,1799.3908,38.66,1,settled_won,early,won,71,109.66,38.66,4,take_price|take_price|thesis_stop|thesis_stop,99,120.95
22b4c1c0-81f4-4848-a48f-5fb2bcc25bc3,e5·m1,prematch,Brazil Serie A,Pre-match Value,conservative,Botafogo FR — Santos FC,2:1,Santos FC — No,0,,0,0,0.11,0.72,0.745,0.61,,61,64,99,35.5,0.12,30,30,0.8,0.58,0.486,1799.3908,16.41,1,settled_won,early,won,30,46.41,16.41,4,take_price|take_price|thesis_stop|thesis_stop,99,120.95
f8ad6dc4-74f0-471e-8091-dc98b6aa951b,e5·m1,prematch,Brazil Serie A,Pre-match Value,medium,Botafogo FR — Santos FC,2:1,Santos FC — No,0,,0,0,0.11,0.72,0.745,0.61,,61,64.1,99,35.4,0.2,50,50,0.9,0.58,0.486,1799.3908,27.22,1,settled_won,early,won,50,77.22,27.22,4,take_price|take_price|thesis_stop|thesis_stop,99,120.95
93fcc13e-363f-4355-8f28-dca060e20718,e5·m1,prematch,Brazil Serie A,Pre-match Value,max,Botafogo FR — Santos FC,2:1,Santos FC — No,0,,0,0,0.11,0.72,0.745,0.61,,61,64.1,99,35.4,0.5,141,71,0.9,0.58,0.486,1799.3908,38.66,1,settled_won,early,won,71,109.66,38.66,4,take_price|take_price|thesis_stop|thesis_stop,99,120.95
3b9293c6-c4cd-4b57-81de-fbca2c79276a,e5·m1·token-fix-m1,live,ATP,Tennis Set-Value,aggressive,Yibing Wu — Yunchaokete Bu,,Y. Wu,0,,,,0.159,0.5,,0.347,,34.7,34.7,12.8,,0.33,79,79,,,,12620.4542,-49.86,2,settled_lost,early,lost,79,29.14,-49.86,0,,,0
f824ec04-b838-4045-86ea-7e94acc3538e,e5·m1·token-fix-m1,live,ATP,Tennis Set-Value,medium,Yibing Wu — Yunchaokete Bu,,Y. Wu,0,,,,0.159,0.5,,0.346,,34.6,34.6,12.8,,0.2,48,48,,,,12620.4542,-30.24,2,settled_lost,early,lost,48,17.76,-30.24,0,,,0
6d4ad5c6-a587-4c75-a808-73778822404c,e5·m1·token-fix-m1,live,ATP,Tennis Set-Value,conservative,Yibing Wu — Yunchaokete Bu,,Y. Wu,0,,,,0.159,0.5,,0.345,,34.5,34.5,12.8,,0.12,28,28,,,,12620.4542,-17.61,2,settled_lost,early,lost,28,10.39,-17.61,0,,,0
cec8cfa7-2983-4f69-a27f-c6e0cdbd03a2,e5·m1·token-fix-m1,live,ATP,Tennis Set-Value,max,Yibing Wu — Yunchaokete Bu,,Y. Wu,0,,,,0.159,0.5,,0.347,,34.7,34.7,12.8,,0.5,120,120,,,,12620.4542,-75.73,2,settled_lost,early,lost,120,44.27,-75.73,0,,,0
140de45e-8136-43f8-9d4e-90afb7b7b9f2,e5·m1,prematch,MLS 2025,Pre-match Value,aggressive,CF Montréal — Toronto FC,0:0,Both Teams to Score — No,0,,0,0,0.065,0.43,0.431,0.365,,36.5,37.2,69,62.8,0.33,33,33,0,0.55,0.431,583.8631,18.9,1,settled_won,early,won,22.11,41.01,18.9,5,thesis_stop|thesis_stop|take_price|take_price|take_price,69,75.48
0993057d-c6c8-455a-aeb5-6af035f10699,e5·m1,prematch,MLS 2025,Pre-match Value,max,CF Montréal — Toronto FC,0:0,Both Teams to Score — No,0,,0,0,0.065,0.43,0.431,0.365,,36.5,37.2,75.6,62.8,0.5,51,51,0,0.55,0.431,583.8631,35.27,1,settled_won,early,won,34.17,69.44,35.27,5,thesis_stop|thesis_stop|take_price|take_price|take_price,69,75.48
931de065-b549-4c52-a5de-4d799ce2563d,e5·m1,live,MLS 2025,Pre-match Value,aggressive,Portland Timbers — Seattle Sounders FC,2:1,Under 2.5,0,0,0,0,0.16,0.5,0.446,0.34,,34,38.2,5.7,,0.33,80,80,0,0.58,0.515,6183.8745,-34.03,1,settled_lost,early,lost,40,5.97,-34.03,9,thesis_stop|thesis_stop|thesis_stop|thesis_stop|discretionary|discretionary|discretionary|time_stop|counter_scenario,16,-159.98
05ab26ef-4a62-41db-987f-f9db1ded8b4c,e5·m1,live,MLS 2025,Pre-match Value,conservative,Portland Timbers — Seattle Sounders FC,2:1,Under 2.5,0,0,0,0,0.16,0.5,0.446,0.34,,34,38.2,22.9,,0.12,29,29,0,0.58,0.515,6183.8745,-5.81,1,settled_lost,early,lost,14.5,8.69,-5.81,9,thesis_stop|thesis_stop|thesis_stop|thesis_stop|discretionary|discretionary|discretionary|time_stop|counter_scenario,16,-159.98
696e60b4-b08c-4830-9a44-291d27e4b853,e5·m1,live,MLS 2025,Pre-match Value,medium,Portland Timbers — Seattle Sounders FC,2:1,Under 2.5,0,0,0,0,0.16,0.5,0.446,0.34,,34,38.2,6.2,,0.2,48,48,0,0.58,0.515,6183.8745,-20.1,1,settled_lost,early,lost,24,3.9,-20.1,9,thesis_stop|thesis_stop|thesis_stop|thesis_stop|discretionary|discretionary|discretionary|time_stop|counter_scenario,16,-159.98
73e784b3-f3b8-4d61-8bde-7958e4eb0dfa,e5·m1,live,MLS 2025,Pre-match Value,max,Portland Timbers — Seattle Sounders FC,2:1,Under 2.5,0,0,0,0,0.16,0.5,0.446,0.34,,34,38.2,1,,0.5,121,121,0,0.58,0.515,6183.8745,-29.46,1,settled_lost,early,lost,30.25,0.79,-29.46,9,thesis_stop|thesis_stop|thesis_stop|thesis_stop|discretionary|discretionary|discretionary|time_stop|counter_scenario,16,-159.98
94b88f0c-6ce7-46a6-9010-6e3f8842d91e,e5·m1,live,Chinese Super League,Pre-match Value,aggressive,Beijing Guoan FC — Liaoning Tieren FC,1:1,Under 3.5,0,1,0,0,0.205,0.66,0.67,0.455,,45.5,50.2,90.9,49.8,0.33,80,80,0,0.5,0.68,152.5195,42.81,1,settled_won,early,won,52.8,95.61,42.81,5,thesis_stop|thesis_stop|thesis_stop|take_price|take_price,72.5,91.84
86c16ea4-df3c-4bb1-a1f2-98251a8fe21d,e5·m1,live,Chinese Super League,Pre-match Value,medium,Beijing Guoan FC — Liaoning Tieren FC,1:1,Under 3.5,0,1,0,0,0.205,0.66,0.67,0.455,,45.5,50.2,76.7,49.8,0.2,50,50,0,0.5,0.68,152.5195,17.42,1,settled_won,early,won,33,50.42,17.42,5,thesis_stop|thesis_stop|thesis_stop|take_price|take_price,72.5,91.84
383c7e59-e9ac-48c6-bad3-490f8461a580,e5·m1,live,Chinese Super League,Pre-match Value,max,Beijing Guoan FC — Liaoning Tieren FC,1:1,Under 3.5,0,1,0,0,0.205,0.66,0.67,0.455,,45.5,50.2,50.2,49.8,0.5,188,188,0,0.5,0.68,152.5195,,0,settled_won,,won,124.08,247.17,123.09,5,thesis_stop|thesis_stop|thesis_stop|take_price|take_price,72.5,91.84
e31b271a-f996-499d-84d3-31d35c032f95,e5·m1·token-fix-m1,live,WTA,Tennis Set-Value,aggressive,Julia Grabher — Jeline Vandromme,,J. Vandromme,0,,,,0.155,0.5,,0.396,,39.6,39.6,17.4,,0.33,28291,28291,,,,4899.8608,,0,settled_void,void,void,28291,28291,0,0,,,0
418b9307-3231-4a28-bec4-7d5267faf5c1,e5·m1·token-fix-m1,live,WTA,Tennis Set-Value,medium,Julia Grabher — Jeline Vandromme,,J. Vandromme,0,,,,0.155,0.5,,0.396,,39.6,39.6,17.4,,0.2,28291,28291,,,,4899.8608,,0,settled_void,void,void,28291,28291,0,0,,,0
57cf30e3-8c25-4976-89a5-661b3db079d5,e5·m1·token-fix-m1,live,WTA,Tennis Set-Value,conservative,Julia Grabher — Jeline Vandromme,,J. Vandromme,0,,,,0.155,0.5,,0.396,,39.6,39.6,17.4,,0.12,28291,28291,,,,4899.8608,,0,settled_void,void,void,28291,28291,0,0,,,0
6321be18-d4b7-4409-8df3-89efe58c6ad8,e5·m1·token-fix-m1,live,WTA,Tennis Set-Value,max,Julia Grabher — Jeline Vandromme,,J. Vandromme,0,,,,0.155,0.5,,0.396,,39.6,39.6,17.4,,0.5,28291,28291,,,,4899.8608,,0,settled_void,void,void,28291,28291,0,0,,,0
df83e147-2a7d-4a8e-bc5c-804ceca659ad,e5·m1·token-fix-m1,live,ATP,Tennis Set-Value,aggressive,Stefano Napolitano — Gonzalo Villanueva,,S. Napolitano,0,,,,0.185,0.5,,0.337,,33.7,33.7,33.7,,0.33,7386,7386,,,,3328.1566,,0,settled_void,void,void,7386,7386,0,0,,,0
ddeaf6c3-f511-40e8-b11a-f0897b516fd9,e5·m1·token-fix-m1,live,ATP,Tennis Set-Value,medium,Stefano Napolitano — Gonzalo Villanueva,,S. Napolitano,0,,,,0.185,0.5,,0.337,,33.7,33.7,33.7,,0.2,7386,7386,,,,3328.1566,,0,settled_void,void,void,7386,7386,0,0,,,0
3480c148-2fd1-4f64-972f-cf386e8d7698,e5·m1·token-fix-m1,live,ATP,Tennis Set-Value,conservative,Stefano Napolitano — Gonzalo Villanueva,,S. Napolitano,0,,,,0.185,0.5,,0.337,,33.7,33.7,33.7,,0.12,7386,7386,,,,3328.1566,,0,settled_void,void,void,7386,7386,0,0,,,0
fa79d6a8-d52c-4d2f-b040-8222d40ff856,e5·m1·token-fix-m1,live,ATP,Tennis Set-Value,max,Stefano Napolitano — Gonzalo Villanueva,,S. Napolitano,0,,,,0.185,0.5,,0.337,,33.7,33.7,33.7,,0.5,7386,7386,,,,3328.1566,,0,settled_void,void,void,7386,7386,0,0,,,0
5334fc24-905d-4068-a9eb-fd17ead9494a,e5·m1,prematch,Sweden Allsvenskan 2026,Pre-match Value,aggressive,IFK Goteborg — IF Brommapojkarna,2:1,Under 3.5,0,,0,0,0.095,0.71,0.714,0.615,,61.5,62.2,60,37.8,0.33,80,80,0,0.6,0.71,2165.4328,,0,settled_won,,won,2.01,3.23,1.22,16,take_price|thesis_stop|thesis_stop|thesis_stop|take_price|take_price|take_price|take_price|take_price|take_price|capitulation|capitulation|capitulation|capitulation|take_price|take_price,77.5,111.22
6a591f9c-6ae7-4211-9bc8-895b121cc4f1,e5·m1,prematch,Sweden Allsvenskan 2026,Pre-match Value,conservative,IFK Goteborg — IF Brommapojkarna,2:1,Under 3.5,0,,0,0,0.095,0.71,0.714,0.615,,61.5,62.2,84.9,37.8,0.12,29,29,0,0.6,0.71,2165.4328,10.58,1,settled_won,early,won,29,39.58,10.58,16,take_price|thesis_stop|thesis_stop|thesis_stop|take_price|take_price|take_price|take_price|take_price|take_price|capitulation|capitulation|capitulation|capitulation|take_price|take_price,77.5,111.22
d7a267d9-7bdb-4391-98de-aa0004cb2bba,e5·m1,prematch,Sweden Allsvenskan 2026,Pre-match Value,conservative,IFK Goteborg — IF Brommapojkarna,2:1,Both Teams to Score — No,0,,0,0,0.095,0.46,0.462,0.365,,36.5,37.2,21.9,-37.1,0.12,1,1,0,0.6,0.462,3146.8375,-0.41,1,settled_lost,early,lost,1,0.59,-0.41,8,discretionary|take_price|take_price|thesis_stop|take_price|take_price|discretionary|discretionary,46.1,-42.39
9101576c-b488-4892-b341-2cd3125881c9,e5·m1,prematch,Sweden Allsvenskan 2026,Pre-match Value,medium,IFK Goteborg — IF Brommapojkarna,2:1,Under 3.5,0,,0,0,0.095,0.71,0.714,0.615,,61.5,62.2,99,37.8,0.2,49,49,0,0.6,0.71,2165.4328,0.73,1,settled_won,early,won,1.23,1.96,0.73,16,take_price|thesis_stop|thesis_stop|thesis_stop|take_price|take_price|take_price|take_price|take_price|take_price|capitulation|capitulation|capitulation|capitulation|take_price|take_price,77.5,111.22
277dc966-ee48-4b75-b2c7-7689d2782737,e5·m1,prematch,Sweden Allsvenskan 2026,Pre-match Value,medium,IFK Goteborg — IF Brommapojkarna,2:1,Both Teams to Score — No,0,,0,0,0.095,0.46,0.462,0.365,,36.5,37.2,59.8,-37.1,0.2,1,1,0,0.6,0.462,3146.8375,0.61,1,settled_lost,early,lost,1,1.61,0.61,8,discretionary|take_price|take_price|thesis_stop|take_price|take_price|discretionary|discretionary,46.1,-42.39
ce711e05-be07-49b7-bf57-75f4511a869a,e5·m1,prematch,Sweden Allsvenskan 2026,Pre-match Value,max,IFK Goteborg — IF Brommapojkarna,2:1,Under 3.5,0,,0,0,0.095,0.71,0.714,0.615,,61.5,62.2,60,37.8,0.5,123,123,0,0.6,0.71,2165.4328,,0,settled_won,,won,3.09,4.97,1.88,16,take_price|thesis_stop|thesis_stop|thesis_stop|take_price|take_price|take_price|take_price|take_price|take_price|capitulation|capitulation|capitulation|capitulation|take_price|take_price,77.5,111.22
6c72bffe-1eb0-476d-a9f1-cd02df42cd5c,e5·m1,prematch,Sweden Allsvenskan 2026,Pre-match Value,max,IFK Goteborg — IF Brommapojkarna,2:1,Both Teams to Score — No,0,,0,0,0.095,0.46,0.462,0.365,,36.5,37.2,74.9,-37.1,0.5,74,74,0,0.6,0.462,3146.8375,6,1,settled_lost,early,lost,5.92,11.92,6,8,discretionary|take_price|take_price|thesis_stop|take_price|take_price|discretionary|discretionary,46.1,-42.39
b0e21592-5158-41cf-956e-0930841392f9,e5·m1,live,Sweden Allsvenskan 2026,Pre-match Value,aggressive,IFK Goteborg — IF Brommapojkarna,2:1,Both Teams to Score — No,0,45,0,0,0.08,0.8,0.46,0.72,,72,73.2,1,-73.1,0.33,68,68,0,0.6,,3146.8375,-67.07,1,settled_lost,early,lost,68,0.93,-67.07,8,discretionary|take_price|take_price|thesis_stop|take_price|take_price|discretionary|discretionary,46.1,-42.39
574315a5-d8f2-4586-b07f-e349cbca8615,e5·m1,live,Sweden Allsvenskan 2026,Pre-match Value,medium,IFK Goteborg — IF Brommapojkarna,2:1,Both Teams to Score — No,0,45,0,0,0.08,0.8,0.46,0.72,,72,73.2,1,-73.1,0.2,42,42,0,0.6,,3146.8375,-41.43,1,settled_lost,early,lost,42,0.57,-41.43,8,discretionary|take_price|take_price|thesis_stop|take_price|take_price|discretionary|discretionary,46.1,-42.39
be813477-a410-4576-866a-d95f89776000,e5·m1,live,Liga 1,Pre-match Value,max,FC Cajamarca — ADC Juan Pablo II College,2:2,Under 2.5,0,0,0,0,0.235,0.52,0.544,0.285,,28.5,49.2,28.9,-49.1,0.5,164,164,0,0.38,0.49,4159.1673,-10.15,1,settled_lost,early,lost,24.6,14.45,-10.15,4,thesis_stop|thesis_stop|discretionary|time_stop,67.2,72.5
69daa000-c3d1-4021-a924-a9aea5d273b1,e5·m1,live,Liga 1,Pre-match Value,max,FC Cajamarca — ADC Juan Pablo II College,2:2,Both Teams to Score — No,0,0,0,0,0.225,0.49,0.494,0.265,,26.5,45.2,23.9,-45.1,0.5,36,36,0,0.38,0.494,267.7983,-2.54,1,settled_lost,early,lost,5.4,2.86,-2.54,4,take_price|take_price|take_price|time_stop,58.9,13.66
4bab89f2-c7fe-4f35-8201-ac4f9beb96ef,e5·m1·token-fix-m1,live,ATP,Tennis Set-Value,aggressive,Dan Added — Ilya Ivashka,,I. Ivashka,0,,,,0.055,0.5,,0.412,,41.2,41.2,41.2,,0.33,32,16,,,,22023.8498,,0,settled_won,,won,16,38.83,22.83,0,,,0
33261977-d2f2-4a15-b651-7c0fa25da662,e5·m1·token-fix-m1,live,ATP,Tennis Set-Value,medium,Dan Added — Ilya Ivashka,,I. Ivashka,0,,,,0.055,0.5,,0.412,,41.2,41.2,41.2,,0.2,19,9.5,,,,22023.8498,,0,settled_won,,won,9.5,23.06,13.56,0,,,0
eff291ab-bcf1-4023-8295-cf43a22797f2,e5·m1·token-fix-m1,live,ATP,Tennis Set-Value,max,Dan Added — Ilya Ivashka,,I. Ivashka,0,,,,0.055,0.5,,0.412,,41.2,41.2,41.2,,0.5,49,24.5,,,,22023.8498,,0,settled_won,,won,24.5,59.47,34.97,0,,,0
f12cf663-3bca-4324-b58f-7a720aa3f958,e5·m1·token-fix-m1,live,ATP,Tennis Set-Value,conservative,Dan Added — Ilya Ivashka,,I. Ivashka,0,,,,0.085,0.5,,0.411,,41.1,41.1,41.1,,0.12,17,8.5,,,,22023.8498,,0,settled_won,,won,8.5,20.68,12.18,0,,,0
d5d2b160-b033-4c3f-946e-e50de4683908,e5·m1,live,Sweden Allsvenskan 2026,Pre-match Value,conservative,IFK Goteborg — IF Brommapojkarna,2:1,Under 3.5,0,77,1,1,0.07,0.9,0.94,0.83,,83,60.4,87.5,39.6,0.12,30,18,1.2,0.6,,2165.4328,5.41,1,settled_won,early,won,12.06,17.47,5.41,16,take_price|thesis_stop|thesis_stop|thesis_stop|take_price|take_price|take_price|take_price|take_price|take_price|capitulation|capitulation|capitulation|capitulation|take_price|take_price,77.5,111.22
89426d7c-4772-4a43-b30a-6ce7cc472477,,live,ATP,Tennis Set-Value,aggressive,Dan Added — Ilya Ivashka,,I. Ivashka,0,,,,0.088,0.5,,0.41,,44.5,41.2,57.8,,,,16,,,,,6.45,2,settled_won,partial,won,16,22.45,6.45,0,,,0
7d1f4bdb-0d8a-4503-a894-09947c5165cb,,live,ATP,Tennis Set-Value,medium,Dan Added — Ilya Ivashka,,I. Ivashka,0,,,,0.088,0.5,,0.41,,44.5,41.2,57.8,,,,9.5,,,,,3.83,2,settled_won,partial,won,9.5,13.33,3.83,0,,,0
1af1a1b6-5e43-42ec-84a4-d6a09fee2ffe,,live,ATP,Tennis Set-Value,max,Dan Added — Ilya Ivashka,,I. Ivashka,0,,,,0.088,0.5,,0.41,,44.5,41.2,57.8,,,,24.5,,,,,9.87,2,settled_won,partial,won,24.5,34.37,9.87,0,,,0
7b6e595f-3460-4c9c-939e-5d509795b108,,live,ATP,Tennis Set-Value,conservative,Dan Added — Ilya Ivashka,,I. Ivashka,0,,,,0.089,0.5,,0.41,,41.5,41.1,57.8,,,,8.5,,,,,3.45,2,settled_won,partial,won,8.5,11.95,3.45,0,,,0
af35f698-f26c-46df-aa75-1747e15310e5,e5·m1·token-fix-m1,live,ATP,Tennis Set-Value,aggressive,Chris Rodesch — Oliver Crawford,,C. Rodesch,0,,,,0.196,0.5,,0.312,,31.2,31.2,31.2,,0.33,80,40,,,,4820.76103,,0,settled_won,,won,40,128.21,88.21,0,,,0
3c782c8d-0214-4467-9a14-a12861afd7e7,e5·m1·token-fix-m1,live,ATP,Tennis Set-Value,medium,Chris Rodesch — Oliver Crawford,,C. Rodesch,0,,,,0.196,0.5,,0.312,,31.2,31.2,31.2,,0.2,50,25,,,,4820.76103,,0,settled_won,,won,25,80.13,55.13,0,,,0
918d2c79-c47b-4c16-9fd0-d5684512a103,e5·m1·token-fix-m1,live,ATP,Tennis Set-Value,conservative,Chris Rodesch — Oliver Crawford,,C. Rodesch,0,,,,0.196,0.5,,0.312,,31.2,31.2,31.2,,0.12,30,15,,,,4820.76103,,0,settled_won,,won,15,48.08,33.08,0,,,0
c6534655-b517-49bd-819c-a0bdf4b4f506,e5·m1·token-fix-m1,live,ATP,Tennis Set-Value,max,Chris Rodesch — Oliver Crawford,,C. Rodesch,0,,,,0.196,0.5,,0.313,,31.3,31.3,31.3,,0.5,140,70,,,,4820.76103,,0,settled_won,,won,70,223.64,153.64,0,,,0
0299b3dc-dfe2-4d08-bfb7-add37c3b2c3e,,live,ATP,Tennis Set-Value,aggressive,Chris Rodesch — Oliver Crawford,,C. Rodesch,0,,,,0.188,0.5,,0.31,,30.4,31.2,61.2,,,,40,,,,,38.46,2,settled_won,partial,won,40,78.46,38.46,0,,,0
18cabafa-011e-4b23-80f7-b982a6368029,,live,ATP,Tennis Set-Value,medium,Chris Rodesch — Oliver Crawford,,C. Rodesch,0,,,,0.188,0.5,,0.31,,30.4,31.2,61.2,,,,25,,,,,24.04,2,settled_won,partial,won,25,49.04,24.04,0,,,0
676bedc6-edd8-4e7c-b554-9be56d0698ba,,live,ATP,Tennis Set-Value,conservative,Chris Rodesch — Oliver Crawford,,C. Rodesch,0,,,,0.188,0.5,,0.31,,30.4,31.2,61.2,,,,15,,,,,14.42,2,settled_won,partial,won,15,29.42,14.42,0,,,0
3e2ce77d-5436-4f2d-b20e-a3264de8dec8,,live,ATP,Tennis Set-Value,max,Chris Rodesch — Oliver Crawford,,C. Rodesch,0,,,,0.187,0.5,,0.31,,30.4,31.3,61.2,,,,70,,,,,66.87,2,settled_won,partial,won,70,136.87,66.87,0,,,0
b580bbd9-b9c7-47b4-aa21-8ad1be7d1c5a,e5·m1,prematch,Brazil Serie A,Pre-match Value,aggressive,Mirassol FC — Grêmio FBPA,2:1,Both Teams to Score — Yes,1,,0,0,0.055,0.55,0.55,0.495,,49.5,50.2,99,49.8,0.33,35,35,0,0.6,0.55,5402.9866,34.02,1,settled_won,early,won,35,69.02,34.02,4,take_price|take_price|take_price|thesis_stop,99.2,119.79
89a365c6-3fee-4606-8f8f-0ded8dcc08fd,e5·m1,prematch,Brazil Serie A,Pre-match Value,medium,Mirassol FC — Grêmio FBPA,2:1,Both Teams to Score — Yes,1,,0,0,0.055,0.55,0.55,0.495,,49.5,50.2,99,49.8,0.2,21,21,0,0.6,0.55,5402.9866,20.41,1,settled_won,early,won,21,41.41,20.41,4,take_price|take_price|take_price|thesis_stop,99.2,119.79
3f65f5fc-7c1b-48ea-9aab-312217cf7d48,e5·m1,prematch,Brazil Serie A,Pre-match Value,max,Mirassol FC — Grêmio FBPA,2:1,Both Teams to Score — Yes,1,,0,0,0.055,0.55,0.55,0.495,,49.5,50.2,99.9,49.8,0.5,54,54,0,0.6,0.55,5402.9866,53.46,1,settled_won,early,won,54,107.46,53.46,4,take_price|take_price|take_price|thesis_stop,99.2,119.79
af4daab8-b5a1-4dc8-adbe-7636ec7d1893,e5·m1,live,Brazil Serie A,Overreaction,max,Fluminense FC — Red Bull Bragantino,1:1,Fluminense FC Over 0.5,1,45,0,1,0.05,0.71,0.79,0.66,0.690191216735889,66,63.2,7,36.3,0.5,73,3,0,0.62,,370.8597,-2.67,1,settled_won,early,won,3,0.33,-2.67,2,thesis_stop|thesis_stop,7,-52.92
3cb5f0ca-24c3-4093-8e9d-f5b596b926ad,e5·m1,live,Brazil Serie A,Overreaction,aggressive,Fluminense FC — Red Bull Bragantino,1:1,Fluminense FC Over 0.5,1,45,0,1,0.06,0.71,0.71,0.65,0.690191216735889,65,68.2,7,31.3,0.33,56,56,0,0.62,,370.8597,-50.25,1,settled_won,early,won,56,5.75,-50.25,2,thesis_stop|thesis_stop,7,-52.92
4f334d4e-ba91-4713-aeeb-ac5a7297bf9b,e5·m1,live,Brazil Serie A,Pre-match Value,conservative,Mirassol FC — Grêmio FBPA,2:1,Both Teams to Score — Yes,1,49,2,0,0.1,0.55,0.55,0.46,0.5488394379097431,45.5,45.2,99,54.8,0.12,20,10,0,0.6,,5402.9866,11.9,1,settled_won,early,won,10,21.9,11.9,4,take_price|take_price|take_price|thesis_stop,99.2,119.79
04df43e4-a34a-4fcb-ab3c-0b2caa61073a,e5·m1,live,Liga MX 2025,Pre-match Value,aggressive,Atlético San Luis — CF Cruz Azul,2:3,CF Cruz Azul Under 1.5,0,0,0,0,0.245,0.53,0.541,0.285,,28.5,46.2,1,-46.1,0.33,80,80,0,0.62,0.537,410.9798,-3.91,1,settled_lost,early,lost,4,0.09,-3.91,18,take_price|take_price|thesis_stop|thesis_stop|take_price|take_price|time_stop|time_stop|time_stop|time_stop|time_stop|time_stop|time_stop|time_stop|discretionary|discretionary|discretionary|counter_scenario,46.3,138.41
4f114b7e-a7a5-4c2e-82c1-5b78508a9b83,e5·m1,live,Liga MX 2025,Pre-match Value,conservative,Atlético San Luis — CF Cruz Azul,2:3,CF Cruz Azul Under 1.5,0,0,0,0,0.245,0.53,0.541,0.285,,28.5,46.2,62.8,-46.1,0.12,30,30,0,0.62,0.537,410.9798,10.78,1,settled_lost,early,lost,30,40.78,10.78,18,take_price|take_price|thesis_stop|thesis_stop|take_price|take_price|time_stop|time_stop|time_stop|time_stop|time_stop|time_stop|time_stop|time_stop|discretionary|discretionary|discretionary|counter_scenario,46.3,138.41
8600a8cb-d594-4de2-bbe0-358867a72d3e,e5·m1,live,Liga MX 2025,Pre-match Value,medium,Atlético San Luis — CF Cruz Azul,2:3,CF Cruz Azul Under 1.5,0,0,0,0,0.245,0.53,0.541,0.285,,28.5,46.2,69.7,-46.1,0.2,50,50,0,0.62,0.537,410.9798,25.43,1,settled_lost,early,lost,50,75.43,25.43,18,take_price|take_price|thesis_stop|thesis_stop|take_price|take_price|time_stop|time_stop|time_stop|time_stop|time_stop|time_stop|time_stop|time_stop|discretionary|discretionary|discretionary|counter_scenario,46.3,138.41
99917a67-c39c-4899-ba63-df0dd6283197,e5·m1,live,Liga MX 2025,Pre-match Value,max,Atlético San Luis — CF Cruz Azul,2:3,CF Cruz Azul Under 1.5,0,0,0,0,0.245,0.53,0.541,0.285,,28.5,46.2,1,-46.1,0.5,171,171,0,0.62,0.537,410.9798,-8.36,1,settled_lost,early,lost,8.55,0.19,-8.36,18,take_price|take_price|thesis_stop|thesis_stop|take_price|take_price|time_stop|time_stop|time_stop|time_stop|time_stop|time_stop|time_stop|time_stop|discretionary|discretionary|discretionary|counter_scenario,46.3,138.41
fca9a68c-e360-426b-8f71-ab3ca8259ded,e5·m1,live,Liga MX 2025,Pre-match Value,max,Atlético San Luis — CF Cruz Azul,2:3,CF Cruz Azul Under 2.5,0,0,0,0,0.19,0.79,0.796,0.6,,60,74.1,89.9,-74,0.5,29,29,0,0.62,0.78,403.3998,4.08,1,settled_lost,early,lost,19.14,23.22,4.08,2,time_stop|take_price,81.5,3.95
f68a7e16-4394-455a-8472-a89ce97622c3,e5·m1,live,Liga MX 2025,Overreaction,aggressive,Club León FC — Atlas FC,2:3,Club León FC (-1.5),0,4,0,1,0.08,0.16,0.23,0.09,,8.5,9.1,17.9,-9,0.33,27,27,0,0.58,,1958.3085,26.11,1,settled_lost,early,lost,27,53.11,26.11,4,take_price|take_price|take_price|thesis_stop,14.9,64.57
610b0053-f9b0-49a6-b06c-1b518573ef6f,e5·m1,live,Liga MX 2025,Overreaction,aggressive,Club León FC — Atlas FC,2:3,Draw (Club León FC vs. Atlas FC) — No,0,4,0,1,0.06,0.8,0.75,0.75,,74.5,75.1,98,24.9,0.33,71,71,0,0.58,,312.0276,0.34,1,settled_won,early,won,1.11,1.45,0.34,14,thesis_stop|thesis_stop|thesis_stop|thesis_stop|counter_scenario|counter_scenario|counter_scenario|counter_scenario|thesis_stop|thesis_stop|take_price|take_price|thesis_stop|thesis_stop,77.3,-17.46
03a37abf-ee81-4279-a55e-dce0d8583f72,e5·m1,live,Liga MX 2025,Overreaction,medium,Club León FC — Atlas FC,2:3,Club León FC (-1.5),0,4,0,1,0.08,0.16,0.23,0.09,,8.5,9.1,17.9,-9,0.2,16,16,0,0.58,,1958.3085,15.47,1,settled_lost,early,lost,16,31.47,15.47,4,take_price|take_price|take_price|thesis_stop,14.9,64.57
5f2e48e5-3e08-441a-af91-12b7c63dfe39,e5·m1,live,Liga MX 2025,Overreaction,max,Club León FC — Atlas FC,2:3,Club León FC (-1.5),0,4,0,1,0.08,0.16,0.23,0.09,,8.5,9.1,6,-9,0.5,40,40,0,0.58,,1958.3085,-4.09,1,settled_lost,early,lost,12,7.91,-4.09,4,take_price|take_price|take_price|thesis_stop,14.9,64.57
c61bd786-d573-46bc-bb31-2d38045c6c1f,e5·m1,live,Liga MX 2025,Overreaction,max,Club León FC — Atlas FC,2:3,Draw (Club León FC vs. Atlas FC) — No,0,4,0,1,0.06,0.8,0.75,0.75,,74.5,75.1,98,24.9,0.5,107,107,0,0.58,,312.0276,0.51,1,settled_won,early,won,1.67,2.18,0.51,14,thesis_stop|thesis_stop|thesis_stop|thesis_stop|counter_scenario|counter_scenario|counter_scenario|counter_scenario|thesis_stop|thesis_stop|take_price|take_price|thesis_stop|thesis_stop,77.3,-17.46
258863b4-c6d2-41bf-a513-c59fe05f227f,e5·m1,live,Liga 1,Pre-match Value,aggressive,CS Cienciano — FBC Melgar,1:3,CS Cienciano Under 1.5,0,30,1,0,0.21,0.62,0.61,0.42,,41.5,45.2,5.1,54.3,0.33,80,80,0,0.55,0.55,1203.4112,-70.97,1,settled_won,early,won,80,9.03,-70.97,5,discretionary|discretionary|discretionary|take_price|thesis_stop,25.1,-104.45
714ea9f9-3fcd-4ea8-b800-a7f247896b03,e5·m1,live,Liga 1,Pre-match Value,conservative,CS Cienciano — FBC Melgar,1:3,CS Cienciano Under 1.5,0,30,1,0,0.21,0.62,0.61,0.42,,41.5,45.2,5.6,54.3,0.12,30,30,0,0.55,0.55,1203.4112,-26.28,1,settled_won,early,won,30,3.72,-26.28,5,discretionary|discretionary|discretionary|take_price|thesis_stop,25.1,-104.45
14e40731-dee6-4340-af4a-2845e42c1ccd,e5·m1,live,Liga 1,Pre-match Value,medium,CS Cienciano — FBC Melgar,1:3,CS Cienciano Under 1.5,0,30,1,0,0.21,0.62,0.61,0.42,,41.5,45.2,5.1,54.3,0.2,50,50,0,0.55,0.55,1203.4112,-44.36,1,settled_won,early,won,50,5.64,-44.36,5,discretionary|discretionary|discretionary|take_price|thesis_stop,25.1,-104.45
4cb6cdcf-19f0-4f55-ae82-b42b6555412d,e5·m1,live,Liga 1,Pre-match Value,max,CS Cienciano — FBC Melgar,1:3,CS Cienciano Under 1.5,0,30,1,0,0.21,0.62,0.61,0.42,,41.5,45.2,54.8,54.3,0.5,175,175,0,0.55,0.55,1203.4112,18.58,1,settled_won,early,won,87.5,106.08,18.58,5,discretionary|discretionary|discretionary|take_price|thesis_stop,25.1,-104.45
78bd4639-46c1-47af-92ed-41b2bc135646,e5·m1,live,Liga MX 2025,Pre-match Value,conservative,Atlético San Luis — CF Cruz Azul,2:3,CF Cruz Azul Under 1.5,0,62,2,0,0.29,0.8,0.7,0.52,,51.5,49.2,18.9,-49.1,0.12,30,2,0,0.62,,410.9798,-0.31,1,settled_lost,early,lost,0.5,0.19,-0.31,18,take_price|take_price|thesis_stop|thesis_stop|take_price|take_price|time_stop|time_stop|time_stop|time_stop|time_stop|time_stop|time_stop|time_stop|discretionary|discretionary|discretionary|counter_scenario,46.3,138.41
8595ad03-89a9-49a2-91a7-64af25d68c0f,e5·m1,live,Liga MX 2025,Pre-match Value,medium,Atlético San Luis — CF Cruz Azul,2:3,CF Cruz Azul Under 1.5,0,62,2,0,0.29,0.8,0.7,0.52,,51.5,49.2,18.9,-49.1,0.2,50,2,0,0.62,,410.9798,-0.31,1,settled_lost,early,lost,0.5,0.19,-0.31,18,take_price|take_price|thesis_stop|thesis_stop|take_price|take_price|time_stop|time_stop|time_stop|time_stop|time_stop|time_stop|time_stop|time_stop|discretionary|discretionary|discretionary|counter_scenario,46.3,138.41
c7c5323d-bef1-49af-a932-1bba39eff99c,e5·m1,live,Liga MX 2025,Pre-match Value,aggressive,FC Juárez — Club Puebla,0:1,FC Juárez Under 1.5,0,0,0,0,0.095,0.54,0.541,0.445,,44.5,47.2,90.6,52.3,0.33,56,56,0,0.55,0.4,794.6558,3.22,1,settled_won,early,won,3.5,6.72,3.22,12,take_price|take_price|take_price|take_price|take_price|take_price|take_price|take_price|time_stop|time_stop|take_price|take_price,73.1,74.79
8cf3d9cf-3ce1-4d38-b3ef-0a1057bf4551,e5·m1,live,Liga MX 2025,Pre-match Value,medium,FC Juárez — Club Puebla,0:1,FC Juárez Under 1.5,0,0,0,0,0.095,0.54,0.541,0.445,,44.5,47.2,70.9,52.3,0.2,34,34,0,0.55,0.4,794.6558,8.54,1,settled_won,early,won,17,25.54,8.54,12,take_price|take_price|take_price|take_price|take_price|take_price|take_price|take_price|time_stop|time_stop|take_price|take_price,73.1,74.79
5a1cf3e4-cf67-45cf-9fbb-2874e44be785,e5·m1,live,Liga MX 2025,Pre-match Value,max,FC Juárez — Club Puebla,0:1,FC Juárez Under 1.5,0,0,0,0,0.095,0.54,0.541,0.445,,44.5,47.2,95,52.3,0.5,85,85,0,0.55,0.4,794.6558,5.38,1,settled_won,early,won,5.31,10.69,5.38,12,take_price|take_price|take_price|take_price|take_price|take_price|take_price|take_price|time_stop|time_stop|take_price|take_price,73.1,74.79
47fe53cd-edc3-437a-8326-575d12e6cce8,e5·m1,live,Liga MX 2025,Overreaction,aggressive,FC Juárez — Club Puebla,0:1,Draw (FC Juárez vs. Club Puebla) — No,0,65,0,1,0.06,0.72,0.75,0.66,,65.5,66.2,99,33.3,0.33,62,62,0,0.55,,277.0069,30.72,1,settled_won,early,won,62,92.72,30.72,2,thesis_stop|thesis_stop,99,77.29
4fd699a8-7025-4e79-aaa7-b5142df42ffc,e5·m1,live,Liga MX 2025,Overreaction,max,FC Juárez — Club Puebla,0:1,Draw (FC Juárez vs. Club Puebla) — No,0,65,0,1,0.06,0.72,0.75,0.66,,65.5,66.2,99,33.3,0.5,94,94,0,0.55,,277.0069,46.57,1,settled_won,early,won,94,140.57,46.57,2,thesis_stop|thesis_stop,99,77.29
2704061d-152c-4be3-a164-933fe1eda709,e5·m1·sim-v1,prematch,ATP,Tennis PMV,aggressive,Edas Butvilas — Clement Tabur,,"Estoril Open, Qualification: Edas Butvilas vs Clement Tabur Set 2 Winner",0,,,,0.147,0.627,0.627,0.48,,48,48,17.7,-47.9,0.33,80,80,,,,985,-50.5,2,settled_lost,early,lost,80,29.5,-50.5,3,discretionary|discretionary|discretionary,17.7,-101
947be5af-860e-4e43-b94b-9572e5f9f41d,e5·m1·sim-v1,prematch,ATP,Tennis PMV,medium,Edas Butvilas — Clement Tabur,,"Estoril Open, Qualification: Edas Butvilas vs Clement Tabur Set 2 Winner",0,,,,0.147,0.627,0.627,0.48,,48,48,17.7,-47.9,0.2,50,50,,,,985,-31.56,2,settled_lost,early,lost,50,18.44,-31.56,3,discretionary|discretionary|discretionary,17.7,-101
999d52de-e9d2-4643-b670-9d871db88ed9,e5·m1·sim-v1,prematch,ATP,Tennis PMV,conservative,Edas Butvilas — Clement Tabur,,"Estoril Open, Qualification: Edas Butvilas vs Clement Tabur Set 2 Winner",0,,,,0.147,0.627,0.627,0.48,,48,48,17.7,-47.9,0.12,30,30,,,,985,-18.94,2,settled_lost,early,lost,30,11.06,-18.94,3,discretionary|discretionary|discretionary,17.7,-101
c3923ffb-764a-4356-baab-a7adb47e4028,e5·m1·sim-v1,prematch,ATP,Tennis PMV,max,Edas Butvilas — Clement Tabur,,"Estoril Open, Qualification: Edas Butvilas vs Clement Tabur Set 2 Winner",0,,,,0.147,0.627,0.627,0.48,,48,48,0,-47.9,0.5,141,141,,,,985,,0,settled_lost,pm_resolution,lost,141,0,-141,3,settle|settle|settle,17.7,-101
433def76-0584-4b7f-9ca7-81c47e3fc52f,e5·m1·sim-v1,prematch,WTA,Tennis PMV,aggressive,Lucia Bronzetti — Nuria Brancaccio,,Rome: Lucia Bronzetti vs Nuria Brancaccio Set 2 Winner,0,,,,0.248,0.578,0.578,0.33,,33,33,0,-32.9,0.33,80,80,,,,1385,,0,settled_lost,pm_resolution,lost,80,0,-80,0,,,0
98490489-209e-4a3f-b7bf-b0230c20c509,e5·m1·sim-v1,prematch,WTA,Tennis PMV,medium,Lucia Bronzetti — Nuria Brancaccio,,Rome: Lucia Bronzetti vs Nuria Brancaccio Set 2 Winner,0,,,,0.248,0.578,0.578,0.33,,33,33,0,-32.9,0.2,50,50,,,,1385,,0,settled_lost,pm_resolution,lost,50,0,-50,0,,,0
b7b75cbf-af93-4237-b0b2-5acbc86c7b2d,e5·m1·sim-v1,prematch,WTA,Tennis PMV,conservative,Lucia Bronzetti — Nuria Brancaccio,,Rome: Lucia Bronzetti vs Nuria Brancaccio Set 2 Winner,0,,,,0.248,0.578,0.578,0.33,,33,33,0,-32.9,0.12,30,30,,,,1385,,0,settled_lost,pm_resolution,lost,30,0,-30,0,,,0
ee80ad30-8766-41dd-be71-ee2f1752dc82,e5·m1·sim-v1,prematch,WTA,Tennis PMV,max,Lucia Bronzetti — Nuria Brancaccio,,Rome: Lucia Bronzetti vs Nuria Brancaccio Set 2 Winner,0,,,,0.248,0.578,0.578,0.33,,33,33,0,-32.9,0.5,185,185,,,,1385,,0,settled_lost,pm_resolution,lost,185,0,-185,0,,,0
145884f2-6890-4fbb-bcff-519f7f5c389a,e5·m1,prematch,Sweden Allsvenskan 2026,Pre-match Value,max,AIK — GAIS,2:0,Draw (AIK vs. GAIS) — No,0,,0,0,0.023,0.748,0.748,0.725,,72.5,73.2,93,26.8,0.5,41,41,0,0.58,0.748,6527.8057,2.77,1,settled_won,early,won,10.25,13.02,2.77,2,take_price|take_price,91.5,9.79
a17b3967-33af-412a-be42-f73478eba34d,e5·m1,prematch,Norway Eliteserien,Pre-match Value,max,IK Start — Rosenborg BK,0:3,Under 1.5,0,,0,0,0.045,0.25,0.246,0.205,,20.5,21.1,13.9,-21,0.5,28,28,0,0.55,0.07,367.803,-9.55,1,settled_lost,early,lost,28,18.45,-9.55,1,counter_scenario,13.9,-9.55
754b2833-3ec7-4dac-be54-f5faec1811d3,e5·m1,prematch,Norway Eliteserien,Pre-match Value,aggressive,Kristiansund BK — Sarpsborg 08 FF,0:0,Both Teams to Score — No,0,,0,0,0.065,0.42,0.417,0.355,,35.5,36.2,12.8,63.8,0.33,33,33,0,0.5,0.416,275.9474,-21.33,1,settled_won,early,won,33,11.67,-21.33,5,discretionary|thesis_stop|thesis_stop|take_price|take_price,53.4,14.63
47e680ce-ee15-41ff-b745-1f9e11958d41,e5·m1,prematch,Norway Eliteserien,Pre-match Value,max,Kristiansund BK — Sarpsborg 08 FF,0:0,Both Teams to Score — No,0,,0,0,0.065,0.42,0.417,0.355,,35.5,36.2,72.9,63.8,0.5,50,50,0,0.5,0.416,275.9474,10.19,1,settled_won,early,won,10.05,20.24,10.19,5,discretionary|thesis_stop|thesis_stop|take_price|take_price,53.4,14.63
9a2e6a82-f01d-4e6f-b959-245872463a1e,e5·m1·token-fix-m1,live,ATP,Tennis Set-Value,aggressive,Max Alcala Gurri — Gonzalo Villanueva,,M. Alcala Gurri,0,,,,0.095,0.5,,0.42,,42,42,24.2,,0.33,52,52,,,,89989.5717,-22.04,2,settled_lost,early,lost,52,29.96,-22.04,0,,,0
e61c8f3d-0795-4a20-bbca-1e1277e1ccd1,e5·m1·token-fix-m1,live,ATP,Tennis Set-Value,medium,Max Alcala Gurri — Gonzalo Villanueva,,M. Alcala Gurri,0,,,,0.095,0.5,,0.419,,41.9,41.9,24.4,,0.2,31,31,,,,89989.5717,-12.95,2,settled_lost,early,lost,31,18.05,-12.95,0,,,0
e51aa647-bb5c-4d5a-b2bb-60f6c3ea13f5,e5·m1·token-fix-m1,live,ATP,Tennis Set-Value,conservative,Max Alcala Gurri — Gonzalo Villanueva,,M. Alcala Gurri,0,,,,0.095,0.5,,0.418,,41.8,41.8,24.6,,0.12,19,19,,,,89989.5717,-7.82,2,settled_lost,early,lost,19,11.18,-7.82,0,,,0
bf588ec4-78e5-49b9-a549-5ee6e6c9ebe5,e5·m1·token-fix-m1,live,ATP,Tennis Set-Value,max,Max Alcala Gurri — Gonzalo Villanueva,,M. Alcala Gurri,0,,,,0.095,0.5,,0.421,,42.1,42.1,23.8,,0.5,79,79,,,,89989.5717,-34.34,2,settled_lost,early,lost,79,44.66,-34.34,0,,,0
468d79e7-8a26-4e1c-b082-f0997d96c92e,e5·m1·token-fix-m1,live,ATP,Tennis Set-Value,aggressive,Hugo Dellien — Michele Ribecai,,H. Dellien,0,,,,0.095,0.5,,0.412,,41.2,41.2,41.2,,0.33,52,26,,,,27650.0716,,0,settled_lost,,lost,26,0,-26,0,,,0
fe34a58d-a70f-474e-9480-81a374cb6ee2,e5·m1·token-fix-m1,live,ATP,Tennis Set-Value,medium,Hugo Dellien — Michele Ribecai,,H. Dellien,0,,,,0.095,0.5,,0.412,,41.2,41.2,41.2,,0.2,31,15.5,,,,27650.0716,,0,settled_lost,,lost,15.5,0,-15.5,0,,,0
813f57aa-55d3-41ac-9ba7-0fe167887083,e5·m1·token-fix-m1,live,ATP,Tennis Set-Value,conservative,Hugo Dellien — Michele Ribecai,,H. Dellien,0,,,,0.095,0.5,,0.412,,41.2,41.2,41.2,,0.12,19,9.5,,,,27650.0716,,0,settled_lost,,lost,9.5,0,-9.5,0,,,0
7b74a967-a544-458f-ab46-6867ab536714,e5·m1·token-fix-m1,live,ATP,Tennis Set-Value,max,Hugo Dellien — Michele Ribecai,,H. Dellien,0,,,,0.095,0.5,,0.412,,41.2,41.2,41.2,,0.5,79,39.5,,,,27650.0716,,0,settled_lost,,lost,39.5,0,-39.5,0,,,0
fbe60255-89e4-404d-862a-710959358391,,live,ATP,Tennis Set-Value,aggressive,Hugo Dellien — Michele Ribecai,,H. Dellien,0,,,,0.088,0.5,,0.41,,40.5,41.2,54.9,,,,26,,,,,8.65,2,settled_won,partial,won,26,34.65,8.65,0,,,0
4e7f3fd5-de5e-42f4-86aa-cb192359580f,,live,ATP,Tennis Set-Value,medium,Hugo Dellien — Michele Ribecai,,H. Dellien,0,,,,0.088,0.5,,0.41,,40.5,41.2,54.9,,,,15.5,,,,,5.15,2,settled_won,partial,won,15.5,20.65,5.15,0,,,0
33b04f7d-2232-441f-ad54-e9153d72d132,,live,ATP,Tennis Set-Value,conservative,Hugo Dellien — Michele Ribecai,,H. Dellien,0,,,,0.088,0.5,,0.41,,40.5,41.2,55,,,,9.5,,,,,3.18,2,settled_won,partial,won,9.5,12.68,3.18,0,,,0
1bdb5f51-4644-4593-8853-000d6143f825,,live,ATP,Tennis Set-Value,max,Hugo Dellien — Michele Ribecai,,H. Dellien,0,,,,0.088,0.5,,0.41,,40.5,41.2,54.9,,,,39.5,,,,,13.13,2,settled_won,partial,won,39.5,52.63,13.13,0,,,0
dec6c656-b914-4de0-8e17-7e808756144e,e5·m1,live,NWSL,Pre-match Value,aggressive,NJ/NY Gotham FC — Seattle Reign FC,3:2,Both Teams to Score — Yes,1,0,0,0,0.09,0.54,0.541,0.45,,45,51.8,96,48.2,0.33,54,38,0.6,0.55,0.541,3172.0792,8.11,1,settled_won,early,won,9.5,17.61,8.11,8,take_price|take_price|time_stop|time_stop|thesis_stop|thesis_stop|take_price|thesis_stop,83.6,77.42
d421e827-84a7-48c9-93ee-c609b58bbd02,e5·m1,live,NWSL,Pre-match Value,conservative,NJ/NY Gotham FC — Seattle Reign FC,3:2,Both Teams to Score — Yes,1,0,0,0,0.09,0.54,0.541,0.45,,45,51.3,74.8,48.7,0.12,19,19,0.1,0.55,0.541,3172.0792,8.7,1,settled_won,early,won,19,27.7,8.7,8,take_price|take_price|time_stop|time_stop|thesis_stop|thesis_stop|take_price|thesis_stop,83.6,77.42
bbdad1ca-a92e-47e3-b5ca-10badda70628,e5·m1,live,NWSL,Pre-match Value,medium,NJ/NY Gotham FC — Seattle Reign FC,3:2,Both Teams to Score — Yes,1,0,0,0,0.09,0.54,0.541,0.45,,45,51.7,87.4,48.3,0.2,32,32,0.5,0.55,0.541,3172.0792,22.1,1,settled_won,early,won,32,54.1,22.1,8,take_price|take_price|time_stop|time_stop|thesis_stop|thesis_stop|take_price|thesis_stop,83.6,77.42
35357d1b-b3a7-407c-b9c1-98b9bd11ff53,e5·m1,live,NWSL,Pre-match Value,max,NJ/NY Gotham FC — Seattle Reign FC,3:2,Both Teams to Score — Yes,1,0,0,0,0.09,0.54,0.541,0.45,,45,51.8,98,48.2,0.5,81,38,0.6,0.55,0.541,3172.0792,8.47,1,settled_won,early,won,9.5,17.97,8.47,8,take_price|take_price|time_stop|time_stop|thesis_stop|thesis_stop|take_price|thesis_stop,83.6,77.42
b419c454-43f1-45e1-b0e5-7bac33c5aba2,e5·m1·token-fix-m1,live,WTA,Tennis Set-Value,aggressive,Paula Badosa — Tamara Zidansek,,P. Badosa,0,,,,0.055,0.5,,0.392,,39.2,39.2,24.9,,0.33,32,32,,,,204933.9653,-11.67,2,settled_lost,early,lost,32,20.33,-11.67,0,,,0
a922cd82-e78d-4895-bc28-065b5e52ea67,e5·m1·token-fix-m1,live,WTA,Tennis Set-Value,medium,Paula Badosa — Tamara Zidansek,,P. Badosa,0,,,,0.055,0.5,,0.392,,39.2,39.2,24.9,,0.2,19,19,,,,204933.9653,-6.93,2,settled_lost,early,lost,19,12.07,-6.93,0,,,0
98354bf5-2f9a-4c97-983e-e7e83bbb4bd0,e5·m1·token-fix-m1,live,WTA,Tennis Set-Value,max,Paula Badosa — Tamara Zidansek,,P. Badosa,0,,,,0.055,0.5,,0.392,,39.2,39.2,24.9,,0.5,49,49,,,,204933.9653,-17.88,2,settled_lost,early,lost,49,31.12,-17.88,0,,,0
f8a8309d-1775-4266-a61c-77e52a8fea26,e5·m1·token-fix-m1,live,WTA,Tennis Set-Value,aggressive,Martina Trevisan — Francesca Jones,,F. Jones,0,,,,0.175,0.5,,0.352,,35.2,35.2,35.2,,0.33,80,40,,,,106996.159,,0,settled_won,,won,40,113.64,73.64,0,,,0
544a6dd6-6cba-4d0b-aeb8-3fb6414146fa,e5·m1·token-fix-m1,live,WTA,Tennis Set-Value,medium,Martina Trevisan — Francesca Jones,,F. Jones,0,,,,0.175,0.5,,0.352,,35.2,35.2,35.2,,0.2,50,25,,,,106996.159,,0,settled_won,,won,25,71.02,46.02,0,,,0
697f0f4c-bb77-4b74-bd3f-cdcaeb43d1a6,e5·m1·token-fix-m1,live,WTA,Tennis Set-Value,conservative,Martina Trevisan — Francesca Jones,,F. Jones,0,,,,0.175,0.5,,0.352,,35.2,35.2,35.2,,0.12,30,15,,,,106996.159,,0,settled_won,,won,15,42.61,27.61,0,,,0
2990c7b3-b118-4d9f-8c25-847dd2c32418,e5·m1·token-fix-m1,live,WTA,Tennis Set-Value,max,Martina Trevisan — Francesca Jones,,F. Jones,0,,,,0.175,0.5,,0.352,,35.2,35.2,35.2,,0.5,129,64.5,,,,106996.159,,0,settled_won,,won,64.5,183.24,118.74,0,,,0
b82d0723-a037-4014-9376-cd305f6882f6,,live,WTA,Tennis Set-Value,aggressive,Martina Trevisan — Francesca Jones,,F. Jones,0,,,,0.148,0.5,,0.35,,32.5,35.2,54.8,,,,40,,,,,22.27,2,settled_won,partial,won,40,62.27,22.27,0,,,0
e6111af3-551f-4301-af16-b7fdad450947,,live,WTA,Tennis Set-Value,medium,Martina Trevisan — Francesca Jones,,F. Jones,0,,,,0.148,0.5,,0.35,,32.5,35.2,54.8,,,,25,,,,,13.92,2,settled_won,partial,won,25,38.92,13.92,0,,,0
51830665-b14e-43b5-ad7b-9b8060982ed6,,live,WTA,Tennis Set-Value,conservative,Martina Trevisan — Francesca Jones,,F. Jones,0,,,,0.148,0.5,,0.35,,32.5,35.2,54.8,,,,15,,,,,8.35,2,settled_won,partial,won,15,23.35,8.35,0,,,0
4c611318-7dae-4901-ada6-c51f2457d46b,,live,WTA,Tennis Set-Value,max,Martina Trevisan — Francesca Jones,,F. Jones,0,,,,0.148,0.5,,0.35,,32.5,35.2,54.8,,,,64.5,,,,,35.91,2,settled_won,partial,won,64.5,100.41,35.91,0,,,0
f1610c12-2fd4-426d-91e9-01665422425f,e5·m1,live,NWSL,Overreaction,aggressive,NJ/NY Gotham FC — Seattle Reign FC,3:2,Draw (NJ/NY Gotham FC vs. Seattle Reign FC) — No,0,14,0,1,0.08,0.8,0.74,0.73,,72.5,74.1,84.9,25.4,0.33,80,80,1,0.55,,659.0008,1.46,1,settled_won,early,won,10,11.46,1.46,12,take_price|take_price|take_price|thesis_stop|thesis_stop|thesis_stop|take_price|take_price|take_price|thesis_stop|thesis_stop|thesis_stop,84.1,27.37
7acab6d5-ad19-44b0-bd0b-d67ffea0c76b,e5·m1,live,NWSL,Overreaction,medium,NJ/NY Gotham FC — Seattle Reign FC,3:2,Draw (NJ/NY Gotham FC vs. Seattle Reign FC) — No,0,14,0,1,0.08,0.8,0.74,0.73,,72.5,74,84.9,25.5,0.2,50,50,0.9,0.55,,659.0008,0.92,1,settled_won,early,won,6.25,7.17,0.92,12,take_price|take_price|take_price|thesis_stop|thesis_stop|thesis_stop|take_price|take_price|take_price|thesis_stop|thesis_stop|thesis_stop,84.1,27.37
97f6d319-4322-48f3-8e18-a9eee2f44042,e5·m1,live,NWSL,Overreaction,max,NJ/NY Gotham FC — Seattle Reign FC,3:2,Draw (NJ/NY Gotham FC vs. Seattle Reign FC) — No,0,14,0,1,0.08,0.8,0.74,0.73,,72.5,74.1,84.9,25.4,0.5,136,136,1,0.55,,659.0008,2.48,1,settled_won,early,won,17,19.48,2.48,12,take_price|take_price|take_price|thesis_stop|thesis_stop|thesis_stop|take_price|take_price|take_price|thesis_stop|thesis_stop|thesis_stop,84.1,27.37
6d9c54af-4e2f-4de0-bde7-d3f9336c74f4,e5·m1,prematch,ЧМ-2026,Pre-match Value,aggressive,France — England,4:6,Both Teams to Score — No,0,,0,0,0.105,0.42,0.441,0.315,,31.5,32.2,11.9,-32.1,0.33,50,50,0,0.5,0.441,108541.2467,-31.52,1,settled_lost,early,lost,50,18.48,-31.52,3,discretionary|discretionary|counter_scenario,12.3,-99.99
ab67e397-d3ef-4498-ba7e-7a45d7501266,e5·m1,prematch,ЧМ-2026,Pre-match Value,medium,France — England,4:6,Both Teams to Score — No,0,,0,0,0.105,0.42,0.441,0.315,,31.5,32.2,15.2,-32.1,0.2,30,30,0,0.5,0.441,108541.2467,-15.84,1,settled_lost,early,lost,30,14.16,-15.84,3,discretionary|discretionary|counter_scenario,12.3,-99.99
5c6f960e-4897-47fa-a620-7197acc02a6e,e5·m1,prematch,ЧМ-2026,Pre-match Value,max,France — England,4:6,Both Teams to Score — No,0,,0,0,0.105,0.42,0.441,0.315,,31.5,32.2,9.9,-32.1,0.5,76,76,0,0.5,0.441,108541.2467,-52.63,1,settled_lost,early,lost,76,23.37,-52.63,3,discretionary|discretionary|counter_scenario,12.3,-99.99
58083a6d-6df9-4c21-b12b-7c44dd6209d5,e5·m1,live,NWSL,Overreaction,aggressive,Bay FC — North Carolina Courage,3:0,Draw (Bay FC vs. North Carolina Courage),0,16,1,0,0.07,0.21,0.25,0.14,,14,18.1,11.9,-18,0.33,26,1,0,0.55,,663.0212,-0.34,1,settled_lost,early,lost,1,0.66,-0.34,2,thesis_stop|thesis_stop,11.9,-0.68
f1deb0a7-6456-4c65-8e47-7d40287618f4,e5·m1,live,NWSL,Overreaction,max,Bay FC — North Carolina Courage,3:0,Draw (Bay FC vs. North Carolina Courage),0,16,1,0,0.07,0.21,0.25,0.14,,14,18.1,11.9,-18,0.5,40,1,0,0.55,,663.0212,-0.34,1,settled_lost,early,lost,1,0.66,-0.34,2,thesis_stop|thesis_stop,11.9,-0.68
01eaa51a-bbe8-4d5f-9a21-431838fc41f3,e5·m1,live,Liga MX 2025,Overreaction,aggressive,Pumas de la UNAM — CF Pachuca,0:3,Draw — Yes,0,22,0,1,0.06,0.27,0.25,0.21,,21,21.1,7,-21,0.33,25,25,0,0.6,,4061.6575,-16.71,1,settled_lost,early,lost,25,8.29,-16.71,4,discretionary|discretionary|discretionary|thesis_stop,5.6,-67.93
a79a18c1-da64-465e-aade-98498ed7f459,e5·m1,live,Liga MX 2025,Overreaction,medium,Pumas de la UNAM — CF Pachuca,0:3,Draw — Yes,0,22,0,1,0.06,0.27,0.25,0.21,,21,21.1,7,-21,0.2,15,15,0,0.6,,4061.6575,-10.02,1,settled_lost,early,lost,15,4.98,-10.02,4,discretionary|discretionary|discretionary|thesis_stop,5.6,-67.93
b82cc034-4543-4d0e-baad-a151ff6653cf,e5·m1,live,Liga MX 2025,Overreaction,max,Pumas de la UNAM — CF Pachuca,0:3,Draw — Yes,0,22,0,1,0.06,0.27,0.25,0.21,,21,21.1,1.5,-21,0.5,37,37,0,0.6,,4061.6575,-34.37,1,settled_lost,early,lost,37,2.63,-34.37,4,discretionary|discretionary|discretionary|thesis_stop,5.6,-67.93
9330a7fc-7f4e-4371-a006-f7e173bc2ccb,e5·m1,live,Liga MX 2025,Overreaction,conservative,Pumas de la UNAM — CF Pachuca,0:3,Draw — Yes,0,23,0,1,0.07,0.27,0.27,0.2,,20,22.1,7,-22,0.12,10,10,0,0.6,,4061.6575,-6.83,1,settled_lost,early,lost,10,3.17,-6.83,4,discretionary|discretionary|discretionary|thesis_stop,5.6,-67.93
f93ea5a1-d5c3-4381-973d-28e340c0f966,e5·m1,prematch,Liga MX 2025,Pre-match Value,aggressive,CD Guadalajara — Deportivo Toluca FC,0:2,CD Guadalajara Under 2.5,0,,0,0,0.095,0.85,0.845,0.755,,75.5,77.1,90.9,22.4,0.33,80,80,0,0.6,0.82,1812.0721,0.14,1,settled_won,early,won,0.8,0.94,0.14,15,time_stop|time_stop|time_stop|take_price|take_price|take_price|take_price|take_price|take_price|thesis_stop|thesis_stop|thesis_stop|take_price|take_price|take_price,89.7,45.81
cca1c17e-cf8f-488a-8336-ae55158020c2,e5·m1,prematch,Liga MX 2025,Pre-match Value,aggressive,CD Guadalajara — Deportivo Toluca FC,0:2,Deportivo Toluca FC Over 0.5,1,,0,0,0.07,0.785,0.788,0.715,,71.5,72.2,99,27.3,0.33,70,70,0,0.6,0.788,1559.7952,25.98,1,settled_won,early,won,70,95.98,25.98,3,take_price|take_price|take_price,99,89.46
2a5250b9-0f0c-4988-b38c-9d7e70e3d5ef,e5·m1,prematch,Liga MX 2025,Pre-match Value,medium,CD Guadalajara — Deportivo Toluca FC,0:2,CD Guadalajara Under 2.5,0,,0,0,0.095,0.85,0.845,0.755,,75.5,77.1,90.9,22.4,0.2,50,50,0,0.6,0.82,1812.0721,0.09,1,settled_won,early,won,0.5,0.59,0.09,15,time_stop|time_stop|time_stop|take_price|take_price|take_price|take_price|take_price|take_price|thesis_stop|thesis_stop|thesis_stop|take_price|take_price|take_price,89.7,45.81
49e15237-387b-4eed-a721-e42f11690968,e5·m1,prematch,Liga MX 2025,Pre-match Value,medium,CD Guadalajara — Deportivo Toluca FC,0:2,Deportivo Toluca FC Over 0.5,1,,0,0,0.07,0.785,0.788,0.715,,71.5,72.2,99,27.3,0.2,49,49,0,0.6,0.788,1559.7952,18.19,1,settled_won,early,won,49,67.19,18.19,3,take_price|take_price|take_price,99,89.46
2c95b233-9ac3-4910-8218-5e595ca22706,e5·m1,prematch,Liga MX 2025,Pre-match Value,max,CD Guadalajara — Deportivo Toluca FC,0:2,CD Guadalajara Under 2.5,0,,0,0,0.095,0.85,0.845,0.755,,75.5,77.1,90.9,22.4,0.5,193,193,0,0.6,0.82,1812.0721,0.35,1,settled_won,early,won,1.93,2.28,0.35,15,time_stop|time_stop|time_stop|take_price|take_price|take_price|take_price|take_price|take_price|thesis_stop|thesis_stop|thesis_stop|take_price|take_price|take_price,89.7,45.81
a644e8bf-e686-4502-95e0-36b93eb78f22,e5·m1,prematch,Liga MX 2025,Pre-match Value,max,CD Guadalajara — Deportivo Toluca FC,0:2,Deportivo Toluca FC Over 0.5,1,,0,0,0.07,0.785,0.788,0.715,,71.5,72.2,99,27.3,0.5,122,122,0,0.6,0.788,1559.7952,45.29,1,settled_won,early,won,122,167.29,45.29,3,take_price|take_price|take_price,99,89.46
bd1d9dae-d36c-45b8-9745-a7760ea94784,e5·m1,live,NWSL,Overreaction,aggressive,Racing Louisville FC — Houston Dash,1:1,Both Teams to Score — Yes,1,31,1,0,0.26,0.76,0.76,0.5,0.7409346674851585,50,70.2,49.2,29.8,0.33,80,80,0,0.55,,3174.5927,-11.97,1,settled_won,early,won,40,28.03,-11.97,8,thesis_stop|thesis_stop|thesis_stop|thesis_stop|thesis_stop|thesis_stop|thesis_stop|thesis_stop,38.2,-139.27
c6166d67-49d0-4506-98a9-28b0910a295e,e5·m1,live,NWSL,Overreaction,conservative,Racing Louisville FC — Houston Dash,1:1,Both Teams to Score — Yes,1,31,1,0,0.26,0.76,0.76,0.5,0.7409346674851585,50,70.2,49.3,29.8,0.12,30,30,0,0.55,,3174.5927,-4.47,1,settled_won,early,won,15,10.53,-4.47,8,thesis_stop|thesis_stop|thesis_stop|thesis_stop|thesis_stop|thesis_stop|thesis_stop|thesis_stop,38.2,-139.27
f33389d1-8195-4f3f-94de-1c049cad64cc,e5·m1,live,NWSL,Overreaction,medium,Racing Louisville FC — Houston Dash,1:1,Both Teams to Score — Yes,1,31,1,0,0.26,0.76,0.76,0.5,0.7409346674851585,50,70.2,49.3,29.8,0.2,50,50,0,0.55,,3174.5927,-7.44,1,settled_won,early,won,25,17.56,-7.44,8,thesis_stop|thesis_stop|thesis_stop|thesis_stop|thesis_stop|thesis_stop|thesis_stop|thesis_stop,38.2,-139.27
8504c47a-d38a-4087-8f96-41a3c843d827,e5·m1,live,NWSL,Overreaction,max,Racing Louisville FC — Houston Dash,1:1,Both Teams to Score — Yes,1,31,1,0,0.26,0.76,0.76,0.5,0.7409346674851585,50,70.6,49.2,29.4,0.5,200,144,0.4,0.55,,3174.5927,-21.82,1,settled_won,early,won,72,50.18,-21.82,8,thesis_stop|thesis_stop|thesis_stop|thesis_stop|thesis_stop|thesis_stop|thesis_stop|thesis_stop,38.2,-139.27
ca128b5b-2586-44da-8565-2a6223ff9f21,e5·m1·token-fix-m1,live,WTA,Tennis Set-Value,aggressive,Victoria Brand — Kathinka von Deichmann,,K. Deichmann,0,,,,0.065,0.5,,0.472,,47.2,47.2,30.8,,0.33,37,37,,,,95930.0919,-12.86,2,settled_lost,early,lost,37,24.14,-12.86,0,,,0
d1c0325e-db52-460e-8ce1-4ee9377cea3c,e5·m1·token-fix-m1,live,WTA,Tennis Set-Value,medium,Victoria Brand — Kathinka von Deichmann,,K. Deichmann,0,,,,0.065,0.5,,0.472,,47.2,47.2,30.8,,0.2,23,23,,,,95930.0919,-7.99,2,settled_lost,early,lost,23,15.01,-7.99,0,,,0
1cdb5e90-0749-4628-86de-c6a4bb5d989a,e5·m1·token-fix-m1,live,WTA,Tennis Set-Value,max,Victoria Brand — Kathinka von Deichmann,,K. Deichmann,0,,,,0.065,0.5,,0.472,,47.2,47.2,30.8,,0.5,57,57,,,,95930.0919,-19.81,2,settled_lost,early,lost,57,37.19,-19.81,0,,,0
3a94565f-6d50-477b-a0f6-9e3b87107fa6,e5·m1,live,Sweden Allsvenskan 2026,Pre-match Value,aggressive,Hammarby IF — Degerfors IF,4:0,Both Teams to Score — Yes,1,2,0,0,0.058,0.548,0.548,0.49,,49,50.2,20.9,-49.7,0.33,37,37,0,0.62,0.548,3229.035,-2.16,1,settled_lost,early,lost,3.7,1.54,-2.16,12,capitulation|capitulation|capitulation|discretionary|discretionary|discretionary|counter_scenario|counter_scenario|counter_scenario|counter_scenario|counter_scenario|counter_scenario,32.2,-35
fc0ab60c-3df4-4b72-8231-18cd0b81801f,e5·m1,live,Sweden Allsvenskan 2026,Pre-match Value,medium,Hammarby IF — Degerfors IF,4:0,Both Teams to Score — Yes,1,2,0,0,0.058,0.548,0.548,0.49,,49,50.2,20.9,-49.7,0.2,22,22,0,0.62,0.548,3229.035,-1.28,1,settled_lost,early,lost,2.2,0.92,-1.28,12,capitulation|capitulation|capitulation|discretionary|discretionary|discretionary|counter_scenario|counter_scenario|counter_scenario|counter_scenario|counter_scenario|counter_scenario,32.2,-35
6b2613c3-8ee8-436f-b3e4-3d1b40dfead5,e5·m1,live,Sweden Allsvenskan 2026,Pre-match Value,max,Hammarby IF — Degerfors IF,4:0,Both Teams to Score — Yes,1,2,0,0,0.058,0.548,0.548,0.49,,49,50.2,20.9,-49.7,0.5,56,56,0,0.62,0.548,3229.035,-3.27,1,settled_lost,early,lost,5.6,2.33,-3.27,12,capitulation|capitulation|capitulation|discretionary|discretionary|discretionary|counter_scenario|counter_scenario|counter_scenario|counter_scenario|counter_scenario|counter_scenario,32.2,-35
9b98bfb3-c76d-4418-a740-c7dfc625d5aa,e5·m1,live,Sweden Allsvenskan 2026,Pre-match Value,aggressive,Hammarby IF — Degerfors IF,4:0,Under 2.5,0,2,0,0,0.14,0.45,0.446,0.31,,31,36.2,9.8,-36.1,0.33,66,66,1,0.6,0.45,2577.3015,-24.07,1,settled_lost,early,lost,33,8.93,-24.07,7,take_price|time_stop|time_stop|time_stop|take_price|discretionary|thesis_stop,28.5,-82.96
1848cef7-b350-4d31-b488-2754a7faad03,e5·m1,live,Sweden Allsvenskan 2026,Pre-match Value,conservative,Hammarby IF — Degerfors IF,4:0,Under 2.5,0,2,0,0,0.14,0.45,0.446,0.31,,31,36.1,49.9,-36,0.12,24,24,0.9,0.6,0.45,2577.3015,9.17,1,settled_lost,early,lost,24,33.17,9.17,7,take_price|time_stop|time_stop|time_stop|take_price|discretionary|thesis_stop,28.5,-82.96
821dd205-7dff-4160-9e14-40f1454c6b0c,e5·m1,live,Sweden Allsvenskan 2026,Pre-match Value,medium,Hammarby IF — Degerfors IF,4:0,Under 2.5,0,2,0,0,0.14,0.45,0.446,0.31,,31,36.2,57.8,-36.1,0.2,40,40,1,0.6,0.45,2577.3015,11.93,1,settled_lost,early,lost,20,31.93,11.93,7,take_price|time_stop|time_stop|time_stop|take_price|discretionary|thesis_stop,28.5,-82.96
15a33c11-12a5-441f-a26e-d7490058e2d0,e5·m1,live,Sweden Allsvenskan 2026,Pre-match Value,max,Hammarby IF — Degerfors IF,4:0,Under 2.5,0,2,0,0,0.14,0.45,0.446,0.31,,31,36.2,1,-36.1,0.5,101,101,1,0.6,0.45,2577.3015,-49.1,1,settled_lost,early,lost,50.5,1.4,-49.1,7,take_price|time_stop|time_stop|time_stop|take_price|discretionary|thesis_stop,28.5,-82.96
71f23fb4-7713-4c43-9dae-6b39a7f1db55,e5·m1·token-fix-m1,live,ATP,Tennis Set-Value,aggressive,Orlando Luz — Clement Tabur,,C. Tabur,0,,,,0.115,0.5,,0.431,,43.1,43.1,16.9,,0.33,61,61,,,,50735.462,-37.08,2,settled_lost,early,lost,61,23.92,-37.08,0,,,0
ec0b03fc-a904-4363-8493-96c9a2a00e74,e5·m1·token-fix-m1,live,ATP,Tennis Set-Value,medium,Orlando Luz — Clement Tabur,,C. Tabur,0,,,,0.115,0.5,,0.431,,43.1,43.1,16.9,,0.2,37,37,,,,50735.462,-22.49,2,settled_lost,early,lost,37,14.51,-22.49,0,,,0
fdf93ef7-4adb-4612-bb9a-938bb863110d,e5·m1·token-fix-m1,live,ATP,Tennis Set-Value,conservative,Orlando Luz — Clement Tabur,,C. Tabur,0,,,,0.115,0.5,,0.43,,43,43,16.9,,0.12,22,22,,,,50735.462,-13.35,2,settled_lost,early,lost,22,8.65,-13.35,0,,,0
2501da2f-b546-4fa4-8631-1ead33ea113f,e5·m1·token-fix-m1,live,ATP,Tennis Set-Value,max,Orlando Luz — Clement Tabur,,C. Tabur,0,,,,0.115,0.5,,0.432,,43.2,43.2,16.9,,0.5,93,93,,,,50735.462,-56.62,2,settled_lost,early,lost,93,36.38,-56.62,0,,,0
e310e521-aaa0-45ee-9cc2-4c93fddbcdae,e5·m1,prematch,ЧМ-2026,Pre-match Value,aggressive,Spain — Argentina,1:0,Will the Match Go to Extra Time? — No,0,,0,0,0.055,0.73,0.733,0.675,,67.5,68.2,26.9,-68.1,0.33,55,55,0,0.55,0.733,4511.6797,-1.26,1,settled_lost,early,lost,2.08,0.82,-1.26,18,counter_scenario|counter_scenario|counter_scenario|counter_scenario|counter_scenario|counter_scenario|counter_scenario|counter_scenario|counter_scenario|counter_scenario|counter_scenario|counter_scenario|counter_scenario|counter_scenario|counter_scenario|discretionary|discretionary|counter_scenario,49.1,-32.39
4f6161fb-9296-4bf9-8e14-6d1bc977ae2a,e5·m1,prematch,ЧМ-2026,Pre-match Value,medium,Spain — Argentina,1:0,Will the Match Go to Extra Time? — No,0,,0,0,0.055,0.73,0.733,0.675,,67.5,68.2,33.8,-68.1,0.2,33,33,0,0.55,0.733,4511.6797,-0.63,1,settled_lost,early,lost,1.25,0.62,-0.63,18,counter_scenario|counter_scenario|counter_scenario|counter_scenario|counter_scenario|counter_scenario|counter_scenario|counter_scenario|counter_scenario|counter_scenario|counter_scenario|counter_scenario|counter_scenario|counter_scenario|counter_scenario|discretionary|discretionary|counter_scenario,49.1,-32.39
1e6d6dea-fe7e-45ec-8806-d03a4c676813,e5·m1,prematch,ЧМ-2026,Pre-match Value,max,Spain — Argentina,1:0,Will the Match Go to Extra Time? — No,0,,0,0,0.055,0.73,0.733,0.675,,67.5,68.2,5,-68.1,0.5,84,84,0,0.55,0.733,4511.6797,-2.94,1,settled_lost,early,lost,3.17,0.23,-2.94,18,counter_scenario|counter_scenario|counter_scenario|counter_scenario|counter_scenario|counter_scenario|counter_scenario|counter_scenario|counter_scenario|counter_scenario|counter_scenario|counter_scenario|counter_scenario|counter_scenario|counter_scenario|discretionary|discretionary|counter_scenario,49.1,-32.39
64383239-ca34-462a-8288-2c9a6128acb3,e5·m1·token-fix-m1,live,WTA,Tennis Set-Value,aggressive,Mayar Sherif — Paula Badosa,,P. Badosa,0,,,,0.155,0.5,,0.352,,35.2,35.2,20.9,,0.33,78,78,,,,66444.0257,-31.69,2,settled_lost,early,lost,78,46.31,-31.69,0,,,0
0f630e9b-f076-4a17-8831-c207af8696d4,e5·m1·token-fix-m1,live,WTA,Tennis Set-Value,medium,Mayar Sherif — Paula Badosa,,P. Badosa,0,,,,0.155,0.5,,0.352,,35.2,35.2,20.9,,0.2,47,47,,,,66444.0257,-19.09,2,settled_lost,early,lost,47,27.91,-19.09,0,,,0
916cb5f5-1ed7-4ef0-ac0e-bffd0a91a702,e5·m1·token-fix-m1,live,WTA,Tennis Set-Value,conservative,Mayar Sherif — Paula Badosa,,P. Badosa,0,,,,0.155,0.5,,0.352,,35.2,35.2,20.9,,0.12,28,28,,,,66444.0257,-11.38,2,settled_lost,early,lost,28,16.62,-11.38,0,,,0
13c89385-5523-42ef-b39f-86e1257a2693,e5·m1·token-fix-m1,live,WTA,Tennis Set-Value,max,Mayar Sherif — Paula Badosa,,P. Badosa,0,,,,0.155,0.5,,0.352,,35.2,35.2,20.9,,0.5,118,118,,,,66444.0257,-47.94,2,settled_lost,early,lost,118,70.06,-47.94,0,,,0
fccafcb0-1adb-4429-a6a6-3412c03aaab5,e5·m1·token-fix-m1,live,ATP,Tennis Set-Value,aggressive,Tiago Torres — Nikoloz Basilashvili,,N. Basilashvili,0,,,,0.115,0.5,,0.392,,39.2,39.2,11.9,,0.33,61,61,,,,46391.1486,-42.48,2,settled_lost,early,lost,61,18.52,-42.48,0,,,0
5e0faab1-758a-4aa0-b972-f780f50e7181,e5·m1·token-fix-m1,live,ATP,Tennis Set-Value,medium,Tiago Torres — Nikoloz Basilashvili,,N. Basilashvili,0,,,,0.115,0.5,,0.392,,39.2,39.2,11.9,,0.2,37,37,,,,46391.1486,-25.77,2,settled_lost,early,lost,37,11.23,-25.77,0,,,0
986c4d5e-df5b-4b90-9fdc-9f46f0dd9b8b,e5·m1·token-fix-m1,live,ATP,Tennis Set-Value,conservative,Tiago Torres — Nikoloz Basilashvili,,N. Basilashvili,0,,,,0.115,0.5,,0.392,,39.2,39.2,11.9,,0.12,22,22,,,,46391.1486,-15.32,2,settled_lost,early,lost,22,6.68,-15.32,0,,,0
440d3663-c4e8-493a-bca1-686d63dcd5ba,e5·m1·token-fix-m1,live,ATP,Tennis Set-Value,max,Tiago Torres — Nikoloz Basilashvili,,N. Basilashvili,0,,,,0.115,0.5,,0.392,,39.2,39.2,11.9,,0.5,93,93,,,,46391.1486,-64.77,2,settled_lost,early,lost,93,28.23,-64.77,0,,,0
83735513-ae51-4565-be1e-0309bf4a13d3,e5·m1·token-fix-m1,live,WTA,Tennis Set-Value,aggressive,Alessandra Mazzola — Dalila Spiteri,,A. Mazzola,0,,,,0.145,0.5,,0.362,,36.2,36.2,20.9,,0.33,74,74,,,,5617.2573,-31.28,2,settled_lost,early,lost,74,42.72,-31.28,0,,,0
c61d045a-6214-4d83-8807-362037d387a3,e5·m1·token-fix-m1,live,WTA,Tennis Set-Value,medium,Alessandra Mazzola — Dalila Spiteri,,A. Mazzola,0,,,,0.145,0.5,,0.362,,36.2,36.2,20.9,,0.2,44,44,,,,5617.2573,-18.6,2,settled_lost,early,lost,44,25.4,-18.6,0,,,0
b079ec8b-f7f4-4f51-8f7f-b7d81502dafc,e5·m1·token-fix-m1,live,WTA,Tennis Set-Value,conservative,Alessandra Mazzola — Dalila Spiteri,,A. Mazzola,0,,,,0.145,0.5,,0.362,,36.2,36.2,20.9,,0.12,26,26,,,,5617.2573,-10.99,2,settled_lost,early,lost,26,15.01,-10.99,0,,,0
5c60f36d-bc14-4b2c-b3d9-2c0507e3908d,e5·m1·token-fix-m1,live,WTA,Tennis Set-Value,max,Alessandra Mazzola — Dalila Spiteri,,A. Mazzola,0,,,,0.145,0.5,,0.362,,36.2,36.2,20.9,,0.5,112,112,,,,5617.2573,-47.34,2,settled_lost,early,lost,112,64.66,-47.34,0,,,0
7b5f8706-1183-4148-82fb-534cd5e6329d,e5·m1·token-fix-m1,live,ATP,Tennis Set-Value,aggressive,Takuya Kumasaka — Luka Pavlovic,,L. Pavlovic,0,,,,0.165,0.5,,0.342,,34.2,34.2,34.2,,0.33,80,40,,,,3309.432,,0,settled_won,,won,40,116.96,76.96,0,,,0
6158a8e2-8d2c-4489-8592-37a626a5a9ba,e5·m1·token-fix-m1,live,ATP,Tennis Set-Value,medium,Takuya Kumasaka — Luka Pavlovic,,L. Pavlovic,0,,,,0.165,0.5,,0.342,,34.2,34.2,34.2,,0.2,49,24.5,,,,3309.432,,0,settled_won,,won,24.5,71.64,47.14,0,,,0
901d156e-928b-4c3f-9d54-ba353a0ef61c,e5·m1·token-fix-m1,live,ATP,Tennis Set-Value,conservative,Takuya Kumasaka — Luka Pavlovic,,L. Pavlovic,0,,,,0.165,0.5,,0.342,,34.2,34.2,34.2,,0.12,29,14.5,,,,3309.432,,0,settled_won,,won,14.5,42.4,27.9,0,,,0
2ce28342-e6db-4274-9601-94d2fbd83363,e5·m1·token-fix-m1,live,ATP,Tennis Set-Value,max,Takuya Kumasaka — Luka Pavlovic,,L. Pavlovic,0,,,,0.165,0.5,,0.342,,34.2,34.2,34.2,,0.5,124,62,,,,3309.432,,0,settled_won,,won,62,181.29,119.29,0,,,0
effbc315-bbfb-465b-af50-9b0a9cd525ba,,live,ATP,Tennis Set-Value,aggressive,Takuya Kumasaka — Luka Pavlovic,,L. Pavlovic,0,,,,0.158,0.5,,0.34,,33.5,34.2,53.8,,,,40,,,,,22.92,2,settled_won,partial,won,40,62.92,22.92,0,,,0
69f5bbbd-c2ae-4d23-a12b-33d503962955,,live,ATP,Tennis Set-Value,medium,Takuya Kumasaka — Luka Pavlovic,,L. Pavlovic,0,,,,0.158,0.5,,0.34,,33.5,34.2,53.8,,,,24.5,,,,,14.04,2,settled_won,partial,won,24.5,38.54,14.04,0,,,0
52d629cd-be84-43b3-add2-44d8779ab27e,,live,ATP,Tennis Set-Value,conservative,Takuya Kumasaka — Luka Pavlovic,,L. Pavlovic,0,,,,0.158,0.5,,0.34,,33.5,34.2,53.8,,,,14.5,,,,,8.31,2,settled_won,partial,won,14.5,22.81,8.31,0,,,0
e1818f6b-5bdb-42fd-a766-768ab3824ac1,,live,ATP,Tennis Set-Value,max,Takuya Kumasaka — Luka Pavlovic,,L. Pavlovic,0,,,,0.158,0.5,,0.34,,33.5,34.2,53.8,,,,62,,,,,35.53,2,settled_won,partial,won,62,97.53,35.53,0,,,0
e5194d63-4ace-409e-b7ed-80a99ba104a5,e5·m1·token-fix-m1,live,WTA,Tennis Set-Value,aggressive,Darja Semenistaja — Sinja Kraus,,S. Kraus,0,,,,0.065,0.5,,0.442,,44.2,44.2,44.2,,0.33,37,18.5,,,,7446.5456,,0,settled_won,,won,18.5,41.86,23.36,0,,,0
2226ff2a-213e-462b-87bc-c805df3c97d3,e5·m1·token-fix-m1,live,WTA,Tennis Set-Value,medium,Darja Semenistaja — Sinja Kraus,,S. Kraus,0,,,,0.065,0.5,,0.442,,44.2,44.2,44.2,,0.2,23,11.5,,,,7446.5456,,0,settled_won,,won,11.5,26.02,14.52,0,,,0
b77c6db9-7d05-4e3c-b7a7-e1f41294dfe5,e5·m1·token-fix-m1,live,WTA,Tennis Set-Value,max,Darja Semenistaja — Sinja Kraus,,S. Kraus,0,,,,0.065,0.5,,0.442,,44.2,44.2,44.2,,0.5,57,28.5,,,,7446.5456,,0,settled_won,,won,28.5,64.48,35.98,0,,,0
e8e6de77-953d-44fb-925a-ffed6e3f96c1,,live,WTA,Tennis Set-Value,aggressive,Darja Semenistaja — Sinja Kraus,,S. Kraus,0,,,,0.058,0.5,,0.44,,43.5,44.2,56.8,,,,18.5,,,,,5.27,2,settled_won,partial,won,18.5,23.77,5.27,0,,,0
421fd383-c7ba-490b-8eb4-0d51575dec8e,,live,WTA,Tennis Set-Value,medium,Darja Semenistaja — Sinja Kraus,,S. Kraus,0,,,,0.058,0.5,,0.44,,43.5,44.2,56.8,,,,11.5,,,,,3.28,2,settled_won,partial,won,11.5,14.78,3.28,0,,,0
fd3094f2-2832-4247-9b22-6e69bd664694,,live,WTA,Tennis Set-Value,max,Darja Semenistaja — Sinja Kraus,,S. Kraus,0,,,,0.058,0.5,,0.44,,43.5,44.2,56.8,,,,28.5,,,,,8.12,2,settled_won,partial,won,28.5,36.62,8.12,0,,,0
2640b702-bf26-4c69-b528-a3e88e9aaf5f,e5·m1·token-fix-m1,live,WTA,Tennis Set-Value,aggressive,Diane Parry — Mai Hontama,,D. Parry,0,,,,0.185,0.5,,0.322,,32.2,32.2,14.6,,0.33,80,80,,,,6409.8209,-43.73,2,settled_lost,early,lost,80,36.27,-43.73,0,,,0
0598fce2-0bc9-4508-9dba-8021b765983a,e5·m1·token-fix-m1,live,WTA,Tennis Set-Value,medium,Diane Parry — Mai Hontama,,D. Parry,0,,,,0.185,0.5,,0.322,,32.2,32.2,14.9,,0.2,50,50,,,,6409.8209,-26.86,2,settled_lost,early,lost,50,23.14,-26.86,0,,,0
bfdc55f0-b3f5-4ba0-93d1-84b96d9e9ef9,e5·m1·token-fix-m1,live,WTA,Tennis Set-Value,conservative,Diane Parry — Mai Hontama,,D. Parry,0,,,,0.185,0.5,,0.322,,32.2,32.2,14.9,,0.12,30,30,,,,6409.8209,-16.12,2,settled_lost,early,lost,30,13.88,-16.12,0,,,0
521bb17c-6d7b-4084-a503-2b1ebc33beb4,e5·m1·token-fix-m1,live,WTA,Tennis Set-Value,max,Diane Parry — Mai Hontama,,D. Parry,0,,,,0.185,0.5,,0.322,,32.2,32.2,14.3,,0.5,135,135,,,,6409.8209,-75.05,2,settled_lost,early,lost,135,59.95,-75.05,0,,,0
6871d68e-1062-4c78-8153-e1542621106e,e5·m1·token-fix-m1,live,ATP,Tennis Set-Value,aggressive,Juan Bautista Torres — Henry Bernet,,H. Bernet,0,,,,0.16,0.5,,0.352,,35.2,35.2,17.9,,0.33,80,40,,,,6317.3985,-19.66,2,settled_lost,early,lost,40,20.34,-19.66,0,,,0
6f2beafc-a4ac-461b-b54a-493723c8d4ca,e5·m1·token-fix-m1,live,ATP,Tennis Set-Value,medium,Juan Bautista Torres — Henry Bernet,,H. Bernet,0,,,,0.16,0.5,,0.352,,35.2,35.2,17.9,,0.2,48,24,,,,6317.3985,-11.8,2,settled_lost,early,lost,24,12.2,-11.8,0,,,0
d28c3aa8-c5a0-41f7-9cea-e6d1b61cb16f,e5·m1·token-fix-m1,live,ATP,Tennis Set-Value,conservative,Juan Bautista Torres — Henry Bernet,,H. Bernet,0,,,,0.16,0.5,,0.352,,35.2,35.2,17.9,,0.12,29,14.5,,,,6317.3985,-7.13,2,settled_lost,early,lost,14.5,7.37,-7.13,0,,,0
c3098679-8dcb-4772-ba14-05e2b00df07b,e5·m1·token-fix-m1,live,ATP,Tennis Set-Value,max,Juan Bautista Torres — Henry Bernet,,H. Bernet,0,,,,0.16,0.5,,0.352,,35.2,35.2,17.9,,0.5,121,60.5,,,,6317.3985,-29.73,2,settled_lost,early,lost,60.5,30.77,-29.73,0,,,0
76e8feb3-54f0-43e1-9340-6a96c118dd15,,live,ATP,Tennis Set-Value,aggressive,Juan Bautista Torres — Henry Bernet,,H. Bernet,0,,,,0.148,0.5,,0.35,,34,35.2,54.8,,,,40,,,,,22.27,2,settled_won,partial,won,40,62.27,22.27,0,,,0
857a806b-8313-42fc-b68d-0a10ca268391,,live,ATP,Tennis Set-Value,medium,Juan Bautista Torres — Henry Bernet,,H. Bernet,0,,,,0.148,0.5,,0.35,,34,35.2,54.8,,,,24,,,,,13.36,2,settled_won,partial,won,24,37.36,13.36,0,,,0
79e6c932-88fb-44e0-bc79-2b87f25ffc56,,live,ATP,Tennis Set-Value,conservative,Juan Bautista Torres — Henry Bernet,,H. Bernet,0,,,,0.148,0.5,,0.35,,34,35.2,54.8,,,,14.5,,,,,8.07,2,settled_won,partial,won,14.5,22.57,8.07,0,,,0
50c36bb4-e3a0-4c12-aaa6-b9ce5c3bd627,,live,ATP,Tennis Set-Value,max,Juan Bautista Torres — Henry Bernet,,H. Bernet,0,,,,0.148,0.5,,0.35,,34,35.2,54.8,,,,60.5,,,,,33.69,2,settled_won,partial,won,60.5,94.19,33.69,0,,,0
37d7825a-dec8-4680-aea5-6cc3aeea3f21,e5·m1·token-fix-m1,live,ATP,Tennis Set-Value,aggressive,Philip Henning — Thiago Monteiro,,T. Monteiro,0,,,,0.075,0.5,,0.432,,43.2,43.2,17,,0.33,43,21.5,,,,5658.135,-13.04,2,settled_lost,early,lost,21.5,8.46,-13.04,0,,,0
158f0664-3a7d-428e-82ed-18ada1e19cb5,e5·m1·token-fix-m1,live,ATP,Tennis Set-Value,medium,Philip Henning — Thiago Monteiro,,T. Monteiro,0,,,,0.075,0.5,,0.432,,43.2,43.2,17.6,,0.2,26,13,,,,5658.135,-7.7,2,settled_lost,early,lost,13,5.3,-7.7,0,,,0
9d068802-0d6b-4d6b-9a16-27a598a90f9c,e5·m1·token-fix-m1,live,ATP,Tennis Set-Value,conservative,Philip Henning — Thiago Monteiro,,T. Monteiro,0,,,,0.075,0.5,,0.432,,43.2,43.2,18.1,,0.12,15,7.5,,,,5658.135,-4.36,2,settled_lost,early,lost,7.5,3.14,-4.36,0,,,0
ee37bbf3-6282-40f6-9379-4dcdfd6e5f3c,e5·m1·token-fix-m1,live,ATP,Tennis Set-Value,max,Philip Henning — Thiago Monteiro,,T. Monteiro,0,,,,0.075,0.5,,0.432,,43.2,43.2,15.6,,0.5,65,32.5,,,,5658.135,-20.76,2,settled_lost,early,lost,32.5,11.74,-20.76,0,,,0
3b4cf2b5-7c4b-454b-a9dc-2ff54a520cd9,,live,ATP,Tennis Set-Value,aggressive,Philip Henning — Thiago Monteiro,,T. Monteiro,0,,,,0.068,0.5,,0.43,,42.5,43.2,57.8,,,,21.5,,,,,7.27,2,settled_won,partial,won,21.5,28.77,7.27,0,,,0
f09c6e4b-ad80-43be-be8e-b9f65d6a53af,,live,ATP,Tennis Set-Value,medium,Philip Henning — Thiago Monteiro,,T. Monteiro,0,,,,0.068,0.5,,0.43,,42.5,43.2,57.8,,,,13,,,,,4.39,2,settled_won,partial,won,13,17.39,4.39,0,,,0
45f25e82-3953-4ac7-9d1b-9e69d15ff6d3,,live,ATP,Tennis Set-Value,conservative,Philip Henning — Thiago Monteiro,,T. Monteiro,0,,,,0.068,0.5,,0.43,,42.5,43.2,57.8,,,,7.5,,,,,2.53,2,settled_won,partial,won,7.5,10.03,2.53,0,,,0
ed31bc27-7e50-4f69-88c4-1c67670cdf86,,live,ATP,Tennis Set-Value,max,Philip Henning — Thiago Monteiro,,T. Monteiro,0,,,,0.068,0.5,,0.43,,42.5,43.2,57.8,,,,32.5,,,,,10.98,2,settled_won,partial,won,32.5,43.48,10.98,0,,,0
19dd9629-7201-4b22-84f4-1b0c7a542738,e5·m1·token-fix-m1,live,WTA,Tennis Set-Value,aggressive,Tamara Korpatsch — Victoria Jimenez Kasintseva,,T. Korpatsch,0,,,,0.085,0.5,,0.422,,42.2,42.2,25.9,,0.33,47,47,,,,8549.069,-18.15,2,settled_lost,early,lost,47,28.85,-18.15,0,,,0
43764197-e7b3-4c24-a32f-4ed83aa93b9a,e5·m1·token-fix-m1,live,WTA,Tennis Set-Value,medium,Tamara Korpatsch — Victoria Jimenez Kasintseva,,T. Korpatsch,0,,,,0.085,0.5,,0.422,,42.2,42.2,25.9,,0.2,29,29,,,,8549.069,-11.2,2,settled_lost,early,lost,29,17.8,-11.2,0,,,0
ab3d5cdc-39d5-41a5-8af4-50ccb5888c4b,e5·m1·token-fix-m1,live,WTA,Tennis Set-Value,conservative,Tamara Korpatsch — Victoria Jimenez Kasintseva,,T. Korpatsch,0,,,,0.085,0.5,,0.422,,42.2,42.2,25.9,,0.12,17,17,,,,8549.069,-6.57,2,settled_lost,early,lost,17,10.43,-6.57,0,,,0
a77ec159-0227-47a3-9fe6-66bcf7e99d08,e5·m1·token-fix-m1,live,WTA,Tennis Set-Value,max,Tamara Korpatsch — Victoria Jimenez Kasintseva,,T. Korpatsch,0,,,,0.085,0.5,,0.422,,42.2,42.2,25.9,,0.5,72,72,,,,8549.069,-27.81,2,settled_lost,early,lost,72,44.19,-27.81,0,,,0
19052011-12f7-49d0-a523-391320d57d52,e5·m1·token-fix-m1,live,ATP,Tennis Set-Value,aggressive,Igor Ribeiro Marcondes — Linus Lagerbohm,,I. Marcondes,0,,,,0.09,0.5,,0.462,,46.2,46.2,61.8,,0.33,50,25,,,,4881.2508,8.44,2,settled_won,early,won,25,33.44,8.44,0,,,0
5778d6a3-d50b-477d-bf21-946b3e5bcb3c,e5·m1·token-fix-m1,live,ATP,Tennis Set-Value,medium,Igor Ribeiro Marcondes — Linus Lagerbohm,,I. Marcondes,0,,,,0.09,0.5,,0.462,,46.2,46.2,61.8,,0.2,30,15,,,,4881.2508,5.06,2,settled_won,early,won,15,20.06,5.06,0,,,0
543ac47c-e56c-41a5-bd45-f55d56f23a70,e5·m1·token-fix-m1,live,ATP,Tennis Set-Value,conservative,Igor Ribeiro Marcondes — Linus Lagerbohm,,I. Marcondes,0,,,,0.09,0.5,,0.462,,46.2,46.2,61.8,,0.12,18,9,,,,4881.2508,3.04,2,settled_won,early,won,9,12.04,3.04,0,,,0
257bead8-7d10-4cc2-b1c6-cde3a6937cf3,e5·m1·token-fix-m1,live,ATP,Tennis Set-Value,max,Igor Ribeiro Marcondes — Linus Lagerbohm,,I. Marcondes,0,,,,0.09,0.5,,0.462,,46.2,46.2,61.8,,0.5,76,38,,,,4881.2508,12.83,2,settled_won,early,won,38,50.83,12.83,0,,,0
96d383a3-1683-42da-88cd-235783ef6c6a,,live,ATP,Tennis Set-Value,aggressive,Igor Ribeiro Marcondes — Linus Lagerbohm,,I. Marcondes,0,,,,0.038,0.5,,0.46,,41,46.2,55.8,,,,25,,,,,5.19,2,settled_won,partial,won,25,30.19,5.19,0,,,0
3a66a604-c039-4d47-ad82-db9efd58f60e,,live,ATP,Tennis Set-Value,medium,Igor Ribeiro Marcondes — Linus Lagerbohm,,I. Marcondes,0,,,,0.038,0.5,,0.46,,41,46.2,55.8,,,,15,,,,,3.12,2,settled_won,partial,won,15,18.12,3.12,0,,,0
8fee3ae1-356b-41a7-b3ed-992bf3b3f176,,live,ATP,Tennis Set-Value,conservative,Igor Ribeiro Marcondes — Linus Lagerbohm,,I. Marcondes,0,,,,0.038,0.5,,0.46,,41,46.2,55.8,,,,9,,,,,1.87,2,settled_won,partial,won,9,10.87,1.87,0,,,0
d1e18b1f-b7ed-42b1-bb67-82cdae3f1036,,live,ATP,Tennis Set-Value,max,Igor Ribeiro Marcondes — Linus Lagerbohm,,I. Marcondes,0,,,,0.038,0.5,,0.46,,41,46.2,55.8,,,,38,,,,,7.9,2,settled_won,partial,won,38,45.9,7.9,0,,,0
d7122c06-3e67-45e7-931f-458fd0fb3ec9,e5·m1,live,UEFA Champions League 2025,Overreaction,aggressive,GNK Dinamo Zagreb — FC Thun,3:2,GNK Dinamo Zagreb — Yes,0,22,0,1,0.22,0.5,0.73,0.28,,28.5,28.2,12.9,,0.33,80,80,0,0.5,,5848.7645,-43.4,0,settled_won,match_score,won,80,283.69,203.69,3,settle|thesis_stop|thesis_stop,13.2,-150.13
b1590c1a-515a-416d-912b-8de7f9de849c,e5·m1,live,UEFA Champions League 2025,Overreaction,medium,GNK Dinamo Zagreb — FC Thun,3:2,GNK Dinamo Zagreb — Yes,0,22,0,1,0.22,0.5,0.73,0.28,,28.5,28.2,13.9,,0.2,50,50,0,0.5,,5848.7645,-25.35,0,settled_won,match_score,won,50,177.3,127.3,3,settle|thesis_stop|thesis_stop,13.2,-150.13
e5260fd5-8079-4759-9064-1286d605eb4c,e5·m1,live,UEFA Champions League 2025,Overreaction,max,GNK Dinamo Zagreb — FC Thun,3:2,GNK Dinamo Zagreb — Yes,0,22,0,1,0.22,0.5,0.73,0.28,,28.5,28.2,12.9,,0.5,150,150,0,0.5,,5848.7645,-81.38,0,settled_won,match_score,won,150,531.91,381.91,3,settle|thesis_stop|thesis_stop,13.2,-150.13
dfa5f01e-8ad6-47a8-8129-de67a772ebb3,e5·m1·token-fix-m1,live,ATP,Tennis Set-Value,aggressive,Colton Smith — J.J. Wolf,,C. Smith,0,,,,0.2,0.5,,0.331,,33.1,33.1,12.9,,0.33,80,80,,,,3415.5945,-48.82,2,settled_lost,early,lost,80,31.18,-48.82,0,,,0
e7632eaf-b93b-40c0-bb59-44a068d01180,e5·m1·token-fix-m1,live,ATP,Tennis Set-Value,medium,Colton Smith — J.J. Wolf,,C. Smith,0,,,,0.2,0.5,,0.33,,33,33,12.9,,0.2,50,50,,,,3415.5945,-30.45,2,settled_lost,early,lost,50,19.55,-30.45,0,,,0
24bccd7d-2912-4458-8958-726f12894615,e5·m1·token-fix-m1,live,ATP,Tennis Set-Value,conservative,Colton Smith — J.J. Wolf,,C. Smith,0,,,,0.2,0.5,,0.329,,32.9,32.9,12.9,,0.12,30,30,,,,3415.5945,-18.24,2,settled_lost,early,lost,30,11.76,-18.24,0,,,0
0c6c3def-5806-4221-b966-5f4c38eb5748,e5·m1·token-fix-m1,live,ATP,Tennis Set-Value,max,Colton Smith — J.J. Wolf,,C. Smith,0,,,,0.2,0.5,,0.331,,33.1,33.1,12.9,,0.5,142,142,,,,3415.5945,-86.66,2,settled_lost,early,lost,142,55.34,-86.66,0,,,0
21d50079-9553-41fc-80fa-81e525b32a53,e5·m1,prematch,Brazil Serie B,Pre-match Value,aggressive,Avaí FC — América FC,2:1,América FC Over 0.5,1,,0,0,0.07,0.68,0.683,0.61,,61,64.1,99.3,35.9,0.33,59,59,0.9,0.5,0.684,,32.4,1,settled_won,early,won,59,91.4,32.4,3,take_price|take_price|take_price,99.3,100.43
69a36101-71bd-4464-bdde-cd55d9f1780f,e5·m1,prematch,Brazil Serie B,Pre-match Value,medium,Avaí FC — América FC,2:1,América FC Over 0.5,1,,0,0,0.07,0.68,0.683,0.61,,61,64,99.3,36,0.2,35,35,0.8,0.5,0.684,,19.3,1,settled_won,early,won,35,54.3,19.3,3,take_price|take_price|take_price,99.3,100.43
3b6ea2d2-b149-4763-9b60-5d86487ff70c,e5·m1,prematch,Brazil Serie B,Pre-match Value,max,Avaí FC — América FC,2:1,América FC Over 0.5,1,,0,0,0.07,0.68,0.683,0.61,,61,64.1,99.2,35.9,0.5,89,89,0.9,0.5,0.684,,48.73,1,settled_won,early,won,89,137.73,48.73,3,take_price|take_price|take_price,99.3,100.43
be35a401-6e3f-4b8a-afc4-64090c138ad6,e5·m1·token-fix-m1,live,ATP,Tennis Set-Value,aggressive,James McCabe — Duncan Chan,,J. McCabe,0,,,,0.095,0.5,,0.452,,45.2,45.2,28.9,,0.33,52,26,,,,35793.276,-9.38,2,settled_lost,early,lost,26,16.62,-9.38,0,,,0
00180ce8-3571-4b24-8710-8fcc95a91eeb,e5·m1·token-fix-m1,live,ATP,Tennis Set-Value,medium,James McCabe — Duncan Chan,,J. McCabe,0,,,,0.095,0.5,,0.452,,45.2,45.2,28.9,,0.2,31,15.5,,,,35793.276,-5.59,2,settled_lost,early,lost,15.5,9.91,-5.59,0,,,0
02348f36-047e-4dea-91a2-80a49af59cd6,e5·m1·token-fix-m1,live,ATP,Tennis Set-Value,conservative,James McCabe — Duncan Chan,,J. McCabe,0,,,,0.095,0.5,,0.452,,45.2,45.2,28.9,,0.12,19,9.5,,,,35793.276,-3.43,2,settled_lost,early,lost,9.5,6.07,-3.43,0,,,0
6d0a957f-80e5-42b8-a56c-b19b28061070,e5·m1·token-fix-m1,live,ATP,Tennis Set-Value,max,James McCabe — Duncan Chan,,J. McCabe,0,,,,0.095,0.5,,0.452,,45.2,45.2,28.9,,0.5,79,39.5,,,,35793.276,-14.24,2,settled_lost,early,lost,39.5,25.26,-14.24,0,,,0
cedfb41e-d230-48d5-8563-0528afd510f6,,live,ATP,Tennis Set-Value,aggressive,James McCabe — Duncan Chan,,J. McCabe,0,,,,0.048,0.5,,0.45,,40.5,45.2,53.8,,,,26,,,,,4.95,2,settled_won,partial,won,26,30.95,4.95,0,,,0
1175d40f-74d9-4417-87c5-0389b014f300,,live,ATP,Tennis Set-Value,medium,James McCabe — Duncan Chan,,J. McCabe,0,,,,0.048,0.5,,0.45,,40.5,45.2,53.8,,,,15.5,,,,,2.95,2,settled_won,partial,won,15.5,18.45,2.95,0,,,0
e61ceed7-e45c-4199-b903-450c7a0ff57e,,live,ATP,Tennis Set-Value,conservative,James McCabe — Duncan Chan,,J. McCabe,0,,,,0.048,0.5,,0.45,,40.5,45.2,53.8,,,,9.5,,,,,1.81,2,settled_won,partial,won,9.5,11.31,1.81,0,,,0
f4a5a2b0-2042-4380-96b4-4a5f43a0586e,,live,ATP,Tennis Set-Value,max,James McCabe — Duncan Chan,,J. McCabe,0,,,,0.048,0.5,,0.45,,40.5,45.2,53.8,,,,39.5,,,,,7.52,2,settled_won,partial,won,39.5,47.02,7.52,0,,,0
820822bb-6e3b-45fa-a94c-4f9ea40f26ef,e5·m1,prematch,Brazil Serie B,Pre-match Value,aggressive,Vila Nova FC — Fortaleza EC,2:1,Fortaleza EC Over 0.5,1,,0,0,0.075,0.74,0.741,0.665,,66.5,68.2,99.1,31.8,0.33,73,73,0,0.5,0.741,,8.27,1,settled_won,early,won,18.25,26.52,8.27,9,time_stop|time_stop|time_stop|time_stop|time_stop|time_stop|take_price|take_price|take_price,53.8,-70.71
44f40e41-ea19-4297-99e0-d48171e67fd6,e5·m1,prematch,Brazil Serie B,Pre-match Value,medium,Vila Nova FC — Fortaleza EC,2:1,Fortaleza EC Over 0.5,1,,0,0,0.075,0.74,0.741,0.665,,66.5,68.2,99.1,31.8,0.2,44,44,0,0.5,0.741,,4.98,1,settled_won,early,won,11,15.98,4.98,9,time_stop|time_stop|time_stop|time_stop|time_stop|time_stop|take_price|take_price|take_price,53.8,-70.71
007d26ba-2ee5-476e-9f95-d3202babf31a,e5·m1,prematch,Brazil Serie B,Pre-match Value,max,Vila Nova FC — Fortaleza EC,2:1,Fortaleza EC Over 0.5,1,,0,0,0.075,0.74,0.741,0.665,,66.5,68.2,99.1,31.8,0.5,111,111,0,0.5,0.741,,12.57,1,settled_won,early,won,27.75,40.32,12.57,9,time_stop|time_stop|time_stop|time_stop|time_stop|time_stop|take_price|take_price|take_price,53.8,-70.71
f905905d-a92b-4ca3-8b77-6023a3a3a146,e5·m1·token-fix-m1,live,ATP,Tennis Set-Value,aggressive,August Holmgren — Garrett Johns,,A. Holmgren,0,,,,0.075,0.5,,0.482,,48.2,48.2,48.2,,0.33,43,21.5,,,,37280.2668,,0,settled_won,,won,21.5,44.61,23.11,0,,,0
6216ebf7-6ed5-491a-be64-7ceee9809867,e5·m1·token-fix-m1,live,ATP,Tennis Set-Value,medium,August Holmgren — Garrett Johns,,A. Holmgren,0,,,,0.075,0.5,,0.482,,48.2,48.2,48.2,,0.2,26,13,,,,37280.2668,,0,settled_won,,won,13,26.97,13.97,0,,,0
dab3290d-ecd5-40d9-9445-64148131a6f4,e5·m1·token-fix-m1,live,ATP,Tennis Set-Value,conservative,August Holmgren — Garrett Johns,,A. Holmgren,0,,,,0.075,0.5,,0.482,,48.2,48.2,48.2,,0.12,15,7.5,,,,37280.2668,,0,settled_won,,won,7.5,15.56,8.06,0,,,0
bf6235f1-3639-48c0-b714-99e9f9aa563d,e5·m1·token-fix-m1,live,ATP,Tennis Set-Value,max,August Holmgren — Garrett Johns,,A. Holmgren,0,,,,0.075,0.5,,0.482,,48.2,48.2,48.2,,0.5,65,32.5,,,,37280.2668,,0,settled_won,,won,32.5,67.43,34.93,0,,,0
eb76497d-45bd-4cee-b303-7a2cc25ec0bd,,live,ATP,Tennis Set-Value,aggressive,August Holmgren — Garrett Johns,,A. Holmgren,0,,,,0.018,0.5,,0.48,,42.5,48.2,54.8,,,,21.5,,,,,2.94,2,settled_won,partial,won,21.5,24.44,2.94,0,,,0
4c2d2585-e170-4efa-b4bc-6f67129323d7,,live,ATP,Tennis Set-Value,medium,August Holmgren — Garrett Johns,,A. Holmgren,0,,,,0.018,0.5,,0.48,,42.5,48.2,54.8,,,,13,,,,,1.78,2,settled_won,partial,won,13,14.78,1.78,0,,,0
377b27c5-3660-4335-bde5-9ac285e372ee,,live,ATP,Tennis Set-Value,conservative,August Holmgren — Garrett Johns,,A. Holmgren,0,,,,0.018,0.5,,0.48,,42.5,48.2,54.8,,,,7.5,,,,,1.03,2,settled_won,partial,won,7.5,8.53,1.03,0,,,0
9f0b590b-fab5-462f-b3b3-258f59ef8e4a,,live,ATP,Tennis Set-Value,max,August Holmgren — Garrett Johns,,A. Holmgren,0,,,,0.018,0.5,,0.48,,42.5,48.2,54.5,,,,32.5,,,,,4.25,2,settled_won,partial,won,32.5,36.75,4.25,0,,,0
035c45ff-bd89-40ff-a8a0-2d6f5df93b6f,e5·m1,live,Liga MX 2025,Pre-match Value,aggressive,CF Cruz Azul — Club Puebla,2:1,Under 3.5,0,0,0,0,0.075,0.68,0.692,0.605,,60.5,63.2,63.2,36.3,0.33,62,62,0,0.62,0.647,1766.5736,,0,settled_won,,won,2.98,4.72,1.74,17,thesis_stop|thesis_stop|thesis_stop|counter_scenario|counter_scenario|counter_scenario|counter_scenario|counter_scenario|counter_scenario|counter_scenario|counter_scenario|take_price|take_price|take_price|take_price|take_price|take_price,67.5,-1.94
96eb0a94-5163-42e3-9809-d2d54dc664f9,e5·m1,live,Liga MX 2025,Pre-match Value,medium,CF Cruz Azul — Club Puebla,2:1,Under 3.5,0,0,0,0,0.075,0.68,0.692,0.605,,60.5,63.2,95,36.3,0.2,37,37,0,0.62,0.647,1766.5736,0.9,1,settled_won,early,won,1.78,2.68,0.9,17,thesis_stop|thesis_stop|thesis_stop|counter_scenario|counter_scenario|counter_scenario|counter_scenario|counter_scenario|counter_scenario|counter_scenario|counter_scenario|take_price|take_price|take_price|take_price|take_price|take_price,67.5,-1.94
17d56349-b277-4f1d-b300-bf31898669fe,e5·m1,live,Liga MX 2025,Pre-match Value,max,CF Cruz Azul — Club Puebla,2:1,Under 3.5,0,0,0,0,0.075,0.68,0.692,0.605,,60.5,63.2,63.2,36.3,0.5,94,94,0,0.62,0.647,1766.5736,,0,settled_won,,won,4.51,7.14,2.63,17,thesis_stop|thesis_stop|thesis_stop|counter_scenario|counter_scenario|counter_scenario|counter_scenario|counter_scenario|counter_scenario|counter_scenario|counter_scenario|take_price|take_price|take_price|take_price|take_price|take_price,67.5,-1.94
6fe716eb-02fe-4cbc-bf5d-39b87b435141,e5·m1,live,Liga MX 2025,Pre-match Value,conservative,CF Cruz Azul — Club Puebla,2:1,Under 3.5,0,27,0,0,0.11,0.93,0.69,0.82,,82,66.6,91.9,32.9,0.12,30,7,1.4,0.62,,1766.5736,0.21,1,settled_won,early,won,0.56,0.77,0.21,17,thesis_stop|thesis_stop|thesis_stop|counter_scenario|counter_scenario|counter_scenario|counter_scenario|counter_scenario|counter_scenario|counter_scenario|counter_scenario|take_price|take_price|take_price|take_price|take_price|take_price,67.5,-1.94
de5264ef-2fcc-484f-922b-0acfd6a067c3,e5·m1·token-fix-m1,live,ATP,Tennis Set-Value,aggressive,Quentin Halys — Valentin Vacherot,,V. Vacherot,0,,,,0.155,0.5,,0.352,,35.2,35.2,9.9,,0.33,78,78,,,,47945.497,-56.06,2,settled_lost,early,lost,78,21.94,-56.06,0,,,0
d0abee61-877c-4b82-8896-2d0a977b0b37,e5·m1·token-fix-m1,live,ATP,Tennis Set-Value,medium,Quentin Halys — Valentin Vacherot,,V. Vacherot,0,,,,0.155,0.5,,0.352,,35.2,35.2,9.9,,0.2,47,47,,,,47945.497,-33.78,2,settled_lost,early,lost,47,13.22,-33.78,0,,,0
f26e8c1f-8999-4df5-b9e6-c9da07fb979b,e5·m1·token-fix-m1,live,ATP,Tennis Set-Value,conservative,Quentin Halys — Valentin Vacherot,,V. Vacherot,0,,,,0.155,0.5,,0.352,,35.2,35.2,9.9,,0.12,28,28,,,,47945.497,-20.12,2,settled_lost,early,lost,28,7.88,-20.12,0,,,0
f6ec039b-e222-4503-b235-1f7ba944ce32,e5·m1·token-fix-m1,live,ATP,Tennis Set-Value,max,Quentin Halys — Valentin Vacherot,,V. Vacherot,0,,,,0.155,0.5,,0.352,,35.2,35.2,9.9,,0.5,118,118,,,,47945.497,-84.81,2,settled_lost,early,lost,118,33.19,-84.81,0,,,0
23b4e265-3612-4019-b5e8-e5a1999ce6a0,e5·m1·token-fix-m1,live,WTA,Tennis Set-Value,aggressive,Simona Waltert — Mayar Sherif,,M. Sherif,0,,,,0.185,0.5,,0.341,,34.1,34.1,19.9,,0.33,80,80,,,,19519.6716,-33.31,2,settled_lost,early,lost,80,46.69,-33.31,0,,,0
cabc6b8b-54af-4df2-a889-69170e94eb99,e5·m1·token-fix-m1,live,WTA,Tennis Set-Value,medium,Simona Waltert — Mayar Sherif,,M. Sherif,0,,,,0.185,0.5,,0.34,,34,34,19.9,,0.2,50,50,,,,19519.6716,-20.74,2,settled_lost,early,lost,50,29.26,-20.74,0,,,0
22b0b0b1-8c03-4238-a135-03a8d9122a62,e5·m1·token-fix-m1,live,WTA,Tennis Set-Value,conservative,Simona Waltert — Mayar Sherif,,M. Sherif,0,,,,0.185,0.5,,0.338,,33.8,33.8,19.9,,0.12,30,30,,,,19519.6716,-12.34,2,settled_lost,early,lost,30,17.66,-12.34,0,,,0
a98c9703-47eb-4f73-b137-280e46f040a0,e5·m1·token-fix-m1,live,WTA,Tennis Set-Value,max,Simona Waltert — Mayar Sherif,,M. Sherif,0,,,,0.185,0.5,,0.341,,34.1,34.1,19.9,,0.5,135,135,,,,19519.6716,-56.22,2,settled_lost,early,lost,135,78.78,-56.22,0,,,0
2cd2ce88-c205-4976-8e19-18551069b36e,e5·m1,live,Women's Champions League,Pre-match Value,aggressive,PAOK WF — MA Hapoel Jerusalem,3:1,Draw (PAOK WF vs. MA Hapoel Jerusalem) — No,0,23,0,0,0.06,0.86,0.77,0.8,,80,82.1,31.9,17.9,0.33,80,80,0,0.42,,229.3465,,0,settled_won,match_score,won,32,38.98,6.98,4,counter_scenario|counter_scenario|settle|take_price,55,-70.47
1b06062c-dd3f-4c8c-ad1a-d907e5bf21b0,e5·m1,live,Women's Champions League,Pre-match Value,max,PAOK WF — MA Hapoel Jerusalem,3:1,Draw (PAOK WF vs. MA Hapoel Jerusalem) — No,0,23,0,0,0.06,0.86,0.77,0.8,,80,82.1,99.9,17.9,0.5,149,149,0,0.42,,229.3465,12.92,1,settled_won,early,won,59.6,72.52,12.92,4,counter_scenario|counter_scenario|discretionary|take_price,55,-70.47
bfbceab2-ffcb-4793-87de-fb7d2c9186c9,e5·m1·token-fix-m1,live,WTA,Tennis Set-Value,aggressive,Jennifer Ruggeri — Lola Radivojevic,,L. Radivojevic,0,,,,0.145,0.5,,0.362,,36.2,36.2,17.9,,0.33,74,37,,,,7616.0827,-18.7,2,settled_lost,early,lost,37,18.3,-18.7,0,,,0
832a69fe-6175-44c3-a402-5df73f3eac03,e5·m1·token-fix-m1,live,WTA,Tennis Set-Value,medium,Jennifer Ruggeri — Lola Radivojevic,,L. Radivojevic,0,,,,0.145,0.5,,0.362,,36.2,36.2,17.9,,0.2,44,22,,,,7616.0827,-11.12,2,settled_lost,early,lost,22,10.88,-11.12,0,,,0
a16d8a87-9b5c-489f-9c97-57e5971b4fda,e5·m1·token-fix-m1,live,WTA,Tennis Set-Value,conservative,Jennifer Ruggeri — Lola Radivojevic,,L. Radivojevic,0,,,,0.145,0.5,,0.362,,36.2,36.2,17.9,,0.12,26,13,,,,7616.0827,-6.57,2,settled_lost,early,lost,13,6.43,-6.57,0,,,0
f1fcee95-c100-4d16-ae42-8968f2861570,e5·m1·token-fix-m1,live,WTA,Tennis Set-Value,max,Jennifer Ruggeri — Lola Radivojevic,,L. Radivojevic,0,,,,0.145,0.5,,0.362,,36.2,36.2,17.9,,0.5,112,56,,,,7616.0827,-28.31,2,settled_lost,early,lost,56,27.69,-28.31,0,,,0
cd7d1839-1a3c-4665-93f1-f0c7bf8ae7d0,,live,WTA,Tennis Set-Value,aggressive,Jennifer Ruggeri — Lola Radivojevic,,L. Radivojevic,0,,,,0.138,0.5,,0.36,,35.5,36.2,62.8,,,,37,,,,,27.19,2,settled_won,partial,won,37,64.19,27.19,0,,,0
ab858ed2-50b6-4405-b721-acca7f474c6d,,live,WTA,Tennis Set-Value,medium,Jennifer Ruggeri — Lola Radivojevic,,L. Radivojevic,0,,,,0.138,0.5,,0.36,,35.5,36.2,62.8,,,,22,,,,,16.17,2,settled_won,partial,won,22,38.17,16.17,0,,,0
8a2801bf-5e2c-49b3-96d0-ca8920bf3edb,,live,WTA,Tennis Set-Value,conservative,Jennifer Ruggeri — Lola Radivojevic,,L. Radivojevic,0,,,,0.138,0.5,,0.36,,35.5,36.2,62.8,,,,13,,,,,9.55,2,settled_won,partial,won,13,22.55,9.55,0,,,0
f90d54d8-137a-4a67-8e7f-f81820d04102,,live,WTA,Tennis Set-Value,max,Jennifer Ruggeri — Lola Radivojevic,,L. Radivojevic,0,,,,0.138,0.5,,0.36,,35.5,36.2,62.8,,,,56,,,,,41.15,2,settled_won,partial,won,56,97.15,41.15,0,,,0
cf36bc95-a34d-49a7-8719-74287b87d951,e5·m1·token-fix-m1,live,ATP,Tennis Set-Value,aggressive,Alejandro Tabilo — Tiago Torres,,A. Tabilo,0,,,,0.105,0.5,,0.402,,40.2,40.2,19.9,,0.33,57,28.5,,,,2706.0297,-14.39,2,settled_lost,early,lost,28.5,14.11,-14.39,0,,,0
db446c68-b12c-489a-adef-18216210ca7c,e5·m1·token-fix-m1,live,ATP,Tennis Set-Value,medium,Alejandro Tabilo — Tiago Torres,,A. Tabilo,0,,,,0.105,0.5,,0.402,,40.2,40.2,19.9,,0.2,34,17,,,,2706.0297,-8.58,2,settled_lost,early,lost,17,8.42,-8.58,0,,,0
05f8ee02-b3b5-4323-93f0-c86aa5c60e57,e5·m1·token-fix-m1,live,ATP,Tennis Set-Value,conservative,Alejandro Tabilo — Tiago Torres,,A. Tabilo,0,,,,0.105,0.5,,0.402,,40.2,40.2,19.9,,0.12,20,10,,,,2706.0297,-5.05,2,settled_lost,early,lost,10,4.95,-5.05,0,,,0
e3c6d0a0-4ca0-43fd-970f-6c5bd17a202b,e5·m1·token-fix-m1,live,ATP,Tennis Set-Value,max,Alejandro Tabilo — Tiago Torres,,A. Tabilo,0,,,,0.105,0.5,,0.402,,40.2,40.2,19.9,,0.5,86,43,,,,2706.0297,-21.71,2,settled_lost,early,lost,43,21.29,-21.71,0,,,0
9e87fba4-8f46-4cc2-b285-4bc780f95819,,live,ATP,Tennis Set-Value,aggressive,Alejandro Tabilo — Tiago Torres,,A. Tabilo,0,,,,0.098,0.5,,0.4,,39.5,40.2,57.9,,,,28.5,,,,,12.55,2,settled_won,partial,won,28.5,41.05,12.55,0,,,0
2ba3cdb4-ab1c-45af-ae4e-3f5364c35e2a,,live,ATP,Tennis Set-Value,medium,Alejandro Tabilo — Tiago Torres,,A. Tabilo,0,,,,0.098,0.5,,0.4,,39.5,40.2,58,,,,17,,,,,7.53,2,settled_won,partial,won,17,24.53,7.53,0,,,0
562f9ce7-1754-452a-87f9-2b532dd5cce6,,live,ATP,Tennis Set-Value,conservative,Alejandro Tabilo — Tiago Torres,,A. Tabilo,0,,,,0.098,0.5,,0.4,,39.5,40.2,58.2,,,,10,,,,,4.48,2,settled_won,partial,won,10,14.48,4.48,0,,,0
ccdfe540-eddf-4f2f-aaa0-396679103b11,,live,ATP,Tennis Set-Value,max,Alejandro Tabilo — Tiago Torres,,A. Tabilo,0,,,,0.098,0.5,,0.4,,39.5,40.2,57.9,,,,43,,,,,18.93,2,settled_won,partial,won,43,61.93,18.93,0,,,0
fa7268bc-92d4-4560-805b-257a2590cf4b,e5·m1,live,Europa Conference League,Overreaction,aggressive,Bohemian FC — FC Ballkani,2:3,Bohemian FC — Yes,0,30,0,1,0.29,0.4,0.4,0.11,,11,4,0.2,,0.33,80,14,0,0.42,,2474.1026,-13.3,1,settled_lost,early,lost,14,0.7,-13.3,2,discretionary|thesis_stop,0.6,-23.8
2cd8337f-e14b-49b9-83dd-6f98cbaef9b7,e5·m1,live,Europa Conference League,Overreaction,max,Bohemian FC — FC Ballkani,2:3,Bohemian FC — Yes,0,30,0,1,0.29,0.4,0.4,0.11,,11,4,1,,0.5,163,14,0,0.42,,2474.1026,-10.5,1,settled_lost,early,lost,14,3.5,-10.5,2,discretionary|thesis_stop,0.6,-23.8
4738ef66-1ae7-460b-badd-82685ef4fc4f,e5·m1·token-fix-m1,live,WTA,Tennis Set-Value,aggressive,Ekaterine Gorgodze — Yasmine Kabbaj,,E. Gorgodze,0,,,,0.175,0.5,,0.332,,33.2,33.2,8.9,,0.33,80,80,,,,14679.9191,-58.55,2,settled_lost,early,lost,80,21.45,-58.55,0,,,0
70668ca9-c7bd-428e-a5d6-d5f3fe8fb375,e5·m1·token-fix-m1,live,WTA,Tennis Set-Value,medium,Ekaterine Gorgodze — Yasmine Kabbaj,,E. Gorgodze,0,,,,0.175,0.5,,0.332,,33.2,33.2,8.9,,0.2,50,50,,,,14679.9191,-36.6,2,settled_lost,early,lost,50,13.4,-36.6,0,,,0
277dbd00-62d0-48ea-b614-59aa878eca00,e5·m1·token-fix-m1,live,WTA,Tennis Set-Value,conservative,Ekaterine Gorgodze — Yasmine Kabbaj,,E. Gorgodze,0,,,,0.175,0.5,,0.332,,33.2,33.2,8.9,,0.12,30,30,,,,14679.9191,-21.96,2,settled_lost,early,lost,30,8.04,-21.96,0,,,0
e268e5a8-b1d5-448e-af40-06b3e3d7a1e8,e5·m1·token-fix-m1,live,WTA,Tennis Set-Value,max,Ekaterine Gorgodze — Yasmine Kabbaj,,E. Gorgodze,0,,,,0.175,0.5,,0.332,,33.2,33.2,8.9,,0.5,129,129,,,,14679.9191,-94.42,2,settled_lost,early,lost,129,34.58,-94.42,0,,,0
16491c43-97ca-4a63-b1f7-7687fc5306be,e5·m1·token-fix-m1,live,ATP,Tennis Set-Value,aggressive,Kyrian Jacquet — Alexander Blockx,,A. Blockx,0,,,,0.125,0.5,,0.382,,38.2,38.2,34.4,,0.33,66,33,,,,20935.8959,-3.28,2,settled_lost,early,lost,33,29.72,-3.28,0,,,0
ac28148c-7696-4254-9a19-0da3ba3c2df9,e5·m1·token-fix-m1,live,ATP,Tennis Set-Value,medium,Kyrian Jacquet — Alexander Blockx,,A. Blockx,0,,,,0.125,0.5,,0.382,,38.2,38.2,36.2,,0.2,40,20,,,,20935.8959,-1.05,2,settled_lost,early,lost,20,18.95,-1.05,0,,,0
cd3084fc-0019-4a11-8d6c-60eda2742f59,e5·m1·token-fix-m1,live,ATP,Tennis Set-Value,conservative,Kyrian Jacquet — Alexander Blockx,,A. Blockx,0,,,,0.125,0.5,,0.382,,38.2,38.2,37.6,,0.12,24,12,,,,20935.8959,-0.19,2,settled_lost,early,lost,12,11.81,-0.19,0,,,0
ae19f124-7238-4262-b26c-c8ce20f6966e,e5·m1·token-fix-m1,live,ATP,Tennis Set-Value,max,Kyrian Jacquet — Alexander Blockx,,A. Blockx,0,,,,0.125,0.5,,0.382,,38.2,38.2,32.3,,0.5,100,50,,,,20935.8959,-7.72,2,settled_lost,early,lost,50,42.28,-7.72,0,,,0
1cdd9b55-1499-45a2-a1aa-9e96c581994c,,live,ATP,Tennis Set-Value,aggressive,Kyrian Jacquet — Alexander Blockx,,A. Blockx,0,,,,0.118,0.5,,0.38,,37.5,38.2,54.8,,,,33,,,,,14.34,2,settled_won,partial,won,33,47.34,14.34,0,,,0
ab8231de-63af-48e9-a6c4-f0b42b2e418a,,live,ATP,Tennis Set-Value,medium,Kyrian Jacquet — Alexander Blockx,,A. Blockx,0,,,,0.118,0.5,,0.38,,37.5,38.2,54.8,,,,20,,,,,8.69,2,settled_won,partial,won,20,28.69,8.69,0,,,0
303c3c95-5dff-4123-944e-162ea6d8b2e5,,live,ATP,Tennis Set-Value,conservative,Kyrian Jacquet — Alexander Blockx,,A. Blockx,0,,,,0.118,0.5,,0.38,,37.5,38.2,54.8,,,,12,,,,,5.21,2,settled_won,partial,won,12,17.21,5.21,0,,,0
93074a63-6544-4a1b-a28f-007ced9375a1,,live,ATP,Tennis Set-Value,max,Kyrian Jacquet — Alexander Blockx,,A. Blockx,0,,,,0.118,0.5,,0.38,,37.5,38.2,54.8,,,,50,,,,,21.73,2,settled_won,partial,won,50,71.73,21.73,0,,,0
a6346ddb-b4f2-4df1-9167-2bb05f07411f,e5·m1,prematch,Brazil Serie A,Pre-match Value,aggressive,Coritiba FBC — SE Palmeiras,1:3,Over 2.5,1,,0,0,0.135,0.53,0.531,0.395,,39.5,40.2,83.9,59.8,0.33,73,73,0,0.62,0.491,775.0761,53.17,1,settled_won,early,won,48.91,102.08,53.17,6,take_price|take_price|thesis_stop|thesis_stop|take_price|take_price,68.4,201.04
3385a737-8c7f-408f-a765-01a7c4d54cd2,e5·m1,prematch,Brazil Serie A,Pre-match Value,conservative,Coritiba FBC — SE Palmeiras,1:3,Over 2.5,1,,0,0,0.135,0.53,0.531,0.395,,39.5,40.2,62.8,59.8,0.12,26,26,0,0.62,0.491,775.0761,14.62,1,settled_won,early,won,26,40.62,14.62,6,take_price|take_price|thesis_stop|thesis_stop|take_price|take_price,68.4,201.04
9fc48a08-cd78-4654-8d55-0e733b5fdbbc,e5·m1,prematch,Brazil Serie A,Pre-match Value,medium,Coritiba FBC — SE Palmeiras,1:3,Over 2.5,1,,0,0,0.135,0.53,0.531,0.395,,39.5,40.2,62.4,59.8,0.2,44,44,0,0.62,0.491,775.0761,24.3,1,settled_won,early,won,44,68.3,24.3,6,take_price|take_price|thesis_stop|thesis_stop|take_price|take_price,68.4,201.04
1fc21377-fd53-4475-a96b-e0b9a70db6e9,e5·m1,prematch,Brazil Serie A,Pre-match Value,max,Coritiba FBC — SE Palmeiras,1:3,Over 2.5,1,,0,0,0.135,0.53,0.531,0.395,,39.5,40.2,83.9,59.8,0.5,111,111,0,0.62,0.491,775.0761,80.85,1,settled_won,early,won,74.37,155.22,80.85,6,take_price|take_price|thesis_stop|thesis_stop|take_price|take_price,68.4,201.04
ce3fe753-ce42-4b5c-96cc-543dc65455d6,,prematch,Brazil Serie A,Pre-match Value,aggressive,Coritiba FBC — SE Palmeiras,1:3,Over 2.5,1,,,,0.128,0.53,,0.4,,39.5,40.2,58.8,59.8,,,24.09,,,,,11.15,1,settled_won,partial,won,24.09,35.24,11.15,6,take_price|take_price|thesis_stop|thesis_stop|take_price|take_price,68.4,201.04
1c99f373-54cf-4677-b08b-1f871806001d,,prematch,Brazil Serie A,Pre-match Value,max,Coritiba FBC — SE Palmeiras,1:3,Over 2.5,1,,,,0.128,0.53,,0.4,,39.5,40.2,58.8,59.8,,,36.63,,,,,16.95,1,settled_won,partial,won,36.63,53.58,16.95,6,take_price|take_price|thesis_stop|thesis_stop|take_price|take_price,68.4,201.04
2d634840-5910-45d2-9ec2-ff483f24e32b,e5·m1,prematch,MLS 2025,Pre-match Value,aggressive,Charlotte FC — Atlanta United FC,2:2,Atlanta United FC Over 1.5,1,,0,0,0.06,0.43,0.425,0.37,,37,38.2,41.8,61.8,0.33,31,31,0,0.55,0.387,,2.92,1,settled_won,early,won,31,33.92,2.92,2,discretionary|discretionary,41.8,7.35
03a42925-7b4d-4a09-8d85-7aed7186c642,e5·m1,prematch,MLS 2025,Pre-match Value,max,Charlotte FC — Atlanta United FC,2:2,Atlanta United FC Over 1.5,1,,0,0,0.06,0.43,0.425,0.37,,37,38.2,41.8,61.8,0.5,47,47,0,0.55,0.387,,4.43,1,settled_won,early,won,47,51.43,4.43,2,discretionary|discretionary,41.8,7.35
270cd085-4248-43b9-96ca-e1eaf143412a,e5·m1,prematch,MLS 2025,Pre-match Value,aggressive,Sporting Kansas City — Minnesota United FC,2:1,Minnesota United FC Under 2.5,0,,0,0,0.08,0.85,0.845,0.77,,77,78.1,7.9,21.9,0.33,80,80,0,0.58,0.8,,-16.14,1,settled_won,early,won,17.96,1.82,-16.14,12,time_stop|time_stop|time_stop|discretionary|discretionary|discretionary|take_price|take_price|take_price|time_stop|time_stop|time_stop,70.7,-20.79
1fb2942c-80d4-42be-91a9-0d5d60713901,e5·m1,prematch,MLS 2025,Pre-match Value,medium,Sporting Kansas City — Minnesota United FC,2:1,Minnesota United FC Under 2.5,0,,0,0,0.08,0.85,0.845,0.77,,77,78.1,7.9,21.9,0.2,50,50,0,0.58,0.8,,-10.09,1,settled_won,early,won,11.22,1.13,-10.09,12,time_stop|time_stop|time_stop|discretionary|discretionary|discretionary|take_price|take_price|take_price|time_stop|time_stop|time_stop,70.7,-20.79
c605180d-0ff4-4dde-9fee-7f211a4d554c,e5·m1,prematch,MLS 2025,Pre-match Value,max,Sporting Kansas City — Minnesota United FC,2:1,Minnesota United FC Under 2.5,0,,0,0,0.08,0.85,0.845,0.77,,77,78.1,7.9,21.9,0.5,173,173,0,0.58,0.8,,-34.9,1,settled_won,early,won,38.83,3.93,-34.9,12,time_stop|time_stop|time_stop|discretionary|discretionary|discretionary|take_price|take_price|take_price|time_stop|time_stop|time_stop,70.7,-20.79
34c76c9e-8c5b-41ce-94b0-e8a83266e880,e5·m1,prematch,MLS 2025,Pre-match Value,max,Sporting Kansas City — Minnesota United FC,2:1,Under 3.5,0,,0,0,0.055,0.67,0.67,0.615,,61.5,62.2,62.5,37.8,0.5,27,27,0,0.58,0.6,3603.1693,,0,settled_won,,won,3.37,5.42,2.05,3,time_stop|time_stop|time_stop,62.9,1.79
0cd6640f-49b0-4b02-91d9-edf8d9827c9d,,prematch,MLS 2025,Pre-match Value,aggressive,Sporting Kansas City — Minnesota United FC,2:1,Minnesota United FC Under 2.5,0,,,,0.069,0.85,,0.78,,77,78.1,90.9,21.9,,,26.4,,,,,4.33,1,settled_won,partial,won,26.4,30.73,4.33,12,time_stop|time_stop|time_stop|discretionary|discretionary|discretionary|take_price|take_price|take_price|time_stop|time_stop|time_stop,70.7,-20.79
5612bf75-46d1-4bf3-b6f0-a41308affe69,,prematch,MLS 2025,Pre-match Value,medium,Sporting Kansas City — Minnesota United FC,2:1,Minnesota United FC Under 2.5,0,,,,0.069,0.85,,0.78,,77,78.1,90.9,21.9,,,16.5,,,,,2.7,1,settled_won,partial,won,16.5,19.2,2.7,12,time_stop|time_stop|time_stop|discretionary|discretionary|discretionary|take_price|take_price|take_price|time_stop|time_stop|time_stop,70.7,-20.79
6960f37d-2310-444a-8b96-bfa640ab5a31,,prematch,MLS 2025,Pre-match Value,max,Sporting Kansas City — Minnesota United FC,2:1,Minnesota United FC Under 2.5,0,,,,0.069,0.85,,0.78,,77,78.1,90.9,21.9,,,57.09,,,,,9.36,1,settled_won,partial,won,57.09,66.45,9.36,12,time_stop|time_stop|time_stop|discretionary|discretionary|discretionary|take_price|take_price|take_price|time_stop|time_stop|time_stop,70.7,-20.79
344e016c-6f7f-4e3f-95fa-3b8ec9af47c9,,prematch,MLS 2025,Pre-match Value,aggressive,Sporting Kansas City — Minnesota United FC,2:1,Minnesota United FC Under 2.5,0,,,,0.069,0.85,,0.78,,77,78.1,90.9,21.9,,,17.69,,,,,2.9,1,settled_won,partial,won,17.69,20.59,2.9,12,time_stop|time_stop|time_stop|discretionary|discretionary|discretionary|take_price|take_price|take_price|time_stop|time_stop|time_stop,70.7,-20.79
14532636-b3c1-4944-a98a-3fa820626585,,prematch,MLS 2025,Pre-match Value,medium,Sporting Kansas City — Minnesota United FC,2:1,Minnesota United FC Under 2.5,0,,,,0.069,0.85,,0.78,,77,78.1,90.9,21.9,,,11.06,,,,,1.81,1,settled_won,partial,won,11.06,12.87,1.81,12,time_stop|time_stop|time_stop|discretionary|discretionary|discretionary|take_price|take_price|take_price|time_stop|time_stop|time_stop,70.7,-20.79
61156765-44de-4eca-ad1a-cebfb5c9652b,,prematch,MLS 2025,Pre-match Value,max,Sporting Kansas City — Minnesota United FC,2:1,Minnesota United FC Under 2.5,0,,,,0.069,0.85,,0.78,,77,78.1,90.9,21.9,,,38.25,,,,,6.27,1,settled_won,partial,won,38.25,44.52,6.27,12,time_stop|time_stop|time_stop|discretionary|discretionary|discretionary|take_price|take_price|take_price|time_stop|time_stop|time_stop,70.7,-20.79
70ccbaf4-8e66-48aa-9668-ec228212d65f,,prematch,MLS 2025,Pre-match Value,aggressive,Sporting Kansas City — Minnesota United FC,2:1,Minnesota United FC Under 2.5,0,,,,0.069,0.85,,0.78,,77,78.1,93,21.9,,,17.95,,,,,3.42,1,settled_won,partial,won,17.95,21.37,3.42,12,time_stop|time_stop|time_stop|discretionary|discretionary|discretionary|take_price|take_price|take_price|time_stop|time_stop|time_stop,70.7,-20.79
dc68f07f-d893-4eb6-9076-3f470456d560,,prematch,MLS 2025,Pre-match Value,medium,Sporting Kansas City — Minnesota United FC,2:1,Minnesota United FC Under 2.5,0,,,,0.069,0.85,,0.78,,77,78.1,93,21.9,,,11.22,,,,,2.14,1,settled_won,partial,won,11.22,13.36,2.14,12,time_stop|time_stop|time_stop|discretionary|discretionary|discretionary|take_price|take_price|take_price|time_stop|time_stop|time_stop,70.7,-20.79
e8c44f00-01ef-4cd3-84a4-fe8cdbd9f59c,,prematch,MLS 2025,Pre-match Value,max,Sporting Kansas City — Minnesota United FC,2:1,Minnesota United FC Under 2.5,0,,,,0.069,0.85,,0.78,,77,78.1,93,21.9,,,38.83,,,,,7.41,1,settled_won,partial,won,38.83,46.24,7.41,12,time_stop|time_stop|time_stop|discretionary|discretionary|discretionary|take_price|take_price|take_price|time_stop|time_stop|time_stop,70.7,-20.79
7a3309ff-700f-44b8-98fa-6fb92743f45c,,prematch,MLS 2025,Pre-match Value,max,Sporting Kansas City — Minnesota United FC,2:1,Under 3.5,0,,,,0.048,0.67,,0.62,,61.5,62.2,77,37.8,,,13.5,,,,,3.21,1,settled_won,partial,won,13.5,16.71,3.21,3,time_stop|time_stop|time_stop,62.9,1.79
aff9803b-734a-4b9c-9282-254f71cdafb3,,prematch,MLS 2025,Pre-match Value,max,Sporting Kansas City — Minnesota United FC,2:1,Under 3.5,0,,,,0.048,0.67,,0.62,,61.5,62.2,48.8,37.8,,,6.75,,,,,-1.45,1,settled_won,partial,won,6.75,5.3,-1.45,3,time_stop|time_stop|time_stop,62.9,1.79
e603a987-d41e-4d35-9858-5e85cc1d9c5e,e5·m1,prematch,MLS 2025,Pre-match Value,aggressive,Portland Timbers — FC Dallas,0:1,Both Teams to Score — No,0,,0,0,0.165,0.48,0.48,0.315,,31.5,32.2,59.8,-32.1,0.33,79,79,1,0.6,0.48,274.5486,67.71,1,settled_won,early,won,79,146.71,67.71,6,discretionary|discretionary|take_price|thesis_stop|take_price|thesis_stop,25.7,-3.81
bb821657-952d-4960-8666-1159f2717ab5,e5·m1,prematch,MLS 2025,Pre-match Value,conservative,Portland Timbers — FC Dallas,0:1,Both Teams to Score — No,0,,0,0,0.165,0.48,0.48,0.315,,31.5,32.1,11.9,-32,0.12,28,28,0.9,0.6,0.48,274.5486,-17.62,1,settled_won,early,won,28,10.38,-17.62,6,discretionary|discretionary|take_price|thesis_stop|take_price|thesis_stop,25.7,-3.81
cf2e0467-5095-44cc-8231-09a3b1e6f479,e5·m1,prematch,MLS 2025,Pre-match Value,medium,Portland Timbers — FC Dallas,0:1,Both Teams to Score — No,0,,0,0,0.165,0.48,0.48,0.315,,31.5,32.1,10.7,-32,0.2,48,48,0.9,0.6,0.48,274.5486,-32,1,settled_won,early,won,48,16,-32,6,discretionary|discretionary|take_price|thesis_stop|take_price|thesis_stop,25.7,-3.81
6ae923d9-832b-454c-bfb8-acca12062f78,e5·m1,prematch,MLS 2025,Pre-match Value,max,Portland Timbers — FC Dallas,0:1,Both Teams to Score — No,0,,0,0,0.165,0.48,0.48,0.315,,31.5,32.2,1,-32.1,0.5,120,120,1,0.6,0.48,274.5486,-29.07,1,settled_won,early,won,30,0.93,-29.07,6,discretionary|discretionary|take_price|thesis_stop|take_price|thesis_stop,25.7,-3.81
095e8acd-2ae5-442b-bfc1-f582d75d5054,e5·m1,prematch,MLS 2025,Pre-match Value,aggressive,San Jose Earthquakes — Orlando City SC,0:3,Both Teams to Score — No,0,,0,0,0.105,0.4,0.397,0.295,,29.5,30.2,5,69.8,0.33,49,49,0,0.58,0.397,254.2982,-40.89,1,settled_won,early,won,49,8.11,-40.89,4,discretionary|discretionary|discretionary|thesis_stop,9,-128.74
e268f718-abf3-489a-a3b1-04d3ac596322,e5·m1,prematch,MLS 2025,Pre-match Value,conservative,San Jose Earthquakes — Orlando City SC,0:3,Both Teams to Score — No,0,,0,0,0.105,0.4,0.397,0.295,,29.5,30.2,12.9,69.8,0.12,17,17,0,0.58,0.397,254.2982,-9.74,1,settled_won,early,won,17,7.26,-9.74,4,discretionary|discretionary|discretionary|thesis_stop,9,-128.74
f587dab5-f940-4dd5-9689-565467bdefd8,e5·m1,prematch,MLS 2025,Pre-match Value,medium,San Jose Earthquakes — Orlando City SC,0:3,Both Teams to Score — No,0,,0,0,0.105,0.4,0.397,0.295,,29.5,30.2,12.9,69.8,0.2,29,29,0,0.58,0.397,254.2982,-16.61,1,settled_won,early,won,29,12.39,-16.61,4,discretionary|discretionary|discretionary|thesis_stop,9,-128.74
603d5a3d-94bd-4cc2-b3ce-0a41aac093bc,e5·m1,prematch,MLS 2025,Pre-match Value,max,San Jose Earthquakes — Orlando City SC,0:3,Both Teams to Score — No,0,,0,0,0.105,0.4,0.397,0.295,,29.5,30.2,5.1,69.8,0.5,74,74,0,0.58,0.397,254.2982,-61.5,1,settled_won,early,won,74,12.5,-61.5,4,discretionary|discretionary|discretionary|thesis_stop,9,-128.74
92c51ca3-5040-4f45-a000-cad2add4039f,e5·m1,prematch,MLS 2025,Pre-match Value,aggressive,Los Angeles Galaxy — St. Louis City SC,0:2,St. Louis City SC — No,0,,0,0,0.105,0.67,0.668,0.565,,56.5,59.8,2,-59.7,0.33,79,79,1.6,0.55,0.416,,-76.36,1,settled_lost,early,lost,79,2.64,-76.36,4,discretionary|discretionary|discretionary|thesis_stop,1.8,-267.8
18b8a72e-406c-4982-8a3d-efb8d53881c9,e5·m1,prematch,MLS 2025,Pre-match Value,conservative,Los Angeles Galaxy — St. Louis City SC,0:2,St. Louis City SC — No,0,,0,0,0.105,0.67,0.668,0.565,,56.5,59.1,2,-59,0.12,28,28,0.9,0.55,0.416,,-27.05,1,settled_lost,early,lost,28,0.95,-27.05,4,discretionary|discretionary|discretionary|thesis_stop,1.8,-267.8
4a87e94a-1e25-4e83-8aaa-1e1bef696f58,e5·m1,prematch,MLS 2025,Pre-match Value,medium,Los Angeles Galaxy — St. Louis City SC,0:2,St. Louis City SC — No,0,,0,0,0.105,0.67,0.668,0.565,,56.5,59.5,2,-59.4,0.2,48,48,1.3,0.55,0.416,,-46.39,1,settled_lost,early,lost,48,1.61,-46.39,4,discretionary|discretionary|discretionary|thesis_stop,1.8,-267.8
e1d97dca-d595-4967-958c-5057cef79a96,e5·m1,prematch,MLS 2025,Pre-match Value,max,Los Angeles Galaxy — St. Louis City SC,0:2,St. Louis City SC — No,0,,0,0,0.105,0.67,0.668,0.565,,56.5,59.9,1,-59.8,0.5,120,120,1.7,0.55,0.416,,-118,1,settled_lost,early,lost,120,2,-118,4,discretionary|discretionary|discretionary|thesis_stop,1.8,-267.8
4fa8e4f1-c4cf-48e5-8e11-1fe73469f52a,,prematch,MLS 2025,Pre-match Value,max,Sporting Kansas City — Minnesota United FC,2:1,Under 3.5,0,,,,0.048,0.67,,0.62,,61.5,62.2,62.8,37.8,,,3.38,,,,,0.03,1,settled_won,partial,won,3.38,3.41,0.03,3,time_stop|time_stop|time_stop,62.9,1.79
d8a3f5ba-9081-4f3f-b00f-41355bf593f9,,prematch,MLS 2025,Pre-match Value,max,Portland Timbers — FC Dallas,0:1,Both Teams to Score — No,0,,,,0.158,0.48,,0.32,,31.5,32.2,33.8,-32.1,,,60,,,,,2.98,1,settled_won,partial,won,60,62.98,2.98,6,discretionary|discretionary|take_price|thesis_stop|take_price|thesis_stop,25.7,-3.81
c81d54e2-0484-48fe-b73e-0446e38c3a30,,prematch,MLS 2025,Pre-match Value,max,Portland Timbers — FC Dallas,0:1,Both Teams to Score — No,0,,,,0.158,0.48,,0.32,,31.5,32.2,36.7,-32.1,,,30,,,,,4.19,1,settled_won,partial,won,30,34.19,4.19,6,discretionary|discretionary|take_price|thesis_stop|take_price|thesis_stop,25.7,-3.81
c8bf13fd-c67f-4712-b4fe-95cb402b2aa4,e5·m1,live,Europa Conference League,Overreaction,aggressive,RKS Raków Częstochowa — Valletta FC,3:1,RKS Raków Częstochowa — Yes,0,24,0,1,0.19,0.79,0.79,0.61,,60.5,61.2,60.8,38.8,0.33,80,80,0,0.6,,448.3827,,0,settled_won,match_score,won,40,65.36,25.36,8,take_price|take_price|take_price|take_price|thesis_stop|thesis_stop|thesis_stop|thesis_stop,64.3,18.24
ed7c59cd-722c-407b-9074-ea1944667857,e5·m1,live,Europa Conference League,Overreaction,aggressive,RKS Raków Częstochowa — Valletta FC,3:1,RKS Raków Częstochowa (-1.5),0,24,0,1,0.21,0.57,0.57,0.36,,36,39.2,21.9,60.3,0.33,70,70,0,0.6,,10587.7094,,0,settled_won,match_score,won,70,178.57,108.57,4,settle|settle|settle|settle,23.2,-126.36
8b34ddf0-97d7-4e30-91d2-91ec09960f9b,e5·m1,live,Europa Conference League,Overreaction,conservative,RKS Raków Częstochowa — Valletta FC,3:1,RKS Raków Częstochowa — Yes,0,24,0,1,0.19,0.79,0.79,0.61,,60.5,61.2,60.8,38.8,0.12,30,30,0,0.6,,448.3827,,0,settled_won,match_score,won,15,24.51,9.51,8,take_price|take_price|take_price|take_price|thesis_stop|thesis_stop|thesis_stop|thesis_stop,64.3,18.24
09fa9bed-434e-4e48-8806-74f75d168ff4,e5·m1,live,Europa Conference League,Overreaction,conservative,RKS Raków Częstochowa — Valletta FC,3:1,RKS Raków Częstochowa (-1.5),0,24,0,1,0.21,0.57,0.57,0.36,,36,39.2,22.9,60.3,0.12,30,30,0,0.6,,10587.7094,,0,settled_won,match_score,won,30,76.53,46.53,4,settle|settle|settle|settle,23.2,-126.36
3f19bbcc-9b3c-4c14-98b3-f0b2ec4ecad6,e5·m1,live,Europa Conference League,Overreaction,max,RKS Raków Częstochowa — Valletta FC,3:1,RKS Raków Częstochowa — Yes,0,24,0,1,0.19,0.79,0.79,0.61,,60.5,61.2,60.8,38.8,0.5,200,200,0,0.6,,448.3827,,0,settled_won,match_score,won,100,163.4,63.4,8,take_price|take_price|take_price|take_price|thesis_stop|thesis_stop|thesis_stop|thesis_stop,64.3,18.24
e59ab117-2512-45d8-a9f2-dec57fc48cba,e5·m1,live,Europa Conference League,Overreaction,max,RKS Raków Częstochowa — Valletta FC,3:1,RKS Raków Częstochowa (-1.5),0,24,0,1,0.21,0.57,0.57,0.36,,36,39.2,24.3,60.3,0.5,167,166,0,0.6,,10587.7094,,0,settled_won,match_score,won,166,423.47,257.47,4,settle|settle|settle|settle,23.2,-126.36
4981e60d-3199-4df1-91a0-2a85b5ff2f45,e5·m1,live,Europa Conference League,Overreaction,medium,RKS Raków Częstochowa — Valletta FC,3:1,RKS Raków Częstochowa — Yes,0,24,0,1,0.19,0.79,0.79,0.61,,60.5,61.2,60.8,38.8,0.2,50,50,0,0.6,,448.3827,,0,settled_won,match_score,won,25,40.85,15.85,8,take_price|take_price|take_price|take_price|thesis_stop|thesis_stop|thesis_stop|thesis_stop,64.3,18.24
e28484b8-e0a0-4edd-ae55-ef890d419358,e5·m1,live,Europa Conference League,Overreaction,medium,RKS Raków Częstochowa — Valletta FC,3:1,RKS Raków Częstochowa (-1.5),0,24,0,1,0.21,0.57,0.57,0.36,,36,39.2,23.6,60.3,0.2,50,50,0,0.6,,10587.7094,,0,settled_won,match_score,won,50,127.55,77.55,4,settle|settle|settle|settle,23.2,-126.36
d107995c-395f-4fae-ac99-6aacee9687b4,,live,Europa Conference League,Overreaction,aggressive,RKS Raków Częstochowa — Valletta FC,3:1,RKS Raków Częstochowa — Yes,0,,,,0.179,0.7913,,0.61,,60.5,61.2,67.8,38.8,,,40,,,,,4.31,1,settled_won,partial,won,40,44.31,4.31,8,take_price|take_price|take_price|take_price|thesis_stop|thesis_stop|thesis_stop|thesis_stop,64.3,18.24
b57a206a-f5d4-47bc-b7a3-49add0f2566a,,live,Europa Conference League,Overreaction,conservative,RKS Raków Częstochowa — Valletta FC,3:1,RKS Raków Częstochowa — Yes,0,,,,0.179,0.7913,,0.61,,60.5,61.2,67.8,38.8,,,15,,,,,1.62,1,settled_won,partial,won,15,16.62,1.62,8,take_price|take_price|take_price|take_price|thesis_stop|thesis_stop|thesis_stop|thesis_stop,64.3,18.24
66c1871a-9f13-404b-a6c8-6f9ecac81a7e,,live,Europa Conference League,Overreaction,max,RKS Raków Częstochowa — Valletta FC,3:1,RKS Raków Częstochowa — Yes,0,,,,0.179,0.7913,,0.61,,60.5,61.2,67.8,38.8,,,100,,,,,10.78,1,settled_won,partial,won,100,110.78,10.78,8,take_price|take_price|take_price|take_price|thesis_stop|thesis_stop|thesis_stop|thesis_stop,64.3,18.24
9bb6de6f-2af2-4e58-871f-12c351da2b93,,live,Europa Conference League,Overreaction,medium,RKS Raków Częstochowa — Valletta FC,3:1,RKS Raków Częstochowa — Yes,0,,,,0.179,0.7913,,0.61,,60.5,61.2,67.8,38.8,,,25,,,,,2.7,1,settled_won,partial,won,25,27.7,2.7,8,take_price|take_price|take_price|take_price|thesis_stop|thesis_stop|thesis_stop|thesis_stop,64.3,18.24
82511406-9508-4a3b-b9d5-9e2fb9fb286e,e5·m1,live,Europa Conference League,Pre-match Value,aggressive,FC Lugano — KF Dukagjini Klinë,1:0,Both Teams to Score — No,0,2,0,0,0.14,0.72,0.661,0.58,,58,66.5,66.5,33,0.33,80,71,1.3,0.55,0.661,11240.8538,,0,settled_won,,won,3.55,5.34,1.79,12,take_price|take_price|take_price|take_price|thesis_stop|thesis_stop|thesis_stop|thesis_stop|take_price|take_price|take_price|take_price,79.9,35.85
7f64be24-92de-4700-be06-6152b75b227e,e5·m1,live,Europa Conference League,Pre-match Value,conservative,FC Lugano — KF Dukagjini Klinë,1:0,Both Teams to Score — No,0,2,0,0,0.14,0.72,0.661,0.58,,58,65.7,88.9,33.8,0.12,30,30,0.5,0.55,0.661,11240.8538,2.65,1,settled_won,early,won,7.5,10.15,2.65,12,take_price|take_price|take_price|take_price|thesis_stop|thesis_stop|thesis_stop|thesis_stop|take_price|take_price|take_price|take_price,79.9,35.85
372c8ae2-2d09-403d-a725-f78af7461796,e5·m1,live,Europa Conference League,Pre-match Value,max,FC Lugano — KF Dukagjini Klinë,1:0,Both Teams to Score — No,0,2,0,0,0.14,0.72,0.661,0.58,,58,66.5,66.5,33,0.5,166,71,1.3,0.55,0.661,11240.8538,,0,settled_won,,won,3.55,5.34,1.79,12,take_price|take_price|take_price|take_price|thesis_stop|thesis_stop|thesis_stop|thesis_stop|take_price|take_price|take_price|take_price,79.9,35.85
9fb3eceb-bcce-4b6b-8fed-643b2c4be595,e5·m1,live,Europa Conference League,Pre-match Value,medium,FC Lugano — KF Dukagjini Klinë,1:0,Both Teams to Score — No,0,2,0,0,0.14,0.72,0.661,0.58,,58,66.2,66.2,33.3,0.2,50,50,1,0.55,0.661,11240.8538,,0,settled_won,,won,2.5,3.78,1.28,12,take_price|take_price|take_price|take_price|thesis_stop|thesis_stop|thesis_stop|thesis_stop|take_price|take_price|take_price|take_price,79.9,35.85
b522de21-bb45-424c-a6eb-4ea97256a1fe,e5·m1,prematch,Europa Conference League,Pre-match Value,aggressive,Derry City FC — HNK Rijeka,0:1,Both Teams to Score — Yes,1,,0,0,0.135,0.54,0.541,0.405,,40.5,40.2,2.3,-39.7,0.33,74,74,0,0.55,0.541,13735.6744,-17.44,1,settled_lost,early,lost,18.5,1.06,-17.44,11,time_stop|time_stop|time_stop|time_stop|time_stop|time_stop|time_stop|time_stop|time_decay_floor|time_decay_floor|time_decay_floor,13.4,-145.18
bb5722c1-b848-46b4-9224-5c40c9353f0b,e5·m1,prematch,Europa Conference League,Pre-match Value,conservative,Derry City FC — HNK Rijeka,0:1,Both Teams to Score — Yes,1,,0,0,0.135,0.54,0.541,0.405,,40.5,40.2,3,-39.7,0.12,27,27,0,0.55,0.541,13735.6744,-6.25,1,settled_lost,early,lost,6.75,0.5,-6.25,11,time_stop|time_stop|time_stop|time_stop|time_stop|time_stop|time_stop|time_stop|time_decay_floor|time_decay_floor|time_decay_floor,13.4,-145.18
d5217b27-3610-4d3c-a226-fe174f70f713,e5·m1,prematch,Europa Conference League,Pre-match Value,max,Derry City FC — HNK Rijeka,0:1,Both Teams to Score — Yes,1,,0,0,0.135,0.54,0.541,0.405,,40.5,40.2,64.5,-39.7,0.5,113,113,0,0.55,0.541,13735.6744,,0,settled_lost,,lost,28.25,0,-28.25,11,time_stop|time_stop|time_stop|time_stop|time_stop|time_stop|time_stop|time_stop|time_decay_floor|time_decay_floor|time_decay_floor,13.4,-145.18
3049de94-5548-41a2-9fa0-b286edd7161d,e5·m1,prematch,Europa Conference League,Pre-match Value,medium,Derry City FC — HNK Rijeka,0:1,Both Teams to Score — Yes,1,,0,0,0.135,0.54,0.541,0.405,,40.5,40.2,2.6,-39.7,0.2,45,45,0,0.55,0.541,13735.6744,-10.52,1,settled_lost,early,lost,11.25,0.73,-10.52,11,time_stop|time_stop|time_stop|time_stop|time_stop|time_stop|time_stop|time_stop|time_decay_floor|time_decay_floor|time_decay_floor,13.4,-145.18
1e65f292-f047-4afa-813e-49c843d96ce8,,live,Europa Conference League,Pre-match Value,aggressive,FC Lugano — KF Dukagjini Klinë,1:0,Both Teams to Score — No,0,,,,0.055,0.72,,0.67,,58,66.5,72.9,33,,,35.5,,,,,3.42,1,settled_won,partial,won,35.5,38.92,3.42,12,take_price|take_price|take_price|take_price|thesis_stop|thesis_stop|thesis_stop|thesis_stop|take_price|take_price|take_price|take_price,79.9,35.85
25332885-0792-4232-aa76-41d10c9a80ed,,live,Europa Conference League,Pre-match Value,conservative,FC Lugano — KF Dukagjini Klinë,1:0,Both Teams to Score — No,0,,,,0.063,0.72,,0.66,,58,65.7,72.9,33.8,,,15,,,,,1.64,1,settled_won,partial,won,15,16.64,1.64,12,take_price|take_price|take_price|take_price|thesis_stop|thesis_stop|thesis_stop|thesis_stop|take_price|take_price|take_price|take_price,79.9,35.85
59c749b6-2be2-4250-857d-8fa775397177,,live,Europa Conference League,Pre-match Value,max,FC Lugano — KF Dukagjini Klinë,1:0,Both Teams to Score — No,0,,,,0.055,0.72,,0.67,,58,66.5,72.9,33,,,35.5,,,,,3.42,1,settled_won,partial,won,35.5,38.92,3.42,12,take_price|take_price|take_price|take_price|thesis_stop|thesis_stop|thesis_stop|thesis_stop|take_price|take_price|take_price|take_price,79.9,35.85
cb3f132a-7b41-4118-bb29-3f10ced3a4ec,,live,Europa Conference League,Pre-match Value,medium,FC Lugano — KF Dukagjini Klinë,1:0,Both Teams to Score — No,0,,,,0.058,0.72,,0.66,,58,66.2,72.9,33.3,,,25,,,,,2.53,1,settled_won,partial,won,25,27.53,2.53,12,take_price|take_price|take_price|take_price|thesis_stop|thesis_stop|thesis_stop|thesis_stop|take_price|take_price|take_price|take_price,79.9,35.85
84cdf0ed-46b3-455f-af49-b9f073d36fb9,,live,Europa Conference League,Pre-match Value,aggressive,FC Lugano — KF Dukagjini Klinë,1:0,Both Teams to Score — No,0,,,,0.055,0.72,,0.67,,58,66.5,74.9,33,,,17.75,,,,,2.24,1,settled_won,partial,won,17.75,19.99,2.24,12,take_price|take_price|take_price|take_price|thesis_stop|thesis_stop|thesis_stop|thesis_stop|take_price|take_price|take_price|take_price,79.9,35.85
d24c9b5a-0707-4055-937a-b221e40845eb,,live,Europa Conference League,Pre-match Value,conservative,FC Lugano — KF Dukagjini Klinë,1:0,Both Teams to Score — No,0,,,,0.063,0.72,,0.66,,58,65.7,74.9,33.8,,,7.5,,,,,1.05,1,settled_won,partial,won,7.5,8.55,1.05,12,take_price|take_price|take_price|take_price|thesis_stop|thesis_stop|thesis_stop|thesis_stop|take_price|take_price|take_price|take_price,79.9,35.85
ba0eb76f-72f5-4847-9bba-811cf8c59a5f,,live,Europa Conference League,Pre-match Value,max,FC Lugano — KF Dukagjini Klinë,1:0,Both Teams to Score — No,0,,,,0.055,0.72,,0.67,,58,66.5,74.9,33,,,17.75,,,,,2.24,1,settled_won,partial,won,17.75,19.99,2.24,12,take_price|take_price|take_price|take_price|thesis_stop|thesis_stop|thesis_stop|thesis_stop|take_price|take_price|take_price|take_price,79.9,35.85
cdc72790-c2ec-439f-ae4d-9fcd8979d647,,live,Europa Conference League,Pre-match Value,medium,FC Lugano — KF Dukagjini Klinë,1:0,Both Teams to Score — No,0,,,,0.058,0.72,,0.66,,58,66.2,74.9,33.3,,,12.5,,,,,1.64,1,settled_won,partial,won,12.5,14.14,1.64,12,take_price|take_price|take_price|take_price|thesis_stop|thesis_stop|thesis_stop|thesis_stop|take_price|take_price|take_price|take_price,79.9,35.85
f87b38c1-8108-4c77-978f-f4adc7336ecb,,prematch,Europa Conference League,Pre-match Value,aggressive,Derry City FC — HNK Rijeka,0:1,Both Teams to Score — Yes,1,,,,0.138,0.54,,0.4,,40.5,40.2,16.9,-39.7,,,37,,,,,-21.45,1,settled_lost,partial,lost,37,15.55,-21.45,11,time_stop|time_stop|time_stop|time_stop|time_stop|time_stop|time_stop|time_stop|time_decay_floor|time_decay_floor|time_decay_floor,13.4,-145.18
0ae1a4f3-a0ea-43af-a6d4-a9299055b43f,,prematch,Europa Conference League,Pre-match Value,conservative,Derry City FC — HNK Rijeka,0:1,Both Teams to Score — Yes,1,,,,0.138,0.54,,0.4,,40.5,40.2,16.9,-39.7,,,13.5,,,,,-7.82,1,settled_lost,partial,lost,13.5,5.68,-7.82,11,time_stop|time_stop|time_stop|time_stop|time_stop|time_stop|time_stop|time_stop|time_decay_floor|time_decay_floor|time_decay_floor,13.4,-145.18
145c771c-deee-4184-a4ec-0dca44be3b06,,prematch,Europa Conference League,Pre-match Value,max,Derry City FC — HNK Rijeka,0:1,Both Teams to Score — Yes,1,,,,0.138,0.54,,0.4,,40.5,40.2,16.9,-39.7,,,56.5,,,,,-32.75,1,settled_lost,partial,lost,56.5,23.75,-32.75,11,time_stop|time_stop|time_stop|time_stop|time_stop|time_stop|time_stop|time_stop|time_decay_floor|time_decay_floor|time_decay_floor,13.4,-145.18
33d79ffd-e6ed-4901-8edf-553ce275d3e8,,prematch,Europa Conference League,Pre-match Value,medium,Derry City FC — HNK Rijeka,0:1,Both Teams to Score — Yes,1,,,,0.138,0.54,,0.4,,40.5,40.2,16.9,-39.7,,,22.5,,,,,-13.04,1,settled_lost,partial,lost,22.5,9.46,-13.04,11,time_stop|time_stop|time_stop|time_stop|time_stop|time_stop|time_stop|time_stop|time_decay_floor|time_decay_floor|time_decay_floor,13.4,-145.18
d1c21d68-062c-4a52-b99a-db77801ce689,,prematch,Europa Conference League,Pre-match Value,aggressive,Derry City FC — HNK Rijeka,0:1,Both Teams to Score — Yes,1,,,,0.138,0.54,,0.4,,40.5,40.2,17.9,-39.7,,,18.5,,,,,-10.26,1,settled_lost,partial,lost,18.5,8.24,-10.26,11,time_stop|time_stop|time_stop|time_stop|time_stop|time_stop|time_stop|time_stop|time_decay_floor|time_decay_floor|time_decay_floor,13.4,-145.18
8833e14e-dbaf-4eb4-885b-bb36fe253969,,prematch,Europa Conference League,Pre-match Value,conservative,Derry City FC — HNK Rijeka,0:1,Both Teams to Score — Yes,1,,,,0.138,0.54,,0.4,,40.5,40.2,17.9,-39.7,,,6.75,,,,,-3.74,1,settled_lost,partial,lost,6.75,3.01,-3.74,11,time_stop|time_stop|time_stop|time_stop|time_stop|time_stop|time_stop|time_stop|time_decay_floor|time_decay_floor|time_decay_floor,13.4,-145.18
100813d7-c6df-4f95-ac64-553d452cf9cc,,prematch,Europa Conference League,Pre-match Value,max,Derry City FC — HNK Rijeka,0:1,Both Teams to Score — Yes,1,,,,0.138,0.54,,0.4,,40.5,40.2,17.9,-39.7,,,28.25,,,,,-15.67,1,settled_lost,partial,lost,28.25,12.58,-15.67,11,time_stop|time_stop|time_stop|time_stop|time_stop|time_stop|time_stop|time_stop|time_decay_floor|time_decay_floor|time_decay_floor,13.4,-145.18
905b21e9-0a28-47b1-a9da-d9188c3fc417,,prematch,Europa Conference League,Pre-match Value,medium,Derry City FC — HNK Rijeka,0:1,Both Teams to Score — Yes,1,,,,0.138,0.54,,0.4,,40.5,40.2,17.9,-39.7,,,11.25,,,,,-6.24,1,settled_lost,partial,lost,11.25,5.01,-6.24,11,time_stop|time_stop|time_stop|time_stop|time_stop|time_stop|time_stop|time_stop|time_decay_floor|time_decay_floor|time_decay_floor,13.4,-145.18
c861cb9d-cc90-42e2-b5d5-539ea1731296,,live,Europa Conference League,Pre-match Value,aggressive,FC Lugano — KF Dukagjini Klinë,1:0,Both Teams to Score — No,0,,,,0.055,0.72,,0.67,,58,66.5,90.4,33,,,14.2,,,,,5.1,1,settled_won,partial,won,14.2,19.3,5.1,12,take_price|take_price|take_price|take_price|thesis_stop|thesis_stop|thesis_stop|thesis_stop|take_price|take_price|take_price|take_price,79.9,35.85
f799de38-ec5f-4270-b868-542664d85f98,,live,Europa Conference League,Pre-match Value,max,FC Lugano — KF Dukagjini Klinë,1:0,Both Teams to Score — No,0,,,,0.055,0.72,,0.67,,58,66.5,91.9,33,,,14.2,,,,,5.42,1,settled_won,partial,won,14.2,19.62,5.42,12,take_price|take_price|take_price|take_price|thesis_stop|thesis_stop|thesis_stop|thesis_stop|take_price|take_price|take_price|take_price,79.9,35.85
e3943a46-315b-4f22-a21b-5efc0b9a18c7,,live,Europa Conference League,Pre-match Value,medium,FC Lugano — KF Dukagjini Klinë,1:0,Both Teams to Score — No,0,,,,0.058,0.72,,0.66,,58,66.2,96,33.3,,,10,,,,,4.5,1,settled_won,partial,won,10,14.5,4.5,12,take_price|take_price|take_price|take_price|thesis_stop|thesis_stop|thesis_stop|thesis_stop|take_price|take_price|take_price|take_price,79.9,35.85
44413380-48b4-445b-a15c-f60ac2a2e5dc,e6·m1,prematch,Brazil Serie B,Pre-match Value,aggressive,Botafogo FC — EC Juventude,4:2,Botafogo FC Over 1.5,1,,0,0,0.1,0.37,0.391,0.27,,27,29.2,56.8,70.8,0.33,45,45,0,0.55,0.44,1683.515,42.53,1,settled_won,early,won,45,87.53,42.53,3,take_price|take_price|take_price,71.2,232.69
67a78447-4ea5-4360-b066-05cfba527f52,e6·m1,prematch,Brazil Serie B,Pre-match Value,aggressive,Botafogo FC — EC Juventude,4:2,Botafogo FC Over 0.5,1,,0,0,0.075,0.73,0.741,0.655,,65.5,67.2,99.9,,0.33,35,35,0,0.55,0.741,1531.4425,17.03,1,settled_won,early,won,35,52.03,17.03,3,take_price|take_price|take_price,99.9,80.77
256dff71-6284-471c-a480-e8620f541e9a,e6·m1,prematch,Brazil Serie B,Pre-match Value,max,Botafogo FC — EC Juventude,4:2,Botafogo FC Over 1.5,1,,0,0,0.1,0.37,0.391,0.27,,27,29.2,99.9,70.8,0.5,68,68,0,0.55,0.44,1683.515,164.64,1,settled_won,early,won,68,232.64,164.64,3,take_price|take_price|take_price,71.2,232.69
aece3a29-d867-437b-83e1-04dbf8e49101,e6·m1,prematch,Brazil Serie B,Pre-match Value,max,Botafogo FC — EC Juventude,4:2,Botafogo FC Over 0.5,1,,0,0,0.075,0.73,0.741,0.655,,65.5,67.2,99.9,,0.5,108,108,0,0.55,0.741,1531.4425,52.55,1,settled_won,early,won,108,160.55,52.55,3,take_price|take_price|take_price,99.9,80.77
5ae2f4a3-2e50-4170-975f-318fb35555c2,e6·m1,prematch,Brazil Serie B,Pre-match Value,medium,Botafogo FC — EC Juventude,4:2,Botafogo FC Over 1.5,1,,0,0,0.1,0.37,0.391,0.27,,27,29.2,56.8,70.8,0.2,27,27,0,0.55,0.44,1683.515,25.52,1,settled_won,early,won,27,52.52,25.52,3,take_price|take_price|take_price,71.2,232.69
f55f957c-f98c-4b9c-afe2-32c12d82dd3a,e6·m1,prematch,Brazil Serie B,Pre-match Value,medium,Botafogo FC — EC Juventude,4:2,Botafogo FC Over 0.5,1,,0,0,0.075,0.73,0.741,0.655,,65.5,67.2,99.9,,0.2,23,23,0,0.55,0.741,1531.4425,11.19,1,settled_won,early,won,23,34.19,11.19,3,take_price|take_price|take_price,99.9,80.77
f4e69ed4-d96b-47a7-9d9b-aa365eeab904,e7·m1,prematch,Liga 1,Pre-match Value,aggressive,Cienciano del Cusco — Universitario,2:0,Under 3.5,0,,0,0,0.05,0.74,0.736,0.69,,69,70.2,93,29.4,0.33,53,53,0,0.62,0.74,463.0437,2.58,1,settled_won,early,won,7.95,10.53,2.58,6,take_price|take_price|take_price|take_price|take_price|take_price,88.5,34.04
bed0603e-78ea-4f0c-b092-9f3692d41bdb,e7·m1,prematch,Liga 1,Pre-match Value,max,Cienciano del Cusco — Universitario,2:0,Under 3.5,0,,0,0,0.05,0.74,0.736,0.69,,69,70.2,93,29.4,0.5,80,80,0,0.62,0.74,463.0437,3.9,1,settled_won,early,won,12,15.9,3.9,6,take_price|take_price|take_price|take_price|take_price|take_price,88.5,34.04
ccc21e64-e3d1-44e6-819d-4facbdf274e9,e7·m1,prematch,Liga 1,Pre-match Value,aggressive,Cienciano del Cusco — Universitario,2:0,Club Universitario de Deportes Under 1.5,0,,0,0,0.165,0.55,0.575,0.385,,38.5,40.2,15.3,-39.7,0.33,80,80,0,0.62,0.55,,-22.27,1,settled_lost,early,lost,35.96,13.69,-22.27,7,discretionary|discretionary|capitulation|capitulation|discretionary|time_stop|counter_scenario,15.2,-183.5
33f6a666-5387-4280-a0e2-81979766be45,e7·m1,prematch,Liga 1,Pre-match Value,aggressive,Cienciano del Cusco — Universitario,2:0,Cusco FC Over 0.5,1,,0,0,0.16,0.7,0.699,0.54,,54,57.1,99,42.9,0.33,70,70,1.9,0.62,0.699,,25.68,1,settled_won,early,won,35,60.68,25.68,8,time_stop|time_stop|time_stop|time_stop|take_price|take_price|take_price|take_price,72.2,84.81
90b46642-7553-4e35-b98e-50eaf798d370,e7·m1,prematch,Liga 1,Pre-match Value,conservative,Cienciano del Cusco — Universitario,2:0,Club Universitario de Deportes Under 1.5,0,,0,0,0.165,0.55,0.575,0.385,,38.5,40.2,16.9,-39.7,0.12,30,30,0,0.62,0.55,,-17.39,1,settled_lost,early,lost,30,12.61,-17.39,7,discretionary|discretionary|capitulation|capitulation|discretionary|time_stop|counter_scenario,15.2,-183.5
493020ac-cddb-456b-94a5-53913443ad9e,e7·m1,prematch,Liga 1,Pre-match Value,conservative,Cienciano del Cusco — Universitario,2:0,Cusco FC Over 0.5,1,,0,0,0.16,0.7,0.699,0.54,,54,57,99,43,0.12,30,30,1.8,0.62,0.699,,11.05,1,settled_won,early,won,15,26.05,11.05,8,time_stop|time_stop|time_stop|time_stop|take_price|take_price|take_price|take_price,72.2,84.81
68ea7ff1-2e46-46cb-b7db-3a1688b41671,e7·m1,prematch,Liga 1,Pre-match Value,max,Cienciano del Cusco — Universitario,2:0,Club Universitario de Deportes Under 1.5,0,,0,0,0.165,0.55,0.575,0.385,,38.5,40.2,1,-39.7,0.5,134,134,0,0.62,0.55,,-43.86,1,settled_lost,early,lost,44.98,1.12,-43.86,7,discretionary|discretionary|capitulation|capitulation|discretionary|time_stop|counter_scenario,15.2,-183.5
d1049819-86a1-4e65-affc-2c47153bb69b,e7·m1,prematch,Liga 1,Pre-match Value,max,Cienciano del Cusco — Universitario,2:0,Cusco FC Over 0.5,1,,0,0,0.16,0.7,0.699,0.54,,54,57.2,99,42.8,0.5,173,173,2,0.62,0.699,,63.21,1,settled_won,early,won,86.5,149.71,63.21,8,time_stop|time_stop|time_stop|time_stop|take_price|take_price|take_price|take_price,72.2,84.81
8141eaee-a910-4504-b7b3-9252ea4e5aa1,e7·m1,prematch,Liga 1,Pre-match Value,medium,Cienciano del Cusco — Universitario,2:0,Club Universitario de Deportes Under 1.5,0,,0,0,0.165,0.55,0.575,0.385,,38.5,40.2,16.9,-39.7,0.2,50,50,0,0.62,0.55,,-28.98,1,settled_lost,early,lost,50,21.02,-28.98,7,discretionary|discretionary|capitulation|capitulation|discretionary|time_stop|counter_scenario,15.2,-183.5
98bf6006-1bc9-4a4f-a75e-a493ffc79f3e,e7·m1,prematch,Liga 1,Pre-match Value,medium,Cienciano del Cusco — Universitario,2:0,Cusco FC Over 0.5,1,,0,0,0.16,0.7,0.699,0.54,,54,57.1,99,42.9,0.2,50,50,1.9,0.62,0.699,,18.35,1,settled_won,early,won,25,43.35,18.35,8,time_stop|time_stop|time_stop|time_stop|take_price|take_price|take_price|take_price,72.2,84.81
370d097b-2a33-4e38-a77a-c7e24497818e,,prematch,Liga 1,Pre-match Value,aggressive,Cienciano del Cusco — Universitario,2:0,Club Universitario de Deportes Under 1.5,0,,,,0.148,0.55,,0.4,,38.5,40.2,12.6,-39.7,,,44.04,,,,,-30.24,1,settled_lost,partial,lost,44.04,13.8,-30.24,7,discretionary|discretionary|capitulation|capitulation|discretionary|time_stop|counter_scenario,15.2,-183.5
8fbf941f-2c6e-485a-bb76-c7384a2cd9a2,,prematch,Liga 1,Pre-match Value,max,Cienciano del Cusco — Universitario,2:0,Club Universitario de Deportes Under 1.5,0,,,,0.148,0.55,,0.4,,38.5,40.2,12.6,-39.7,,,44.04,,,,,-30.24,1,settled_lost,partial,lost,44.04,13.8,-30.24,7,discretionary|discretionary|capitulation|capitulation|discretionary|time_stop|counter_scenario,15.2,-183.5
e6f47ea8-3471-495c-835f-5f89d2d8f7bd,,prematch,Liga 1,Pre-match Value,aggressive,Cienciano del Cusco — Universitario,2:0,Under 3.5,0,,,,0.038,0.74,,0.7,,69,70.2,87.9,29.4,,,37.1,,,,,9.35,1,settled_won,partial,won,37.1,46.45,9.35,6,take_price|take_price|take_price|take_price|take_price|take_price,88.5,34.04
1a243b2a-45bc-4b93-8d4e-49b3ee92b6bb,,prematch,Liga 1,Pre-match Value,max,Cienciano del Cusco — Universitario,2:0,Under 3.5,0,,,,0.038,0.74,,0.7,,69,70.2,87.9,29.4,,,56,,,,,14.12,1,settled_won,partial,won,56,70.12,14.12,6,take_price|take_price|take_price|take_price|take_price|take_price,88.5,34.04
98184ff9-7bf1-4875-ae83-93b108af7b73,,prematch,Liga 1,Pre-match Value,max,Cienciano del Cusco — Universitario,2:0,Club Universitario de Deportes Under 1.5,0,,,,0.148,0.55,,0.4,,38.5,40.2,30.8,-39.7,,,44.98,,,,,-10.52,1,settled_lost,partial,lost,44.98,34.46,-10.52,7,discretionary|discretionary|capitulation|capitulation|discretionary|time_stop|counter_scenario,15.2,-183.5
e764e7b2-5ff0-4d80-b5be-29deeb6ff7e6,,prematch,Liga 1,Pre-match Value,aggressive,Cienciano del Cusco — Universitario,2:0,Cusco FC Over 0.5,1,,,,0.129,0.7,,0.57,,54,57.1,45.3,42.9,,,35,,,,,-7.23,1,settled_won,partial,won,35,27.77,-7.23,8,time_stop|time_stop|time_stop|time_stop|take_price|take_price|take_price|take_price,72.2,84.81
480f9bb1-c701-40e7-b701-ea2ad18c87c6,,prematch,Liga 1,Pre-match Value,conservative,Cienciano del Cusco — Universitario,2:0,Cusco FC Over 0.5,1,,,,0.13,0.7,,0.57,,54,57,45.3,43,,,15,,,,,-3.08,1,settled_won,partial,won,15,11.92,-3.08,8,time_stop|time_stop|time_stop|time_stop|take_price|take_price|take_price|take_price,72.2,84.81
cd527e26-95a2-43e1-8c0c-06b07e896e6b,,prematch,Liga 1,Pre-match Value,max,Cienciano del Cusco — Universitario,2:0,Cusco FC Over 0.5,1,,,,0.128,0.7,,0.57,,54,57.2,45.3,42.8,,,86.5,,,,,-18,1,settled_won,partial,won,86.5,68.5,-18,8,time_stop|time_stop|time_stop|time_stop|take_price|take_price|take_price|take_price,72.2,84.81
e6fbcc40-53d6-46ca-afa0-4b4a5b07eca9,,prematch,Liga 1,Pre-match Value,medium,Cienciano del Cusco — Universitario,2:0,Cusco FC Over 0.5,1,,,,0.129,0.7,,0.57,,54,57.1,45.3,42.9,,,25,,,,,-5.17,1,settled_won,partial,won,25,19.83,-5.17,8,time_stop|time_stop|time_stop|time_stop|take_price|take_price|take_price|take_price,72.2,84.81
cc1d1f43-8d9a-4c3f-b9d1-cda4d4746d18,e7·m1,live,Liga MX 2025,Pre-match Value,aggressive,Atlante FC — CF América,1:1,Draw (Atlante FC vs. CF América) — Yes,0,0,0,0,0.035,0.25,0.25,0.215,,21.5,22.5,12.9,77,0.33,14,14,0.4,0.58,0.25,1202.305,-5.97,1,settled_won,early,won,14,8.03,-5.97,2,counter_scenario|counter_scenario,12.9,-15.47
83bd3ffd-8986-456e-b5b1-95287c6a387b,e7·m1,live,Liga MX 2025,Pre-match Value,max,Atlante FC — CF América,1:1,Draw (Atlante FC vs. CF América) — Yes,0,0,0,0,0.035,0.25,0.25,0.215,,21.5,22.7,12.9,76.8,0.5,22,22,0.6,0.58,0.25,1202.305,-9.5,1,settled_won,early,won,22,12.5,-9.5,2,counter_scenario|counter_scenario,12.9,-15.47
198eea65-cedc-424b-8ceb-dcf7bc5912b2,,prematch,Liga 1,Pre-match Value,aggressive,Cienciano del Cusco — Universitario,2:0,Under 3.5,0,,,,0.038,0.74,,0.7,,69,70.2,84.9,29.4,,,7.95,,,,,1.66,1,settled_won,partial,won,7.95,9.61,1.66,6,take_price|take_price|take_price|take_price|take_price|take_price,88.5,34.04
05b9078e-addc-41f6-ba51-cf1ad6f0eb3d,,prematch,Liga 1,Pre-match Value,max,Cienciano del Cusco — Universitario,2:0,Under 3.5,0,,,,0.038,0.74,,0.7,,69,70.2,84.4,29.4,,,12,,,,,2.43,1,settled_won,partial,won,12,14.43,2.43,6,take_price|take_price|take_price|take_price|take_price|take_price,88.5,34.04
35dfd07e-d04d-44cc-bbe8-bf4f0a55e3a6,e7·m1,prematch,Chinese Super League,Pre-match Value,aggressive,Qingdao Hainiu FC — Tianjin Jinmen Hu FC,0:2,Qingdao Hainiu FC Over 1.5,1,,0,0,0.105,0.46,0.459,0.355,,35.5,37.7,49.7,-37.6,0.33,53,53,1.5,0.55,0.22,467.2591,3.04,1,settled_lost,early,lost,9.54,12.58,3.04,12,counter_scenario|counter_scenario|counter_scenario|counter_scenario|take_price|take_price|take_price|take_price|time_stop|time_stop|time_stop|time_stop,49.3,56.79
2ebda1cd-1926-44a8-8bdf-d0fc7f199bf4,e7·m1,prematch,Chinese Super League,Pre-match Value,conservative,Qingdao Hainiu FC — Tianjin Jinmen Hu FC,0:2,Qingdao Hainiu FC Over 1.5,1,,0,0,0.105,0.46,0.459,0.355,,35.5,37,49.8,-36.9,0.12,19,19,0.8,0.55,0.22,467.2591,1.18,1,settled_lost,early,lost,3.42,4.6,1.18,12,counter_scenario|counter_scenario|counter_scenario|counter_scenario|take_price|take_price|take_price|take_price|time_stop|time_stop|time_stop|time_stop,49.3,56.79
053a2e75-f22a-42e5-aa3b-d672dddc0ed8,e7·m1,prematch,Chinese Super League,Pre-match Value,max,Qingdao Hainiu FC — Tianjin Jinmen Hu FC,0:2,Qingdao Hainiu FC Over 1.5,1,,0,0,0.105,0.46,0.459,0.355,,35.5,37.9,49.7,-37.8,0.5,81,81,1.7,0.55,0.22,467.2591,4.54,1,settled_lost,early,lost,14.58,19.12,4.54,12,counter_scenario|counter_scenario|counter_scenario|counter_scenario|take_price|take_price|take_price|take_price|time_stop|time_stop|time_stop|time_stop,49.3,56.79
8b7b9f7d-6f9b-4fa0-9738-1719e77b679b,e7·m1,prematch,Chinese Super League,Pre-match Value,medium,Qingdao Hainiu FC — Tianjin Jinmen Hu FC,0:2,Qingdao Hainiu FC Over 1.5,1,,0,0,0.105,0.46,0.459,0.355,,35.5,37.3,49.8,-37.2,0.2,32,32,1.1,0.55,0.22,467.2591,1.93,1,settled_lost,early,lost,5.76,7.69,1.93,12,counter_scenario|counter_scenario|counter_scenario|counter_scenario|take_price|take_price|take_price|take_price|time_stop|time_stop|time_stop|time_stop,49.3,56.79
a6e03e45-a9ce-4b5d-9acc-19bc1edad098,,prematch,Chinese Super League,Pre-match Value,aggressive,Qingdao Hainiu FC — Tianjin Jinmen Hu FC,0:2,Qingdao Hainiu FC Over 1.5,1,,,,0.083,0.46,,0.38,,35.5,37.7,49.1,-37.6,,,21.2,,,,,6.41,1,settled_lost,partial,lost,21.2,27.61,6.41,12,counter_scenario|counter_scenario|counter_scenario|counter_scenario|take_price|take_price|take_price|take_price|time_stop|time_stop|time_stop|time_stop,49.3,56.79
6df6a941-4eea-4b85-8be7-a4b6d3a5b605,,prematch,Chinese Super League,Pre-match Value,conservative,Qingdao Hainiu FC — Tianjin Jinmen Hu FC,0:2,Qingdao Hainiu FC Over 1.5,1,,,,0.09,0.46,,0.37,,35.5,37,49.2,-36.9,,,7.6,,,,,2.51,1,settled_lost,partial,lost,7.6,10.11,2.51,12,counter_scenario|counter_scenario|counter_scenario|counter_scenario|take_price|take_price|take_price|take_price|time_stop|time_stop|time_stop|time_stop,49.3,56.79
69fb782d-70cf-4ea9-9b6b-aa8fe8f9f4b6,,prematch,Chinese Super League,Pre-match Value,max,Qingdao Hainiu FC — Tianjin Jinmen Hu FC,0:2,Qingdao Hainiu FC Over 1.5,1,,,,0.081,0.46,,0.38,,35.5,37.9,49,-37.8,,,32.4,,,,,9.49,1,settled_lost,partial,lost,32.4,41.89,9.49,12,counter_scenario|counter_scenario|counter_scenario|counter_scenario|take_price|take_price|take_price|take_price|time_stop|time_stop|time_stop|time_stop,49.3,56.79
37c072a6-6001-42cd-9376-41d8607a817b,,prematch,Chinese Super League,Pre-match Value,medium,Qingdao Hainiu FC — Tianjin Jinmen Hu FC,0:2,Qingdao Hainiu FC Over 1.5,1,,,,0.087,0.46,,0.37,,35.5,37.3,49.2,-37.2,,,12.8,,,,,4.08,1,settled_lost,partial,lost,12.8,16.88,4.08,12,counter_scenario|counter_scenario|counter_scenario|counter_scenario|take_price|take_price|take_price|take_price|time_stop|time_stop|time_stop|time_stop,49.3,56.79
7c1630c8-e617-4ea4-b99d-c0ac94772b1f,e7·m1·sim-v1·tpmv-paper-m1,prematch,ATP,Tennis PMV,aggressive,Trevor Svajda — Elias Ymer,,"Mubadala Citi DC Open, Qualification: Trevor Svajda vs Elias Ymer Total Sets: Under 2.5",0,,,,0.076,0.621,0.621,0.545,,54.5,54.5,99,45,0.33,15,15,,,,21643,12.25,2,settled_won,early,won,15,27.25,12.25,3,take_price|take_price|take_price,99,36.75
ac88c9be-fe13-4747-a628-fbb6e6befea9,e7·m1·sim-v1·tpmv-paper-m1,prematch,ATP,Tennis PMV,medium,Trevor Svajda — Elias Ymer,,"Mubadala Citi DC Open, Qualification: Trevor Svajda vs Elias Ymer Total Sets: Under 2.5",0,,,,0.076,0.621,0.621,0.545,,54.5,54.5,99,45,0.2,15,15,,,,21643,12.25,2,settled_won,early,won,15,27.25,12.25,3,take_price|take_price|take_price,99,36.75
a7f58ca3-6293-45cb-bcd9-8e1308c7e02e,e7·m1·sim-v1·tpmv-paper-m1,prematch,ATP,Tennis PMV,conservative,Trevor Svajda — Elias Ymer,,"Mubadala Citi DC Open, Qualification: Trevor Svajda vs Elias Ymer Total Sets: Under 2.5",0,,,,0.076,0.621,0.621,0.545,,54.5,54.5,99,45,0.12,15,15,,,,21643,12.25,2,settled_won,early,won,15,27.25,12.25,3,take_price|take_price|take_price,99,36.75
89d45a81-866e-458c-8a24-6904aac678b0,e7·m1·sim-v1·tpmv-paper-m1,prematch,ATP,Tennis PMV,max,Trevor Svajda — Elias Ymer,,"Mubadala Citi DC Open, Qualification: Trevor Svajda vs Elias Ymer Total Sets: Under 2.5",0,,,,0.076,0.621,0.621,0.545,,54.5,54.5,100,45,0.5,15,15,,,,21643,,0,settled_won,,won,15,27.52,12.52,3,take_price|take_price|take_price,99,36.75
8c21aed7-b5ba-4efa-9c68-0df5db18adbb,e7·m1·sim-v1·tpmv-paper-m1,prematch,WTA,Tennis PMV,aggressive,Anna Frey — Maria Aran Teixido Garcia,,"The Memphis Classic, Qualification: Anna Frey vs Maria Aran Teixido Garcia Total Sets: Under 2.5",0,,,,0.164,0.604,0.604,0.44,,44,44,99,55.5,0.33,15,15,,,,645,18.75,2,settled_won,early,won,15,33.75,18.75,4,take_price|take_price|take_price|take_price,99,75
41ab4312-9c19-476c-9986-c922a5723d5f,e7·m1·sim-v1·tpmv-paper-m1,prematch,WTA,Tennis PMV,medium,Anna Frey — Maria Aran Teixido Garcia,,"The Memphis Classic, Qualification: Anna Frey vs Maria Aran Teixido Garcia Total Sets: Under 2.5",0,,,,0.164,0.604,0.604,0.44,,44,44,99,55.5,0.2,15,15,,,,645,18.75,2,settled_won,early,won,15,33.75,18.75,4,take_price|take_price|take_price|take_price,99,75
c56ed015-c89b-4f96-8d00-79fc16a2b17c,e7·m1·sim-v1·tpmv-paper-m1,prematch,WTA,Tennis PMV,conservative,Anna Frey — Maria Aran Teixido Garcia,,"The Memphis Classic, Qualification: Anna Frey vs Maria Aran Teixido Garcia Total Sets: Under 2.5",0,,,,0.164,0.604,0.604,0.44,,44,44,99,55.5,0.12,15,15,,,,645,18.75,2,settled_won,early,won,15,33.75,18.75,4,take_price|take_price|take_price|take_price,99,75
ad8e8653-5bea-401f-abb1-cfd0de133e1c,e7·m1·sim-v1·tpmv-paper-m1,prematch,WTA,Tennis PMV,max,Anna Frey — Maria Aran Teixido Garcia,,"The Memphis Classic, Qualification: Anna Frey vs Maria Aran Teixido Garcia Total Sets: Under 2.5",0,,,,0.164,0.604,0.604,0.44,,44,44,99,55.5,0.5,15,15,,,,645,18.75,2,settled_won,early,won,15,33.75,18.75,4,take_price|take_price|take_price|take_price,99,75
e7a715d0-1eb0-4ba3-b045-8f3162798d2e,,prematch,Chinese Super League,Pre-match Value,aggressive,Qingdao Hainiu FC — Tianjin Jinmen Hu FC,0:2,Qingdao Hainiu FC Over 1.5,1,,,,0.083,0.46,,0.38,,35.5,37.7,49.1,-37.6,,,22.26,,,,,6.73,1,settled_lost,partial,lost,22.26,28.99,6.73,12,counter_scenario|counter_scenario|counter_scenario|counter_scenario|take_price|take_price|take_price|take_price|time_stop|time_stop|time_stop|time_stop,49.3,56.79
d55550ed-753b-481b-828f-c922659d55af,,prematch,Chinese Super League,Pre-match Value,conservative,Qingdao Hainiu FC — Tianjin Jinmen Hu FC,0:2,Qingdao Hainiu FC Over 1.5,1,,,,0.09,0.46,,0.37,,35.5,37,49.2,-36.9,,,7.98,,,,,2.63,1,settled_lost,partial,lost,7.98,10.61,2.63,12,counter_scenario|counter_scenario|counter_scenario|counter_scenario|take_price|take_price|take_price|take_price|time_stop|time_stop|time_stop|time_stop,49.3,56.79
066ba1e1-2354-4dce-9818-7396073ebaea,,prematch,Chinese Super League,Pre-match Value,max,Qingdao Hainiu FC — Tianjin Jinmen Hu FC,0:2,Qingdao Hainiu FC Over 1.5,1,,,,0.081,0.46,,0.38,,35.5,37.9,49,-37.8,,,34.02,,,,,9.96,1,settled_lost,partial,lost,34.02,43.98,9.96,12,counter_scenario|counter_scenario|counter_scenario|counter_scenario|take_price|take_price|take_price|take_price|time_stop|time_stop|time_stop|time_stop,49.3,56.79
02bee750-a726-4fb1-a7eb-7789ea03ec49,,prematch,Chinese Super League,Pre-match Value,medium,Qingdao Hainiu FC — Tianjin Jinmen Hu FC,0:2,Qingdao Hainiu FC Over 1.5,1,,,,0.087,0.46,,0.37,,35.5,37.3,49.2,-37.2,,,13.44,,,,,4.29,1,settled_lost,partial,lost,13.44,17.73,4.29,12,counter_scenario|counter_scenario|counter_scenario|counter_scenario|take_price|take_price|take_price|take_price|time_stop|time_stop|time_stop|time_stop,49.3,56.79
e4670317-a5d8-4595-9420-3f712405f0eb,e7·m1,prematch,Chinese Super League,Pre-match Value,aggressive,Liaoning Tieren FC — Qingdao Xihaian FC,0:1,Under 2.5,0,,0,0,0.145,0.48,0.476,0.335,,33.5,34.2,61.8,65.8,0.33,71,71,0,0.55,0.45,400.6995,28.65,1,settled_won,early,won,35.5,64.15,28.65,6,take_price|take_price|take_price|take_price|take_price|take_price,56.7,170.55
c061f5ac-2f5c-4084-8dc3-0c9d82085a33,e7·m1,prematch,Chinese Super League,Pre-match Value,aggressive,Liaoning Tieren FC — Qingdao Xihaian FC,0:1,Under 3.5,0,,0,0,0.115,0.67,0.67,0.555,,55.5,56.2,98.1,43.8,0.33,9,9,0,0.55,0.72,999.4459,2.24,1,settled_won,early,won,3.01,5.25,2.24,10,take_price|take_price|take_price|take_price|take_price|take_price|take_price|take_price|take_price|take_price,91.4,69.51
3b41cf05-85a8-4627-bef8-b2af2249b847,e7·m1,prematch,Chinese Super League,Pre-match Value,conservative,Liaoning Tieren FC — Qingdao Xihaian FC,0:1,Under 2.5,0,,0,0,0.145,0.48,0.476,0.335,,33.5,34.2,47.9,65.8,0.12,26,26,0,0.55,0.45,400.6995,10.42,1,settled_won,early,won,26,36.42,10.42,6,take_price|take_price|take_price|take_price|take_price|take_price,56.7,170.55
ad807876-be09-49ec-8ece-f962fa8d5b56,e7·m1,prematch,Chinese Super League,Pre-match Value,conservative,Liaoning Tieren FC — Qingdao Xihaian FC,0:1,Under 3.5,0,,0,0,0.115,0.67,0.67,0.555,,55.5,56.2,77.9,43.8,0.12,4,4,0,0.55,0.72,999.4459,1.54,1,settled_won,early,won,4,5.54,1.54,10,take_price|take_price|take_price|take_price|take_price|take_price|take_price|take_price|take_price|take_price,91.4,69.51
3d2fcd6d-ff7c-416b-a70b-b71195024838,e7·m1,prematch,Chinese Super League,Pre-match Value,max,Liaoning Tieren FC — Qingdao Xihaian FC,0:1,Under 2.5,0,,0,0,0.145,0.48,0.476,0.335,,33.5,34.2,68.8,65.8,0.5,109,109,0,0.55,0.45,400.6995,55.14,1,settled_won,early,won,54.5,109.64,55.14,6,take_price|take_price|take_price|take_price|take_price|take_price,56.7,170.55
e24df862-e8a3-4836-a903-2bf5292c5bd1,e7·m1,prematch,Chinese Super League,Pre-match Value,max,Liaoning Tieren FC — Qingdao Xihaian FC,0:1,Under 3.5,0,,0,0,0.115,0.67,0.67,0.555,,55.5,56.2,98.1,43.8,0.5,91,91,0,0.55,0.72,999.4459,22.72,1,settled_won,early,won,30.48,53.2,22.72,10,take_price|take_price|take_price|take_price|take_price|take_price|take_price|take_price|take_price|take_price,91.4,69.51
690a38d1-33e3-4e95-b2aa-1b9ff99b7997,e7·m1,prematch,Chinese Super League,Pre-match Value,medium,Liaoning Tieren FC — Qingdao Xihaian FC,0:1,Under 2.5,0,,0,0,0.145,0.48,0.476,0.335,,33.5,34.2,51.8,65.8,0.2,43,43,0,0.55,0.45,400.6995,22.13,1,settled_won,early,won,43,65.13,22.13,6,take_price|take_price|take_price|take_price|take_price|take_price,56.7,170.55
d54e7c5a-5eaa-405c-9513-4f3642c32dec,e7·m1,prematch,Chinese Super League,Pre-match Value,medium,Liaoning Tieren FC — Qingdao Xihaian FC,0:1,Under 3.5,0,,0,0,0.115,0.67,0.67,0.555,,55.5,56.2,85.9,43.8,0.2,7,7,0,0.55,0.72,999.4459,3.7,1,settled_won,early,won,7,10.7,3.7,10,take_price|take_price|take_price|take_price|take_price|take_price|take_price|take_price|take_price|take_price,91.4,69.51
d666ac11-807d-4f4d-8a21-7a23cba468d1,e7·m1,prematch,Chinese Super League,Pre-match Value,aggressive,Shanghai Haigang FC — Shanghai Shenhua FC,2:0,Under 2.5,0,,0,0,0.205,0.5,0.5,0.295,,29.5,30.2,7,69.8,0.33,80,80,0,0.62,0.46,484.7091,-43.02,1,settled_won,early,won,56,12.98,-43.02,6,take_price|take_price|take_price|take_price|discretionary|counter_scenario,32,-50.01
809b9d8e-43ea-4294-9a92-fc1fa01ec25a,e7·m1,prematch,Chinese Super League,Pre-match Value,conservative,Shanghai Haigang FC — Shanghai Shenhua FC,2:0,Under 2.5,0,,0,0,0.205,0.5,0.5,0.295,,29.5,30.2,42.8,69.8,0.12,30,30,0,0.62,0.46,484.7091,12.52,1,settled_won,early,won,30,42.52,12.52,6,take_price|take_price|take_price|take_price|discretionary|counter_scenario,32,-50.01
b8540c2e-1885-4b4f-9bc8-bc22ae315991,e7·m1,prematch,Chinese Super League,Pre-match Value,max,Shanghai Haigang FC — Shanghai Shenhua FC,2:0,Under 2.5,0,,0,0,0.205,0.5,0.5,0.295,,29.5,30.2,7,69.8,0.5,145,145,0,0.62,0.46,484.7091,-77.97,1,settled_won,early,won,101.5,23.53,-77.97,6,take_price|take_price|take_price|take_price|discretionary|counter_scenario,32,-50.01
39ef7fd1-8aab-4665-b3a0-4d58aea76db0,e7·m1,prematch,Chinese Super League,Pre-match Value,max,Shanghai Haigang FC — Shanghai Shenhua FC,2:0,Under 3.5,0,,0,0,0.175,0.68,0.692,0.505,,50.5,51.2,97,48.8,0.5,55,55,0,0.62,0.69,1056.1798,8.24,1,settled_won,early,won,9.21,17.45,8.24,4,take_price|discretionary|thesis_stop|thesis_stop,63.4,11.5
d50915ca-9f9a-49e3-9d9a-ac47ebf29c31,e7·m1,prematch,Chinese Super League,Pre-match Value,medium,Shanghai Haigang FC — Shanghai Shenhua FC,2:0,Under 2.5,0,,0,0,0.205,0.5,0.5,0.295,,29.5,30.2,45.8,69.8,0.2,50,50,0,0.62,0.46,484.7091,25.83,1,settled_won,early,won,50,75.83,25.83,6,take_price|take_price|take_price|take_price|discretionary|counter_scenario,32,-50.01
79e8d2cf-378c-41b7-8907-ee08f044493f,,prematch,Chinese Super League,Pre-match Value,aggressive,Shanghai Haigang FC — Shanghai Shenhua FC,2:0,Under 2.5,0,,,,0.198,0.5,,0.3,,29.5,30.2,44.8,69.8,,,24,,,,,11.6,1,settled_won,partial,won,24,35.6,11.6,6,take_price|take_price|take_price|take_price|discretionary|counter_scenario,32,-50.01
7805e9ff-a12e-48b8-91c0-bf5707b64386,,prematch,Chinese Super League,Pre-match Value,max,Shanghai Haigang FC — Shanghai Shenhua FC,2:0,Under 3.5,0,,,,0.168,0.68,,0.51,,50.5,51.2,68,48.8,,,27.5,,,,,9.02,1,settled_won,partial,won,27.5,36.52,9.02,4,take_price|discretionary|thesis_stop|thesis_stop,63.4,11.5
6870a9be-5a3f-4a54-8936-66933ff1d857,,prematch,Chinese Super League,Pre-match Value,max,Shanghai Haigang FC — Shanghai Shenhua FC,2:0,Under 2.5,0,,,,0.198,0.5,,0.3,,29.5,30.2,44.8,69.8,,,43.5,,,,,21.03,1,settled_won,partial,won,43.5,64.53,21.03,6,take_price|take_price|take_price|take_price|discretionary|counter_scenario,32,-50.01
0ab37987-809e-4c48-babf-b45051028ef5,,prematch,Chinese Super League,Pre-match Value,aggressive,Liaoning Tieren FC — Qingdao Xihaian FC,0:1,Under 2.5,0,,,,0.138,0.48,,0.34,,33.5,34.2,54.8,65.8,,,35.5,,,,,21.38,1,settled_won,partial,won,35.5,56.88,21.38,6,take_price|take_price|take_price|take_price|take_price|take_price,56.7,170.55
ed7629a0-0143-4ac8-9b18-c40a5f23e7fe,,prematch,Chinese Super League,Pre-match Value,max,Liaoning Tieren FC — Qingdao Xihaian FC,0:1,Under 2.5,0,,,,0.138,0.48,,0.34,,33.5,34.2,54.8,65.8,,,54.5,,,,,32.83,1,settled_won,partial,won,54.5,87.33,32.83,6,take_price|take_price|take_price|take_price|take_price|take_price,56.7,170.55
26ac65f6-57c3-4ec9-9587-a70b53e4ba0b,,prematch,Chinese Super League,Pre-match Value,max,Shanghai Haigang FC — Shanghai Shenhua FC,2:0,Under 3.5,0,,,,0.168,0.68,,0.51,,50.5,51.2,25.9,48.8,,,13.75,,,,,-6.79,1,settled_won,partial,won,13.75,6.96,-6.79,4,take_price|discretionary|thesis_stop|thesis_stop,63.4,11.5
954ad77c-da4a-446a-a3a6-d33f4b3e55c3,,prematch,Chinese Super League,Pre-match Value,aggressive,Liaoning Tieren FC — Qingdao Xihaian FC,0:1,Under 3.5,0,,,,0.108,0.67,,0.56,,55.5,56.2,87.9,43.8,,,2.97,,,,,1.68,1,settled_won,partial,won,2.97,4.65,1.68,10,take_price|take_price|take_price|take_price|take_price|take_price|take_price|take_price|take_price|take_price,91.4,69.51
409a11c1-0706-4d88-b264-d28c56665ea7,,prematch,Chinese Super League,Pre-match Value,max,Liaoning Tieren FC — Qingdao Xihaian FC,0:1,Under 3.5,0,,,,0.108,0.67,,0.56,,55.5,56.2,87.9,43.8,,,30.03,,,,,16.94,1,settled_won,partial,won,30.03,46.97,16.94,10,take_price|take_price|take_price|take_price|take_price|take_price|take_price|take_price|take_price|take_price,91.4,69.51
6d354bbe-84c3-4f49-a45a-b3aabb8ed2d6,,prematch,Chinese Super League,Pre-match Value,aggressive,Liaoning Tieren FC — Qingdao Xihaian FC,0:1,Under 3.5,0,,,,0.108,0.67,,0.56,,55.5,56.2,90.9,43.8,,,3.02,,,,,1.86,1,settled_won,partial,won,3.02,4.88,1.86,10,take_price|take_price|take_price|take_price|take_price|take_price|take_price|take_price|take_price|take_price,91.4,69.51
86530b63-78e6-4576-92f2-7b70701a04ce,,prematch,Chinese Super League,Pre-match Value,max,Liaoning Tieren FC — Qingdao Xihaian FC,0:1,Under 3.5,0,,,,0.108,0.67,,0.56,,55.5,56.2,90.9,43.8,,,30.49,,,,,18.83,1,settled_won,partial,won,30.49,49.32,18.83,10,take_price|take_price|take_price|take_price|take_price|take_price|take_price|take_price|take_price|take_price,91.4,69.51
1148b11c-4bcc-4bb0-aeb5-f088d0ff0044,,prematch,Chinese Super League,Pre-match Value,max,Shanghai Haigang FC — Shanghai Shenhua FC,2:0,Under 3.5,0,,,,0.168,0.68,,0.51,,50.5,51.2,62.8,48.8,,,4.54,,,,,1.03,1,settled_won,partial,won,4.54,5.57,1.03,4,take_price|discretionary|thesis_stop|thesis_stop,63.4,11.5
aba90d74-1164-40a6-b180-8ce4dc6e5401,e8·m1,prematch,Women's Champions League,Pre-match Value,max,FK Spartak Myjava — Mgarr United FC,6:1,Under 3.5,0,,0,0,0.075,0.67,0.67,0.595,,59.5,64.2,49.6,-64.1,0.5,92,92,0,0.3,0.78,1479.8549,-20.92,1,settled_lost,early,lost,92,71.08,-20.92,1,counter_scenario,49.6,-20.92
71c19c07-5ca4-4304-a59d-65edd2b1d397,e8·m1,prematch,Liga 1,Pre-match Value,aggressive,ADC Juan Pablo II College — CS Cienciano,2:0,Under 2.5,0,,0,0,0.105,0.54,0.544,0.435,,43.5,45.2,82.1,54.3,0.33,61,61,1,0.42,0.53,1771.6632,12.45,1,settled_won,early,won,15.25,27.7,12.45,6,time_stop|time_stop|time_stop|time_stop|take_price|take_price,81.7,120.95
9a5df775-6f81-41b6-a4af-0282299f872f,e8·m1,prematch,Liga 1,Pre-match Value,max,ADC Juan Pablo II College — CS Cienciano,2:0,Under 2.5,0,,0,0,0.105,0.54,0.544,0.435,,43.5,45.2,90.9,54.3,0.5,92,92,1,0.42,0.53,1771.6632,23.25,1,settled_won,early,won,23,46.25,23.25,6,time_stop|time_stop|time_stop|time_stop|take_price|take_price,81.7,120.95
fbf021cd-0223-4f14-928a-2b43bdd02a26,e8·m1,prematch,Liga 1,Pre-match Value,aggressive,ADC Juan Pablo II College — CS Cienciano,2:0,Under 3.5,0,,0,0,0.085,0.75,0.758,0.665,,66.5,67.2,89.9,32.3,0.33,25,25,0,0.42,0.7,1978.7142,0.08,1,settled_won,early,won,0.25,0.33,0.08,7,take_price|take_price|time_stop|take_price|time_stop|time_stop|thesis_stop,83.2,9.3
3cac3bb8-16a9-4490-819c-93b2ac894eb8,,prematch,Liga 1,Pre-match Value,aggressive,ADC Juan Pablo II College — CS Cienciano,2:0,Under 2.5,0,,,,0.088,0.54,,0.45,,43.5,45.2,77.9,54.3,,,30.5,,,,,22.07,1,settled_won,partial,won,30.5,52.57,22.07,6,time_stop|time_stop|time_stop|time_stop|take_price|take_price,81.7,120.95
a0efbd79-2775-469f-8716-f12202cdd314,,prematch,Liga 1,Pre-match Value,aggressive,ADC Juan Pablo II College — CS Cienciano,2:0,Under 3.5,0,,,,0.078,0.75,,0.67,,66.5,67.2,93,32.3,,,12.5,,,,,4.8,1,settled_won,partial,won,12.5,17.3,4.8,7,take_price|take_price|time_stop|take_price|time_stop|time_stop|thesis_stop,83.2,9.3
ccb6b65d-4380-476a-a6f2-ec7d5df2b82a,,prematch,Liga 1,Pre-match Value,max,ADC Juan Pablo II College — CS Cienciano,2:0,Under 2.5,0,,,,0.088,0.54,,0.45,,43.5,45.2,77.6,54.3,,,46,,,,,32.97,1,settled_won,partial,won,46,78.97,32.97,6,time_stop|time_stop|time_stop|time_stop|take_price|take_price,81.7,120.95
824882ce-b21e-4bc7-a84a-661acf94271e,,prematch,Liga 1,Pre-match Value,aggressive,ADC Juan Pablo II College — CS Cienciano,2:0,Under 2.5,0,,,,0.088,0.54,,0.45,,43.5,45.2,80.9,54.3,,,15.25,,,,,12.04,1,settled_won,partial,won,15.25,27.29,12.04,6,time_stop|time_stop|time_stop|time_stop|take_price|take_price,81.7,120.95
5b6081f7-8988-4203-a949-4f52525aca99,,prematch,Liga 1,Pre-match Value,aggressive,ADC Juan Pablo II College — CS Cienciano,2:0,Under 3.5,0,,,,0.078,0.75,,0.67,,66.5,67.2,94,32.3,,,6.25,,,,,2.49,1,settled_won,partial,won,6.25,8.74,2.49,7,take_price|take_price|time_stop|take_price|time_stop|time_stop|thesis_stop,83.2,9.3
36728e22-721b-4443-bb89-6f29016bf071,,prematch,Liga 1,Pre-match Value,max,ADC Juan Pablo II College — CS Cienciano,2:0,Under 2.5,0,,,,0.088,0.54,,0.45,,43.5,45.2,80.9,54.3,,,23,,,,,18.17,1,settled_won,partial,won,23,41.17,18.17,6,time_stop|time_stop|time_stop|time_stop|take_price|take_price,81.7,120.95
4203c93f-042a-4837-adf1-48438e4e7eb1,e8·m1,live,NWSL,Overreaction,aggressive,Boston Legacy FC — Kansas City Current,1:0,Draw (Boston Legacy FC vs. Kansas City Current) — No,0,19,1,0,0.06,0.8,0.76,0.75,,74.5,75.1,99.9,24.9,0.33,71,71,0,0.55,,797.4977,11.72,1,settled_won,early,won,35.5,47.22,11.72,4,take_price|take_price|thesis_stop|thesis_stop,90.8,31.12
ccd49796-20a0-4c65-9a2e-44953d8d411d,e8·m1,live,NWSL,Overreaction,max,Boston Legacy FC — Kansas City Current,1:0,Draw (Boston Legacy FC vs. Kansas City Current) — No,0,19,1,0,0.06,0.8,0.76,0.75,,74.5,75.2,99.9,24.8,0.5,107,79,0.1,0.55,,797.4977,12.97,1,settled_won,early,won,39.5,52.47,12.97,4,take_price|take_price|thesis_stop|thesis_stop,90.8,31.12
7a0a95ea-2399-4c6f-aa63-6ba2da4e72d9,,prematch,Liga 1,Pre-match Value,aggressive,ADC Juan Pablo II College — CS Cienciano,2:0,Under 3.5,0,,,,0.078,0.75,,0.67,,66.5,67.2,91.9,32.3,,,3.13,,,,,1.15,1,settled_won,partial,won,3.13,4.28,1.15,7,take_price|take_price|time_stop|take_price|time_stop|time_stop|thesis_stop,83.2,9.3
8ada3574-7345-44cb-bb1f-76dfb7d0117e,,prematch,Liga 1,Pre-match Value,aggressive,ADC Juan Pablo II College — CS Cienciano,2:0,Under 3.5,0,,,,0.078,0.75,,0.67,,66.5,67.2,90.9,32.3,,,2.09,,,,,0.74,1,settled_won,partial,won,2.09,2.83,0.74,7,take_price|take_price|time_stop|take_price|time_stop|time_stop|thesis_stop,83.2,9.3
ef4b3c5d-537b-42ae-a103-e3b729e2464f,,prematch,Liga 1,Pre-match Value,aggressive,ADC Juan Pablo II College — CS Cienciano,2:0,Under 3.5,0,,,,0.078,0.75,,0.67,,66.5,67.2,90.9,32.3,,,0.52,,,,,0.18,1,settled_won,partial,won,0.52,0.7,0.18,7,take_price|take_price|time_stop|take_price|time_stop|time_stop|thesis_stop,83.2,9.3
00071143-4cac-4169-bba8-05096fe85162,,prematch,Liga 1,Pre-match Value,aggressive,ADC Juan Pablo II College — CS Cienciano,2:0,Under 3.5,0,,,,0.078,0.75,,0.67,,66.5,67.2,31.8,32.3,,,0.26,,,,,-0.14,1,settled_won,partial,won,0.26,0.12,-0.14,7,take_price|take_price|time_stop|take_price|time_stop|time_stop|thesis_stop,83.2,9.3
c834960a-7e87-4c9c-b5fa-5a48a06ee4c2,e8·m1,prematch,MLS 2025,Pre-match Value,aggressive,Columbus Crew — FC Cincinnati,2:1,Under 2.5,0,,0,0,0.065,0.42,0.423,0.355,,35.5,36.2,10.9,-36.1,0.33,33,33,0,0.62,0.3,1631.3703,-2.88,1,settled_lost,early,lost,4.12,1.24,-2.88,9,thesis_stop|thesis_stop|thesis_stop|thesis_stop|thesis_stop|thesis_stop|discretionary|discretionary|counter_scenario,18.1,-49.94
66c4cfbd-a08a-4812-a8ac-56c5eb303cdf,e8·m1,prematch,MLS 2025,Pre-match Value,max,Columbus Crew — FC Cincinnati,2:1,Under 2.5,0,,0,0,0.065,0.42,0.423,0.355,,35.5,36.2,12.9,-36.1,0.5,50,50,0,0.62,0.3,1631.3703,-4.02,1,settled_lost,early,lost,6.25,2.23,-4.02,9,thesis_stop|thesis_stop|thesis_stop|thesis_stop|thesis_stop|thesis_stop|discretionary|discretionary|counter_scenario,18.1,-49.94
673e46a9-f5b4-4822-b440-0e8fe06e996b,e8·m1,prematch,MLS 2025,Pre-match Value,medium,Columbus Crew — FC Cincinnati,2:1,Under 2.5,0,,0,0,0.065,0.42,0.423,0.355,,35.5,36.2,10.9,-36.1,0.2,20,20,0,0.62,0.3,1631.3703,-1.75,1,settled_lost,early,lost,2.5,0.75,-1.75,9,thesis_stop|thesis_stop|thesis_stop|thesis_stop|thesis_stop|thesis_stop|discretionary|discretionary|counter_scenario,18.1,-49.94
2cd86d80-9533-4eba-9120-66329de6553d,e8·m1,prematch,Liga MX 2025,Pre-match Value,aggressive,CD Guadalajara — FC Juárez,1:0,Under 3.5,0,,0,0,0.095,0.71,0.714,0.615,,61.5,62.2,98.6,37.8,0.33,80,80,0,0.6,0.71,487.2708,1.18,1,settled_won,early,won,2.01,3.19,1.18,17,take_price|take_price|take_price|take_price|take_price|take_price|take_price|take_price|take_price|take_price|take_price|take_price|take_price|take_price|take_price|thesis_stop|thesis_stop,90.4,100.36
68f6416b-5e4a-44c6-bbba-c8a071133ddc,e8·m1,prematch,Liga MX 2025,Pre-match Value,max,CD Guadalajara — FC Juárez,1:0,Under 3.5,0,,0,0,0.095,0.71,0.714,0.615,,61.5,62.2,98.6,37.8,0.5,123,123,0,0.6,0.71,487.2708,1.81,1,settled_won,early,won,3.09,4.9,1.81,17,take_price|take_price|take_price|take_price|take_price|take_price|take_price|take_price|take_price|take_price|take_price|take_price|take_price|take_price|take_price|thesis_stop|thesis_stop,90.4,100.36
3cb04d60-0c18-4e0d-bfdc-d98d2204f82d,e8·m1,prematch,Liga MX 2025,Pre-match Value,max,CD Guadalajara — FC Juárez,1:0,Under 2.5,0,,0,0,0.085,0.49,0.494,0.405,,40.5,41.2,82.9,58.8,0.5,71,71,0,0.6,0.49,1532.0307,1.79,1,settled_won,early,won,1.77,3.56,1.79,8,take_price|take_price|take_price|take_price|take_price|take_price|time_stop|take_price,70.4,43.13
d6f73938-bcb0-47d1-87c7-b9007fc51105,e8·m1,prematch,Liga MX 2025,Pre-match Value,medium,CD Guadalajara — FC Juárez,1:0,Under 3.5,0,,0,0,0.095,0.71,0.714,0.615,,61.5,62.2,94,37.8,0.2,49,49,0,0.6,0.71,487.2708,1.26,1,settled_won,early,won,2.46,3.72,1.26,17,take_price|take_price|take_price|take_price|take_price|take_price|take_price|take_price|take_price|take_price|take_price|take_price|take_price|take_price|take_price|thesis_stop|thesis_stop,90.4,100.36
431a0857-e667-4255-9b57-906f5218a75c,e8·m1,prematch,Liga MX 2025,Pre-match Value,medium,CD Guadalajara — FC Juárez,1:0,Under 2.5,0,,0,0,0.085,0.49,0.494,0.405,,40.5,41.2,62.8,58.8,0.2,1,1,0,0.6,0.49,1532.0307,0.26,1,settled_won,early,won,0.5,0.76,0.26,8,take_price|take_price|take_price|take_price|take_price|take_price|time_stop|take_price,70.4,43.13
d7500396-1600-41e1-b0f7-06291ff008cd,,live,NWSL,Overreaction,aggressive,Boston Legacy FC — Kansas City Current,1:0,Draw (Boston Legacy FC vs. Kansas City Current) — No,0,,,,0.049,0.8,,0.75,,74.5,75.1,81.6,24.9,,,35.5,,,,,3.07,1,settled_won,partial,won,35.5,38.57,3.07,4,take_price|take_price|thesis_stop|thesis_stop,90.8,31.12
698d08e0-6547-4e8a-ba87-e570949ebf2b,,live,NWSL,Overreaction,max,Boston Legacy FC — Kansas City Current,1:0,Draw (Boston Legacy FC vs. Kansas City Current) — No,0,,,,0.048,0.8,,0.75,,74.5,75.2,81.6,24.8,,,39.5,,,,,3.36,1,settled_won,partial,won,39.5,42.86,3.36,4,take_price|take_price|thesis_stop|thesis_stop,90.8,31.12
db9e2635-a36f-4ef5-bb2f-f121b6f4a1b6,e8·m1,live,MLS 2025,Pre-match Value,aggressive,Philadelphia Union — Seattle Sounders FC,1:0,Under 2.5,0,0,0,0,0.055,0.45,0.446,0.395,,39.5,42.2,65.8,57.8,0.33,30,30,0,0.58,0.44,1831.7831,1.68,1,settled_won,early,won,3.01,4.69,1.68,15,take_price|take_price|take_price|time_stop|time_stop|time_stop|take_price|take_price|take_price|take_price|take_price|take_price|take_price|time_stop|time_stop,56.2,26.97
7256df8f-d13e-471c-9360-c244498fc181,e8·m1,live,MLS 2025,Pre-match Value,aggressive,Philadelphia Union — Seattle Sounders FC,1:0,Under 3.5,0,0,0,0,0.045,0.67,0.67,0.625,,62.5,64.2,95,35.8,0.33,39,39,0,0.58,0.75,612.4203,18.71,1,settled_won,early,won,39,57.71,18.71,2,take_price|take_price,95,47.5
e4308a4b-dee1-4098-b5ea-360a9a2fa812,e8·m1,live,MLS 2025,Pre-match Value,max,Philadelphia Union — Seattle Sounders FC,1:0,Under 2.5,0,0,0,0,0.055,0.45,0.446,0.395,,39.5,42.2,65.8,57.8,0.5,45,45,0,0.58,0.44,1831.7831,2.53,1,settled_won,early,won,4.52,7.05,2.53,15,take_price|take_price|take_price|time_stop|time_stop|time_stop|take_price|take_price|take_price|take_price|take_price|take_price|take_price|time_stop|time_stop,56.2,26.97
ff3dc964-9578-42dd-91cb-5b82675e5b38,e8·m1,live,MLS 2025,Pre-match Value,max,Philadelphia Union — Seattle Sounders FC,1:0,Under 3.5,0,0,0,0,0.045,0.67,0.67,0.625,,62.5,64.2,95,35.8,0.5,60,60,0,0.58,0.75,612.4203,28.79,1,settled_won,early,won,60,88.79,28.79,2,take_price|take_price,95,47.5
40106c90-8853-4d6e-8a46-e42d34081146,e8·m1,live,MLS 2025,Pre-match Value,medium,Philadelphia Union — Seattle Sounders FC,1:0,Under 2.5,0,0,0,0,0.055,0.45,0.446,0.395,,39.5,42.2,63.8,57.8,0.2,18,18,0,0.58,0.44,1831.7831,0.93,1,settled_won,early,won,1.81,2.74,0.93,15,take_price|take_price|take_price|time_stop|time_stop|time_stop|take_price|take_price|take_price|take_price|take_price|take_price|take_price|time_stop|time_stop,56.2,26.97
bf1c05c6-b467-48bd-9504-031ba2606acd,,prematch,Liga MX 2025,Pre-match Value,max,CD Guadalajara — FC Juárez,1:0,Under 2.5,0,,,,0.078,0.49,,0.41,,40.5,41.2,58.8,58.8,,,35.5,,,,,15.17,1,settled_won,partial,won,35.5,50.67,15.17,8,take_price|take_price|take_price|take_price|take_price|take_price|time_stop|take_price,70.4,43.13
f752768f-7a16-493d-b4a4-c50e7aab2e44,,prematch,Liga MX 2025,Pre-match Value,medium,CD Guadalajara — FC Juárez,1:0,Under 2.5,0,,,,0.078,0.49,,0.41,,40.5,41.2,58.8,58.8,,,0.5,,,,,0.21,1,settled_won,partial,won,0.5,0.71,0.21,8,take_price|take_price|take_price|take_price|take_price|take_price|time_stop|take_price,70.4,43.13
8e54fe59-9abe-45a2-b88f-1c266017ae6d,,prematch,MLS 2025,Pre-match Value,aggressive,Columbus Crew — FC Cincinnati,2:1,Under 2.5,0,,,,0.058,0.42,,0.36,,35.5,36.2,18.9,-36.1,,,24.75,,,,,-11.83,1,settled_lost,partial,lost,24.75,12.92,-11.83,9,thesis_stop|thesis_stop|thesis_stop|thesis_stop|thesis_stop|thesis_stop|discretionary|discretionary|counter_scenario,18.1,-49.94
c7709597-e0b9-4e6a-89f9-19d4c2b3a5cd,,prematch,MLS 2025,Pre-match Value,max,Columbus Crew — FC Cincinnati,2:1,Under 2.5,0,,,,0.058,0.42,,0.36,,35.5,36.2,18.9,-36.1,,,37.5,,,,,-17.92,1,settled_lost,partial,lost,37.5,19.58,-17.92,9,thesis_stop|thesis_stop|thesis_stop|thesis_stop|thesis_stop|thesis_stop|discretionary|discretionary|counter_scenario,18.1,-49.94
1819e24d-3f47-440f-bb02-ee032d97d308,,prematch,MLS 2025,Pre-match Value,medium,Columbus Crew — FC Cincinnati,2:1,Under 2.5,0,,,,0.058,0.42,,0.36,,35.5,36.2,18.9,-36.1,,,15,,,,,-7.17,1,settled_lost,partial,lost,15,7.83,-7.17,9,thesis_stop|thesis_stop|thesis_stop|thesis_stop|thesis_stop|thesis_stop|discretionary|discretionary|counter_scenario,18.1,-49.94
c2816a3e-d2c1-4aff-80b8-91e5cdc747d3,,prematch,Liga MX 2025,Pre-match Value,aggressive,CD Guadalajara — FC Juárez,1:0,Under 3.5,0,,,,0.088,0.71,,0.62,,61.5,62.2,83.9,37.8,,,40,,,,,13.95,1,settled_won,partial,won,40,53.95,13.95,17,take_price|take_price|take_price|take_price|take_price|take_price|take_price|take_price|take_price|take_price|take_price|take_price|take_price|take_price|take_price|thesis_stop|thesis_stop,90.4,100.36
0948fd5f-f96a-405e-81b2-60f1c393041e,,prematch,Liga MX 2025,Pre-match Value,max,CD Guadalajara — FC Juárez,1:0,Under 3.5,0,,,,0.088,0.71,,0.62,,61.5,62.2,83.9,37.8,,,61.5,,,,,21.46,1,settled_won,partial,won,61.5,82.96,21.46,17,take_price|take_price|take_price|take_price|take_price|take_price|take_price|take_price|take_price|take_price|take_price|take_price|take_price|take_price|take_price|thesis_stop|thesis_stop,90.4,100.36
1f9682a8-49a7-4748-bcc0-304a8632bac3,,prematch,Liga MX 2025,Pre-match Value,medium,CD Guadalajara — FC Juárez,1:0,Under 3.5,0,,,,0.088,0.71,,0.62,,61.5,62.2,83.9,37.8,,,24.5,,,,,8.55,1,settled_won,partial,won,24.5,33.05,8.55,17,take_price|take_price|take_price|take_price|take_price|take_price|take_price|take_price|take_price|take_price|take_price|take_price|take_price|take_price|take_price|thesis_stop|thesis_stop,90.4,100.36
3a111ae8-688a-470a-9cf8-a5bfdbe1954a,,prematch,MLS 2025,Pre-match Value,aggressive,Columbus Crew — FC Cincinnati,2:1,Under 2.5,0,,,,0.058,0.42,,0.36,,35.5,36.2,23.9,-36.1,,,4.13,,,,,-1.4,1,settled_lost,partial,lost,4.13,2.73,-1.4,9,thesis_stop|thesis_stop|thesis_stop|thesis_stop|thesis_stop|thesis_stop|discretionary|discretionary|counter_scenario,18.1,-49.94
47f64c66-9cf6-447d-8fa8-b76f8c9330c3,,prematch,MLS 2025,Pre-match Value,max,Columbus Crew — FC Cincinnati,2:1,Under 2.5,0,,,,0.058,0.42,,0.36,,35.5,36.2,23.9,-36.1,,,6.25,,,,,-2.12,1,settled_lost,partial,lost,6.25,4.13,-2.12,9,thesis_stop|thesis_stop|thesis_stop|thesis_stop|thesis_stop|thesis_stop|discretionary|discretionary|counter_scenario,18.1,-49.94
d410a342-ae88-454e-a627-58cad1191dc3,,prematch,MLS 2025,Pre-match Value,medium,Columbus Crew — FC Cincinnati,2:1,Under 2.5,0,,,,0.058,0.42,,0.36,,35.5,36.2,23.9,-36.1,,,2.5,,,,,-0.85,1,settled_lost,partial,lost,2.5,1.65,-0.85,9,thesis_stop|thesis_stop|thesis_stop|thesis_stop|thesis_stop|thesis_stop|discretionary|discretionary|counter_scenario,18.1,-49.94
51cf4141-521c-4f7a-a4d2-59211b984ad1,,prematch,Liga MX 2025,Pre-match Value,aggressive,CD Guadalajara — FC Juárez,1:0,Under 3.5,0,,,,0.088,0.71,,0.62,,61.5,62.2,88.9,37.8,,,16,,,,,6.87,1,settled_won,partial,won,16,22.87,6.87,17,take_price|take_price|take_price|take_price|take_price|take_price|take_price|take_price|take_price|take_price|take_price|take_price|take_price|take_price|take_price|thesis_stop|thesis_stop,90.4,100.36
ec085109-6007-4521-96b3-3116526361fe,,prematch,Liga MX 2025,Pre-match Value,max,CD Guadalajara — FC Juárez,1:0,Under 3.5,0,,,,0.088,0.71,,0.62,,61.5,62.2,88.9,37.8,,,24.6,,,,,10.56,1,settled_won,partial,won,24.6,35.16,10.56,17,take_price|take_price|take_price|take_price|take_price|take_price|take_price|take_price|take_price|take_price|take_price|take_price|take_price|take_price|take_price|thesis_stop|thesis_stop,90.4,100.36
310337ad-be14-4244-8298-bb172c6a1fa3,,prematch,Liga MX 2025,Pre-match Value,max,CD Guadalajara — FC Juárez,1:0,Under 2.5,0,,,,0.078,0.49,,0.41,,40.5,41.2,71.9,58.8,,,21.3,,,,,15.87,1,settled_won,partial,won,21.3,37.17,15.87,8,take_price|take_price|take_price|take_price|take_price|take_price|time_stop|take_price,70.4,43.13
a595abea-664a-4b4e-9f63-6d9f1969f203,,prematch,Liga MX 2025,Pre-match Value,medium,CD Guadalajara — FC Juárez,1:0,Under 3.5,0,,,,0.088,0.71,,0.62,,61.5,62.2,88.9,37.8,,,9.8,,,,,4.21,1,settled_won,partial,won,9.8,14.01,4.21,17,take_price|take_price|take_price|take_price|take_price|take_price|take_price|take_price|take_price|take_price|take_price|take_price|take_price|take_price|take_price|thesis_stop|thesis_stop,90.4,100.36
b672afdf-7a16-46cf-a35e-750ab2846d06,,prematch,Liga MX 2025,Pre-match Value,aggressive,CD Guadalajara — FC Juárez,1:0,Under 3.5,0,,,,0.088,0.71,,0.62,,61.5,62.2,87.9,37.8,,,7.92,,,,,3.27,1,settled_won,partial,won,7.92,11.19,3.27,17,take_price|take_price|take_price|take_price|take_price|take_price|take_price|take_price|take_price|take_price|take_price|take_price|take_price|take_price|take_price|thesis_stop|thesis_stop,90.4,100.36
f667072f-e2c5-4cd5-93b4-37d25a5c1aef,,prematch,Liga MX 2025,Pre-match Value,max,CD Guadalajara — FC Juárez,1:0,Under 3.5,0,,,,0.088,0.71,,0.62,,61.5,62.2,87.9,37.8,,,12.18,,,,,5.03,1,settled_won,partial,won,12.18,17.21,5.03,17,take_price|take_price|take_price|take_price|take_price|take_price|take_price|take_price|take_price|take_price|take_price|take_price|take_price|take_price|take_price|thesis_stop|thesis_stop,90.4,100.36
28fd9e18-2ec8-4c7f-86f3-fdd83103da88,,prematch,Liga MX 2025,Pre-match Value,max,CD Guadalajara — FC Juárez,1:0,Under 2.5,0,,,,0.078,0.49,,0.41,,40.5,41.2,70.9,58.8,,,7.1,,,,,5.12,1,settled_won,partial,won,7.1,12.22,5.12,8,take_price|take_price|take_price|take_price|take_price|take_price|time_stop|take_price,70.4,43.13
517df5af-3470-4d6c-9f67-b2eb49976564,,prematch,Liga MX 2025,Pre-match Value,medium,CD Guadalajara — FC Juárez,1:0,Under 3.5,0,,,,0.088,0.71,,0.62,,61.5,62.2,87.9,37.8,,,4.85,,,,,2,1,settled_won,partial,won,4.85,6.85,2,17,take_price|take_price|take_price|take_price|take_price|take_price|take_price|take_price|take_price|take_price|take_price|take_price|take_price|take_price|take_price|thesis_stop|thesis_stop,90.4,100.36
f7d57983-c820-4dd1-90d7-d32584b802bc,,live,MLS 2025,Pre-match Value,aggressive,Philadelphia Union — Seattle Sounders FC,1:0,Under 2.5,0,,,,0.028,0.45,,0.42,,39.5,42.2,54.2,57.8,,,12,,,,,3.41,1,settled_won,partial,won,12,15.41,3.41,15,take_price|take_price|take_price|time_stop|time_stop|time_stop|take_price|take_price|take_price|take_price|take_price|take_price|take_price|time_stop|time_stop,56.2,26.97
c7550fd0-3f14-40d0-9e34-9678970ead6a,,live,MLS 2025,Pre-match Value,max,Philadelphia Union — Seattle Sounders FC,1:0,Under 2.5,0,,,,0.028,0.45,,0.42,,39.5,42.2,54.1,57.8,,,18,,,,,5.08,1,settled_won,partial,won,18,23.08,5.08,15,take_price|take_price|take_price|time_stop|time_stop|time_stop|take_price|take_price|take_price|take_price|take_price|take_price|take_price|time_stop|time_stop,56.2,26.97
66778f5c-696d-4e34-97ae-e9ba0c85c05a,,live,MLS 2025,Pre-match Value,medium,Philadelphia Union — Seattle Sounders FC,1:0,Under 2.5,0,,,,0.028,0.45,,0.42,,39.5,42.2,54.5,57.8,,,7.2,,,,,2.1,1,settled_won,partial,won,7.2,9.3,2.1,15,take_price|take_price|take_price|time_stop|time_stop|time_stop|take_price|take_price|take_price|take_price|take_price|take_price|take_price|time_stop|time_stop,56.2,26.97
adf23aaf-020f-4903-a8ec-bfc1dee78038,,prematch,Liga MX 2025,Pre-match Value,aggressive,CD Guadalajara — FC Juárez,1:0,Under 3.5,0,,,,0.088,0.71,,0.62,,61.5,62.2,90.9,37.8,,,12.06,,,,,5.56,1,settled_won,partial,won,12.06,17.62,5.56,17,take_price|take_price|take_price|take_price|take_price|take_price|take_price|take_price|take_price|take_price|take_price|take_price|take_price|take_price|take_price|thesis_stop|thesis_stop,90.4,100.36
12a40cbb-21c8-4ba9-a68d-f3fcea0632f5,,prematch,Liga MX 2025,Pre-match Value,max,CD Guadalajara — FC Juárez,1:0,Under 3.5,0,,,,0.088,0.71,,0.62,,61.5,62.2,90.9,37.8,,,18.54,,,,,8.55,1,settled_won,partial,won,18.54,27.09,8.55,17,take_price|take_price|take_price|take_price|take_price|take_price|take_price|take_price|take_price|take_price|take_price|take_price|take_price|take_price|take_price|thesis_stop|thesis_stop,90.4,100.36
45c0329b-cd22-4a53-b71a-f64cbc3ab1cc,,prematch,Liga MX 2025,Pre-match Value,max,CD Guadalajara — FC Juárez,1:0,Under 2.5,0,,,,0.078,0.49,,0.41,,40.5,41.2,75.9,58.8,,,3.55,,,,,2.99,1,settled_won,partial,won,3.55,6.54,2.99,8,take_price|take_price|take_price|take_price|take_price|take_price|time_stop|take_price,70.4,43.13
48faf5d6-df13-4ce8-8e2c-d9d2dc7a2031,,prematch,Liga MX 2025,Pre-match Value,medium,CD Guadalajara — FC Juárez,1:0,Under 3.5,0,,,,0.088,0.71,,0.62,,61.5,62.2,90.9,37.8,,,7.39,,,,,3.41,1,settled_won,partial,won,7.39,10.8,3.41,17,take_price|take_price|take_price|take_price|take_price|take_price|take_price|take_price|take_price|take_price|take_price|take_price|take_price|take_price|take_price|thesis_stop|thesis_stop,90.4,100.36
04ea5c9c-02f4-49d1-881c-b36edf1bad33,,prematch,Liga MX 2025,Pre-match Value,max,CD Guadalajara — FC Juárez,1:0,Under 2.5,0,,,,0.078,0.49,,0.41,,40.5,41.2,80.9,58.8,,,1.78,,,,,1.72,1,settled_won,partial,won,1.78,3.5,1.72,8,take_price|take_price|take_price|take_price|take_price|take_price|time_stop|take_price,70.4,43.13
53cf6f68-1dfc-49c3-ab9f-36917ee18217,,prematch,Liga MX 2025,Pre-match Value,aggressive,CD Guadalajara — FC Juárez,1:0,Under 3.5,0,,,,0.088,0.71,,0.62,,61.5,62.2,95,37.8,,,2.01,,,,,1.06,1,settled_won,partial,won,2.01,3.07,1.06,17,take_price|take_price|take_price|take_price|take_price|take_price|take_price|take_price|take_price|take_price|take_price|take_price|take_price|take_price|take_price|thesis_stop|thesis_stop,90.4,100.36
09c357eb-4b07-4384-b47a-a922a8470ed8,,prematch,Liga MX 2025,Pre-match Value,max,CD Guadalajara — FC Juárez,1:0,Under 3.5,0,,,,0.088,0.71,,0.62,,61.5,62.2,95,37.8,,,3.09,,,,,1.63,1,settled_won,partial,won,3.09,4.72,1.63,17,take_price|take_price|take_price|take_price|take_price|take_price|take_price|take_price|take_price|take_price|take_price|take_price|take_price|take_price|take_price|thesis_stop|thesis_stop,90.4,100.36
ad1ca688-a969-4c46-96c6-9ce7cb0f6c78,,live,MLS 2025,Pre-match Value,aggressive,Philadelphia Union — Seattle Sounders FC,1:0,Under 2.5,0,,,,0.028,0.45,,0.42,,39.5,42.2,49.8,57.8,,,5.94,,,,,1.07,1,settled_won,partial,won,5.94,7.01,1.07,15,take_price|take_price|take_price|time_stop|time_stop|time_stop|take_price|take_price|take_price|take_price|take_price|take_price|take_price|time_stop|time_stop,56.2,26.97
b75c1b14-ef10-437f-b171-61e4e7f7d22f,,live,MLS 2025,Pre-match Value,max,Philadelphia Union — Seattle Sounders FC,1:0,Under 2.5,0,,,,0.028,0.45,,0.42,,39.5,42.2,49.8,57.8,,,8.91,,,,,1.6,1,settled_won,partial,won,8.91,10.51,1.6,15,take_price|take_price|take_price|time_stop|time_stop|time_stop|take_price|take_price|take_price|take_price|take_price|take_price|take_price|time_stop|time_stop,56.2,26.97
1b2229aa-e3bc-4b1a-8cc2-d9bd4b448d12,,live,MLS 2025,Pre-match Value,medium,Philadelphia Union — Seattle Sounders FC,1:0,Under 2.5,0,,,,0.028,0.45,,0.42,,39.5,42.2,49.8,57.8,,,3.56,,,,,0.64,1,settled_won,partial,won,3.56,4.2,0.64,15,take_price|take_price|take_price|time_stop|time_stop|time_stop|take_price|take_price|take_price|take_price|take_price|take_price|take_price|time_stop|time_stop,56.2,26.97
76a8ea3c-5ae3-4594-a9f4-313487267b6c,,live,MLS 2025,Pre-match Value,aggressive,Philadelphia Union — Seattle Sounders FC,1:0,Under 2.5,0,,,,0.028,0.45,,0.42,,39.5,42.2,50.8,57.8,,,6.03,,,,,1.23,1,settled_won,partial,won,6.03,7.26,1.23,15,take_price|take_price|take_price|time_stop|time_stop|time_stop|take_price|take_price|take_price|take_price|take_price|take_price|take_price|time_stop|time_stop,56.2,26.97
8654ceb8-99de-44ad-9afa-67c076220c96,,live,MLS 2025,Pre-match Value,max,Philadelphia Union — Seattle Sounders FC,1:0,Under 2.5,0,,,,0.028,0.45,,0.42,,39.5,42.2,50.8,57.8,,,9.05,,,,,1.84,1,settled_won,partial,won,9.05,10.89,1.84,15,take_price|take_price|take_price|time_stop|time_stop|time_stop|take_price|take_price|take_price|take_price|take_price|take_price|take_price|time_stop|time_stop,56.2,26.97
2a94bb3a-dba8-419e-81b9-43f944130853,,live,MLS 2025,Pre-match Value,medium,Philadelphia Union — Seattle Sounders FC,1:0,Under 2.5,0,,,,0.028,0.45,,0.42,,39.5,42.2,50.8,57.8,,,3.62,,,,,0.74,1,settled_won,partial,won,3.62,4.36,0.74,15,take_price|take_price|take_price|time_stop|time_stop|time_stop|take_price|take_price|take_price|take_price|take_price|take_price|take_price|time_stop|time_stop,56.2,26.97
597ebe53-2bb7-408e-a73c-60ce5d09ca44,,live,MLS 2025,Pre-match Value,aggressive,Philadelphia Union — Seattle Sounders FC,1:0,Under 2.5,0,,,,0.028,0.45,,0.42,,39.5,42.2,60.8,57.8,,,3.02,,,,,1.33,1,settled_won,partial,won,3.02,4.35,1.33,15,take_price|take_price|take_price|time_stop|time_stop|time_stop|take_price|take_price|take_price|take_price|take_price|take_price|take_price|time_stop|time_stop,56.2,26.97
8cb88204-d39c-488a-8b91-387d2f3a8260,,live,MLS 2025,Pre-match Value,max,Philadelphia Union — Seattle Sounders FC,1:0,Under 2.5,0,,,,0.028,0.45,,0.42,,39.5,42.2,60.8,57.8,,,4.52,,,,,1.99,1,settled_won,partial,won,4.52,6.51,1.99,15,take_price|take_price|take_price|time_stop|time_stop|time_stop|take_price|take_price|take_price|take_price|take_price|take_price|take_price|time_stop|time_stop,56.2,26.97
6ea145ce-7c0a-45d4-99d3-18506f431fca,,live,MLS 2025,Pre-match Value,medium,Philadelphia Union — Seattle Sounders FC,1:0,Under 2.5,0,,,,0.028,0.45,,0.42,,39.5,42.2,60.8,57.8,,,1.81,,,,,0.8,1,settled_won,partial,won,1.81,2.61,0.8,15,take_price|take_price|take_price|time_stop|time_stop|time_stop|take_price|take_price|take_price|take_price|take_price|take_price|take_price|time_stop|time_stop,56.2,26.97
952c0dfb-8ede-4dac-addc-b01281d0b43e,e8·m1,live,MLS 2025,Overreaction,aggressive,St. Louis City SC — Colorado Rapids SC,1:0,Over 1.5,1,45,0,0,0.14,0.66,0.79,0.53,,52.5,53.2,8.9,-52.7,0.33,80,80,0,0.55,,987.8844,-66.62,1,settled_lost,early,lost,80,13.38,-66.62,4,thesis_stop|thesis_stop|thesis_stop|thesis_stop,8.9,-251.48
f1fbfdc8-0f6c-456e-99c2-4567af22496f,e8·m1,live,MLS 2025,Overreaction,conservative,St. Louis City SC — Colorado Rapids SC,1:0,Over 1.5,1,45,0,0,0.14,0.66,0.79,0.53,,52.5,53.2,8.9,-52.7,0.12,30,30,0,0.55,,987.8844,-24.98,1,settled_lost,early,lost,30,5.02,-24.98,4,thesis_stop|thesis_stop|thesis_stop|thesis_stop,8.9,-251.48
65f38bca-9a45-44a0-bdcb-4146a6d40a3c,e8·m1,live,MLS 2025,Overreaction,max,St. Louis City SC — Colorado Rapids SC,1:0,Over 1.5,1,45,0,0,0.14,0.66,0.79,0.53,,52.5,53.2,8.9,-52.7,0.5,142,142,0,0.55,,987.8844,-118.24,1,settled_lost,early,lost,142,23.76,-118.24,4,thesis_stop|thesis_stop|thesis_stop|thesis_stop,8.9,-251.48
81c8228e-27ad-4d42-9f41-468b67bf8b0c,e8·m1,live,MLS 2025,Overreaction,medium,St. Louis City SC — Colorado Rapids SC,1:0,Over 1.5,1,45,0,0,0.14,0.66,0.79,0.53,,52.5,53.2,8.9,-52.7,0.2,50,50,0,0.55,,987.8844,-41.64,1,settled_lost,early,lost,50,8.36,-41.64,4,thesis_stop|thesis_stop|thesis_stop|thesis_stop,8.9,-251.48
20ca2892-3f90-477a-8504-f0d9a1a14334,e9·m1,prematch,Superettan,Pre-match Value,aggressive,GIF Sundsvall — Falkenbergs FF,,Falkenbergs FF Under 1.5,0,,,,0.15,0.64,0.645,0.49,,49,57.2,0,-56.7,0.33,80,40,0,0.52,0.66,218.7892,,0,settled_lost,pm_resolution,lost,40,0,-40,0,,,0
1189a83a-b194-4530-81d3-544c0a9a358e,e9·m1,prematch,Superettan,Pre-match Value,max,GIF Sundsvall — Falkenbergs FF,,Falkenbergs FF Under 1.5,0,,,,0.15,0.64,0.645,0.49,,49,57.2,0,-56.7,0.5,147,74,0,0.52,0.66,218.7892,,0,settled_lost,pm_resolution,lost,74,0,-74,0,,,0
e2342ade-a2b9-4b99-8e99-92ece1af5e26,e9·m1,prematch,Superettan,Pre-match Value,max,GIF Sundsvall — Falkenbergs FF,,Falkenbergs FF Under 2.5,0,,,,0.1,0.87,0.869,0.77,,77,81.1,100,18.5,0.5,53,27,0,0.52,0.83,279.5449,,0,settled_won,pm_resolution,won,27,33.29,6.29,0,,,0
4b7c9118-dc1b-456a-b625-b2a6aaea4f29,e9·m1,prematch,Superettan,Pre-match Value,medium,GIF Sundsvall — Falkenbergs FF,,Falkenbergs FF Under 1.5,0,,,,0.15,0.64,0.645,0.49,,49,57.2,0,-56.7,0.2,50,25,0,0.52,0.66,218.7892,,0,settled_lost,pm_resolution,lost,25,0,-25,0,,,0
79ff1e57-cf05-4113-87d7-6dff703855ce,e9·m1,prematch,Chinese Super League,Pre-match Value,aggressive,Zhejiang Zhiye FC — Dalian Yingbo FC,,Under 3.5,0,,,,0.09,0.64,0.636,0.55,,55,56.2,0,-56.1,0.33,65,33,0,0.5,0.64,1126.1752,,0,settled_lost,pm_resolution,lost,33,0,-33,0,,,0
09f499a0-3f74-450f-92bf-0472cde0abc9,e9·m1,prematch,Chinese Super League,Pre-match Value,max,Zhejiang Zhiye FC — Dalian Yingbo FC,,Under 3.5,0,,,,0.09,0.64,0.636,0.55,,55,56.2,0,-56.1,0.5,99,50,0,0.5,0.64,1126.1752,,0,settled_lost,pm_resolution,lost,50,0,-50,0,,,0
0fdea605-f505-48d3-859e-cf99dbdcb8da,e9·m1,prematch,Chinese Super League,Pre-match Value,medium,Zhejiang Zhiye FC — Dalian Yingbo FC,,Under 3.5,0,,,,0.09,0.64,0.636,0.55,,55,56.2,0,-56.1,0.2,39,20,0,0.5,0.64,1126.1752,,0,settled_lost,pm_resolution,lost,20,0,-20,0,,,0
e87f7a45-de3d-41dc-b623-a65f71c2951c,e9·m1,prematch,Sweden Allsvenskan 2026,Pre-match Value,aggressive,IF Brommapojkarna — Hammarby IF,1:1,Under 2.5,0,,0,0,0.085,0.46,0.458,0.375,,37.5,38.2,68.8,61.8,0.33,44,44,0,0.6,0.46,213.504,11.81,1,settled_won,early,won,14.74,26.55,11.81,9,time_stop|time_stop|time_stop|take_price|take_price|take_price|take_price|time_stop|take_price,63.2,87.6
2466f193-0635-4e66-9f5a-57ba0e1ccd41,e9·m1,prematch,Sweden Allsvenskan 2026,Pre-match Value,aggressive,IF Brommapojkarna — Hammarby IF,1:1,Under 3.5,0,,0,0,0.075,0.68,0.681,0.605,,60.5,61.2,96.7,38.8,0.33,36,36,0,0.6,0.68,277.0001,13.99,1,settled_won,early,won,24.12,38.11,13.99,8,time_stop|time_stop|time_stop|take_price|thesis_stop|thesis_stop|thesis_stop|thesis_stop,91.8,77.8
c1395c4d-c586-4ec3-924b-57177a7caaf6,e9·m1,prematch,Sweden Allsvenskan 2026,Pre-match Value,max,IF Brommapojkarna — Hammarby IF,1:1,Under 2.5,0,,0,0,0.085,0.46,0.458,0.375,,37.5,38.4,79.9,61.6,0.5,68,68,0.2,0.6,0.46,213.504,12.31,1,settled_won,early,won,11.39,23.7,12.31,9,time_stop|time_stop|time_stop|take_price|take_price|take_price|take_price|time_stop|take_price,63.2,87.6
d695f541-f790-40a8-af00-87a30a3c4118,e9·m1,prematch,Sweden Allsvenskan 2026,Pre-match Value,max,IF Brommapojkarna — Hammarby IF,1:1,Under 3.5,0,,0,0,0.075,0.68,0.681,0.605,,60.5,61.2,96.7,38.8,0.5,94,94,0,0.6,0.68,277.0001,36.53,1,settled_won,early,won,62.98,99.51,36.53,8,time_stop|time_stop|time_stop|take_price|thesis_stop|thesis_stop|thesis_stop|thesis_stop,91.8,77.8
71007e20-511c-481d-a561-3a6334ad673e,e9·m1,prematch,Sweden Allsvenskan 2026,Pre-match Value,medium,IF Brommapojkarna — Hammarby IF,1:1,Under 2.5,0,,0,0,0.085,0.46,0.458,0.375,,37.5,38.2,57.8,61.8,0.2,27,27,0,0.6,0.46,213.504,9.28,1,settled_won,early,won,18.09,27.37,9.28,9,time_stop|time_stop|time_stop|take_price|take_price|take_price|take_price|time_stop|take_price,63.2,87.6
ae6ee6db-d74d-4fde-9310-ad2d8a037e2b,e9·m1,prematch,Sweden Allsvenskan 2026,Pre-match Value,medium,IF Brommapojkarna — Hammarby IF,1:1,Under 3.5,0,,0,0,0.075,0.68,0.681,0.605,,60.5,61.2,91.9,38.8,0.2,23,23,0,0.6,0.68,277.0001,7.73,1,settled_won,early,won,15.41,23.14,7.73,8,time_stop|time_stop|time_stop|take_price|thesis_stop|thesis_stop|thesis_stop|thesis_stop,91.8,77.8
a2663933-5388-4da2-a426-56e24cf7f7fc,e9·m1,prematch,Norway Eliteserien,Pre-match Value,aggressive,SK Brann — Vålerenga Fotball,2:3,Under 3.5,0,,0,0,0.165,0.67,0.67,0.505,,50.5,51.2,9.9,-51.1,0.33,80,80,0,0.6,0.616,274.6783,-64.53,1,settled_lost,early,lost,80,15.47,-64.53,4,counter_scenario|counter_scenario|counter_scenario|counter_scenario,9.9,-262.96
3f6eb52b-922e-41ae-80e0-46120a54c30c,e9·m1,prematch,Norway Eliteserien,Pre-match Value,conservative,SK Brann — Vålerenga Fotball,2:3,Under 3.5,0,,0,0,0.165,0.67,0.67,0.505,,50.5,51.2,9.9,-51.1,0.12,30,30,0,0.6,0.616,274.6783,-24.2,1,settled_lost,early,lost,30,5.8,-24.2,4,counter_scenario|counter_scenario|counter_scenario|counter_scenario,9.9,-262.96
2827fcae-fb42-47ed-b1c5-2d33dd3b8e63,e9·m1,prematch,Norway Eliteserien,Pre-match Value,max,SK Brann — Vålerenga Fotball,2:3,Under 3.5,0,,0,0,0.165,0.67,0.67,0.505,,50.5,51.2,9.9,-51.1,0.5,166,166,0,0.6,0.616,274.6783,-133.9,1,settled_lost,early,lost,166,32.1,-133.9,4,counter_scenario|counter_scenario|counter_scenario|counter_scenario,9.9,-262.96
136b38d0-c188-476a-b444-8ac7961721c8,e9·m1,prematch,Norway Eliteserien,Pre-match Value,medium,SK Brann — Vålerenga Fotball,2:3,Under 3.5,0,,0,0,0.165,0.67,0.67,0.505,,50.5,51.2,9.9,-51.1,0.2,50,50,0,0.6,0.616,274.6783,-40.33,1,settled_lost,early,lost,50,9.67,-40.33,4,counter_scenario|counter_scenario|counter_scenario|counter_scenario,9.9,-262.96
7ca1375e-c593-46e7-aada-580e4047a999,,prematch,Sweden Allsvenskan 2026,Pre-match Value,aggressive,IF Brommapojkarna — Hammarby IF,1:1,Under 2.5,0,,,,0.078,0.46,,0.38,,37.5,38.2,49.9,61.8,,,14.52,,,,,4.45,1,settled_won,partial,won,14.52,18.97,4.45,9,time_stop|time_stop|time_stop|take_price|take_price|take_price|take_price|time_stop|take_price,63.2,87.6
7f4b70a4-7a0e-451c-a05b-f4d2e5cc71c1,,prematch,Sweden Allsvenskan 2026,Pre-match Value,max,IF Brommapojkarna — Hammarby IF,1:1,Under 2.5,0,,,,0.076,0.46,,0.38,,37.5,38.4,49.9,61.6,,,22.44,,,,,6.72,1,settled_won,partial,won,22.44,29.16,6.72,9,time_stop|time_stop|time_stop|take_price|take_price|take_price|take_price|time_stop|take_price,63.2,87.6
2f010422-08db-4bd1-b5c7-ee3c12b6b068,,prematch,Sweden Allsvenskan 2026,Pre-match Value,medium,IF Brommapojkarna — Hammarby IF,1:1,Under 2.5,0,,,,0.078,0.46,,0.38,,37.5,38.2,50,61.8,,,8.91,,,,,2.75,1,settled_won,partial,won,8.91,11.66,2.75,9,time_stop|time_stop|time_stop|take_price|take_price|take_price|take_price|time_stop|take_price,63.2,87.6
fbe1b811-22ce-459a-9181-b43c15aa37c0,,prematch,Sweden Allsvenskan 2026,Pre-match Value,aggressive,IF Brommapojkarna — Hammarby IF,1:1,Under 2.5,0,,,,0.078,0.46,,0.38,,37.5,38.2,67.8,61.8,,,14.74,,,,,11.42,1,settled_won,partial,won,14.74,26.16,11.42,9,time_stop|time_stop|time_stop|take_price|take_price|take_price|take_price|time_stop|take_price,63.2,87.6
7df6fdd2-4745-4d7e-a9d4-e1a5132aa2c2,,prematch,Sweden Allsvenskan 2026,Pre-match Value,aggressive,IF Brommapojkarna — Hammarby IF,1:1,Under 3.5,0,,,,0.068,0.68,,0.61,,60.5,61.2,84.9,38.8,,,11.88,,,,,4.6,1,settled_won,partial,won,11.88,16.48,4.6,8,time_stop|time_stop|time_stop|take_price|thesis_stop|thesis_stop|thesis_stop|thesis_stop,91.8,77.8
72a57906-0d1a-4633-95d0-cae0f573d839,,prematch,Sweden Allsvenskan 2026,Pre-match Value,max,IF Brommapojkarna — Hammarby IF,1:1,Under 2.5,0,,,,0.076,0.46,,0.38,,37.5,38.4,67.8,61.6,,,22.78,,,,,17.44,1,settled_won,partial,won,22.78,40.22,17.44,9,time_stop|time_stop|time_stop|take_price|take_price|take_price|take_price|time_stop|take_price,63.2,87.6
87ac1a99-87bf-4170-a06d-25b8dd98726b,,prematch,Sweden Allsvenskan 2026,Pre-match Value,max,IF Brommapojkarna — Hammarby IF,1:1,Under 3.5,0,,,,0.068,0.68,,0.61,,60.5,61.2,84.9,38.8,,,31.02,,,,,12.01,1,settled_won,partial,won,31.02,43.03,12.01,8,time_stop|time_stop|time_stop|take_price|thesis_stop|thesis_stop|thesis_stop|thesis_stop,91.8,77.8
80f25f17-9da8-49ec-9aa3-769ac5ad46d9,,prematch,Sweden Allsvenskan 2026,Pre-match Value,medium,IF Brommapojkarna — Hammarby IF,1:1,Under 3.5,0,,,,0.068,0.68,,0.61,,60.5,61.2,84.9,38.8,,,7.59,,,,,2.94,1,settled_won,partial,won,7.59,10.53,2.94,8,time_stop|time_stop|time_stop|take_price|thesis_stop|thesis_stop|thesis_stop|thesis_stop,91.8,77.8
63d85aa6-c3d8-4bde-8610-3a5ee3aae25e,,prematch,Sweden Allsvenskan 2026,Pre-match Value,max,IF Brommapojkarna — Hammarby IF,1:1,Under 2.5,0,,,,0.076,0.46,,0.38,,37.5,38.4,76.9,61.6,,,11.39,,,,,11.42,1,settled_won,partial,won,11.39,22.81,11.42,9,time_stop|time_stop|time_stop|take_price|take_price|take_price|take_price|time_stop|take_price,63.2,87.6
37822776-2d5d-4f08-891f-8188dae87cf5,e9·m1,prematch,Denmark Superliga,Pre-match Value,aggressive,FC København — Lyngby BK,3:2,Under 3.5,0,,0,0,0.115,0.65,0.647,0.535,,53.5,55.1,9.9,-55,0.33,80,80,0.9,0.6,0.621,699.8843,-16.41,1,settled_lost,early,lost,20,3.59,-16.41,11,take_price|take_price|take_price|take_price|take_price|counter_scenario|counter_scenario|counter_scenario|discretionary|discretionary|counter_scenario,46.5,-19.03
4afbe4d7-21aa-4a98-81cd-ba3c4c150aec,e9·m1,prematch,Denmark Superliga,Pre-match Value,conservative,FC København — Lyngby BK,3:2,Under 3.5,0,,0,0,0.115,0.65,0.647,0.535,,53.5,55,74.9,-54.9,0.12,29,29,0.8,0.6,0.621,699.8843,5.25,1,settled_lost,early,lost,14.5,19.75,5.25,11,take_price|take_price|take_price|take_price|take_price|counter_scenario|counter_scenario|counter_scenario|discretionary|discretionary|counter_scenario,46.5,-19.03
1769dc80-e28b-40e0-8ef2-d55dcca847a1,e9·m1,prematch,Denmark Superliga,Pre-match Value,max,FC København — Lyngby BK,3:2,Under 3.5,0,,0,0,0.115,0.65,0.647,0.535,,53.5,55.2,10.9,-55.1,0.5,123,123,1,0.6,0.621,699.8843,-24.68,1,settled_lost,early,lost,30.75,6.07,-24.68,11,take_price|take_price|take_price|take_price|take_price|counter_scenario|counter_scenario|counter_scenario|discretionary|discretionary|counter_scenario,46.5,-19.03
968374d3-84cd-4f29-bd77-db5fe2a15b54,e9·m1,prematch,Denmark Superliga,Pre-match Value,medium,FC København — Lyngby BK,3:2,Under 3.5,0,,0,0,0.115,0.65,0.647,0.535,,53.5,55.1,9.9,-55,0.2,49,49,0.9,0.6,0.621,699.8843,-10.05,1,settled_lost,early,lost,12.25,2.2,-10.05,11,take_price|take_price|take_price|take_price|take_price|counter_scenario|counter_scenario|counter_scenario|discretionary|discretionary|counter_scenario,46.5,-19.03
bf1e4fb2-d061-4ab6-83f8-1c585b11d33d,,prematch,Denmark Superliga,Pre-match Value,aggressive,FC København — Lyngby BK,3:2,Under 3.5,0,,,,0.099,0.65,,0.55,,53.5,55.1,73.9,-55,,,40,,,,,13.65,1,settled_lost,partial,lost,40,53.65,13.65,11,take_price|take_price|take_price|take_price|take_price|counter_scenario|counter_scenario|counter_scenario|discretionary|discretionary|counter_scenario,46.5,-19.03
8b5fae25-625c-4545-8ee4-615d0e7d2315,,prematch,Denmark Superliga,Pre-match Value,conservative,FC København — Lyngby BK,3:2,Under 3.5,0,,,,0.1,0.65,,0.55,,53.5,55,73.9,-54.9,,,14.5,,,,,4.98,1,settled_lost,partial,lost,14.5,19.48,4.98,11,take_price|take_price|take_price|take_price|take_price|counter_scenario|counter_scenario|counter_scenario|discretionary|discretionary|counter_scenario,46.5,-19.03
dddf9954-c79b-4c1d-9c91-e62b2ed91f11,,prematch,Denmark Superliga,Pre-match Value,max,FC København — Lyngby BK,3:2,Under 3.5,0,,,,0.098,0.65,,0.55,,53.5,55.2,73.9,-55.1,,,61.5,,,,,20.83,1,settled_lost,partial,lost,61.5,82.33,20.83,11,take_price|take_price|take_price|take_price|take_price|counter_scenario|counter_scenario|counter_scenario|discretionary|discretionary|counter_scenario,46.5,-19.03
fc2e285a-1c04-4aef-bebe-fdea9c4bd4b0,,prematch,Denmark Superliga,Pre-match Value,medium,FC København — Lyngby BK,3:2,Under 3.5,0,,,,0.099,0.65,,0.55,,53.5,55.1,73.9,-55,,,24.5,,,,,8.36,1,settled_lost,partial,lost,24.5,32.86,8.36,11,take_price|take_price|take_price|take_price|take_price|counter_scenario|counter_scenario|counter_scenario|discretionary|discretionary|counter_scenario,46.5,-19.03
3bf1bbd7-97d5-4999-97e1-a05fe29abd63,,prematch,Denmark Superliga,Pre-match Value,aggressive,FC København — Lyngby BK,3:2,Under 3.5,0,,,,0.099,0.65,,0.55,,53.5,55.1,36.8,-55,,,20,,,,,-6.64,1,settled_lost,partial,lost,20,13.36,-6.64,11,take_price|take_price|take_price|take_price|take_price|counter_scenario|counter_scenario|counter_scenario|discretionary|discretionary|counter_scenario,46.5,-19.03
d960c670-9fa7-4a9f-a4a8-d1130c87fb38,,prematch,Denmark Superliga,Pre-match Value,max,FC København — Lyngby BK,3:2,Under 3.5,0,,,,0.098,0.65,,0.55,,53.5,55.2,36.8,-55.1,,,30.75,,,,,-10.25,1,settled_lost,partial,lost,30.75,20.5,-10.25,11,take_price|take_price|take_price|take_price|take_price|counter_scenario|counter_scenario|counter_scenario|discretionary|discretionary|counter_scenario,46.5,-19.03
8613729b-9578-4d9c-9f46-807e573d02ae,,prematch,Denmark Superliga,Pre-match Value,medium,FC København — Lyngby BK,3:2,Under 3.5,0,,,,0.099,0.65,,0.55,,53.5,55.1,36.8,-55,,,12.25,,,,,-4.07,1,settled_lost,partial,lost,12.25,8.18,-4.07,11,take_price|take_price|take_price|take_price|take_price|counter_scenario|counter_scenario|counter_scenario|discretionary|discretionary|counter_scenario,46.5,-19.03
4e4cb192-d6da-4812-8fce-c98e33ec98c2,e9·m1,prematch,Norway Eliteserien,Pre-match Value,aggressive,Aalesunds FK — Viking FK,1:1,Under 3.5,0,,0,0,0.185,0.72,0.692,0.535,,53.5,54.2,98,45.8,0.33,80,80,0,0.6,0.72,267.1084,10.83,1,settled_won,early,won,13.4,24.23,10.83,10,take_price|take_price|thesis_stop|thesis_stop|thesis_stop|thesis_stop|take_price|take_price|take_price|take_price,81.1,157.47
82b5c5df-2e78-4a50-a9e7-a1c0b885fad4,e9·m1,prematch,Norway Eliteserien,Pre-match Value,conservative,Aalesunds FK — Viking FK,1:1,Under 3.5,0,,0,0,0.185,0.72,0.692,0.535,,53.5,54.2,74.9,45.8,0.12,30,30,0,0.6,0.72,267.1084,11.46,1,settled_won,early,won,30,41.46,11.46,10,take_price|take_price|thesis_stop|thesis_stop|thesis_stop|thesis_stop|take_price|take_price|take_price|take_price,81.1,157.47
820ffc89-3dc8-40ef-b853-9656012bdd43,e9·m1,prematch,Norway Eliteserien,Pre-match Value,max,Aalesunds FK — Viking FK,1:1,Under 3.5,0,,0,0,0.185,0.72,0.692,0.535,,53.5,54.2,98,45.8,0.5,198,198,0,0.6,0.72,267.1084,26.8,1,settled_won,early,won,33.16,59.96,26.8,10,take_price|take_price|thesis_stop|thesis_stop|thesis_stop|thesis_stop|take_price|take_price|take_price|take_price,81.1,157.47
99ff3f37-8c3a-4278-a097-7f2afc2499c5,e9·m1,prematch,Norway Eliteserien,Pre-match Value,max,Aalesunds FK — Viking FK,1:1,Under 1.5,0,,0,0,0.075,0.2,0.229,0.125,,12.5,13.1,26.2,-13,0.5,2,2,0,0.6,0.2,216.6499,2,1,settled_lost,early,lost,2,4,2,1,take_price,26.2,2
658aacc6-4c36-43de-8ea5-161b7fcdeacf,e9·m1,prematch,Norway Eliteserien,Pre-match Value,medium,Aalesunds FK — Viking FK,1:1,Under 3.5,0,,0,0,0.185,0.72,0.692,0.535,,53.5,54.2,84.2,45.8,0.2,50,50,0,0.6,0.72,267.1084,27.68,1,settled_won,early,won,50,77.68,27.68,10,take_price|take_price|thesis_stop|thesis_stop|thesis_stop|thesis_stop|take_price|take_price|take_price|take_price,81.1,157.47
63c96eb9-8560-4d0e-b574-181a5a622ffb,e9·m1,prematch,Liga 1,Pre-match Value,aggressive,CU Técnica de Cajamarca — CD Moquegua,,CU Técnica de Cajamarca Under 2.5,0,,,,0.125,0.85,0.845,0.725,,72.5,75.1,100,24.4,0.33,80,40,0,0.4,0.9,,,0,settled_won,pm_resolution,won,40,53.26,13.26,0,,,0
3aec782a-aa34-4a19-bdf9-7ca82c1ef1cd,e9·m1,prematch,Liga 1,Pre-match Value,max,CU Técnica de Cajamarca — CD Moquegua,,CU Técnica de Cajamarca Under 2.5,0,,,,0.125,0.85,0.845,0.725,,72.5,75.1,100,24.4,0.5,200,100,0,0.4,0.9,,,0,settled_won,pm_resolution,won,100,133.16,33.16,0,,,0
710fd90f-b8f2-4acc-909b-2e97411b78aa,,prematch,Norway Eliteserien,Pre-match Value,aggressive,Aalesunds FK — Viking FK,1:1,Under 3.5,0,,,,0.178,0.72,,0.54,,53.5,54.2,68.8,45.8,,,26.4,,,,,7.11,1,settled_won,partial,won,26.4,33.51,7.11,10,take_price|take_price|thesis_stop|thesis_stop|thesis_stop|thesis_stop|take_price|take_price|take_price|take_price,81.1,157.47
7b66f10b-8240-48b9-b644-b54d4aa23d42,,prematch,Norway Eliteserien,Pre-match Value,max,Aalesunds FK — Viking FK,1:1,Under 3.5,0,,,,0.178,0.72,,0.54,,53.5,54.2,68.8,45.8,,,65.34,,,,,17.6,1,settled_won,partial,won,65.34,82.94,17.6,10,take_price|take_price|thesis_stop|thesis_stop|thesis_stop|thesis_stop|take_price|take_price|take_price|take_price,81.1,157.47
0bcc3492-afd6-4541-acb2-67dea5b3bca2,,prematch,Norway Eliteserien,Pre-match Value,aggressive,Aalesunds FK — Viking FK,1:1,Under 3.5,0,,,,0.178,0.72,,0.54,,53.5,54.2,68.8,45.8,,,26.8,,,,,7.22,1,settled_won,partial,won,26.8,34.02,7.22,10,take_price|take_price|thesis_stop|thesis_stop|thesis_stop|thesis_stop|take_price|take_price|take_price|take_price,81.1,157.47
a2597d4b-9347-4bf0-9600-d163c8f683ad,,prematch,Norway Eliteserien,Pre-match Value,max,Aalesunds FK — Viking FK,1:1,Under 3.5,0,,,,0.178,0.72,,0.54,,53.5,54.2,68.8,45.8,,,66.33,,,,,17.87,1,settled_won,partial,won,66.33,84.2,17.87,10,take_price|take_price|thesis_stop|thesis_stop|thesis_stop|thesis_stop|take_price|take_price|take_price|take_price,81.1,157.47
a3f5da70-624e-446e-a8ba-f209763a0094,e9·m1,prematch,Brasileiro Série C,Pre-match Value,aggressive,Ypiranga FC RS — Barra FC SC,,Over 2.5,1,,,,0.065,0.48,0.482,0.415,,41.5,44,0,-43.5,0.33,36,18,1.8,0.42,0.523,819.4706,,0,settled_lost,pm_resolution,lost,18,0,-18,0,,,0
bbefe15b-b821-460d-b943-0f966e0942ac,e9·m1,prematch,Brasileiro Série C,Pre-match Value,max,Ypiranga FC RS — Barra FC SC,,Over 2.5,1,,,,0.065,0.48,0.482,0.415,,41.5,44.1,0,-43.6,0.5,55,28,1.9,0.42,0.523,819.4706,,0,settled_lost,pm_resolution,lost,28,0,-28,0,,,0
b4e56fd8-1650-4c40-9298-f334b993b210,,prematch,Norway Eliteserien,Pre-match Value,aggressive,Aalesunds FK — Viking FK,1:1,Under 3.5,0,,,,0.178,0.72,,0.54,,53.5,54.2,90.3,45.8,,,13.4,,,,,8.93,1,settled_won,partial,won,13.4,22.33,8.93,10,take_price|take_price|thesis_stop|thesis_stop|thesis_stop|thesis_stop|take_price|take_price|take_price|take_price,81.1,157.47
49d4497d-cecd-42ee-bc26-f96fbcb1a066,,prematch,Norway Eliteserien,Pre-match Value,max,Aalesunds FK — Viking FK,1:1,Under 3.5,0,,,,0.178,0.72,,0.54,,53.5,54.2,90.1,45.8,,,33.17,,,,,21.97,1,settled_won,partial,won,33.17,55.14,21.97,10,take_price|take_price|thesis_stop|thesis_stop|thesis_stop|thesis_stop|take_price|take_price|take_price|take_price,81.1,157.47
dd7f7c14-0dc7-47fa-b264-e08a48bde124,e9·m1,live,Brazil Serie A,Overreaction,aggressive,Grêmio FBPA — Fluminense FC,1:1,Both Teams to Score — Yes,1,69,0,1,0.08,0.48,0.53,0.4,0.4418502592486727,39.5,41.4,99,58.1,0.33,46,46,1.2,0.62,,246.9298,64,1,settled_won,early,won,46,110,64,3,take_price|take_price|take_price,91.9,171.66
e4bd837c-31a8-43e8-81c1-aa092a15decd,e9·m1,live,Brazil Serie A,Overreaction,max,Grêmio FBPA — Fluminense FC,1:1,Both Teams to Score — Yes,1,69,0,1,0.08,0.48,0.53,0.4,0.4418502592486727,39.5,41.6,99,57.9,0.5,70,60,1.4,0.62,,246.9298,82.79,1,settled_won,early,won,60,142.79,82.79,3,take_price|take_price|take_price,91.9,171.66
3929dcf4-0f76-4188-90c9-2daba1fc10ee,e9·m1,live,Brazil Serie A,Overreaction,medium,Grêmio FBPA — Fluminense FC,1:1,Both Teams to Score — Yes,1,69,0,1,0.08,0.48,0.53,0.4,0.4418502592486727,39.5,41.1,77.6,58.4,0.2,28,28,0.9,0.62,,246.9298,24.87,1,settled_won,early,won,28,52.87,24.87,3,take_price|take_price|take_price,91.9,171.66
20ae6ce5-01a9-4721-bce8-c585a9ef94db,e9·m1,live,NWSL,Overreaction,aggressive,Washington Spirit — Denver Summit FC,1:0,Over 1.5,1,45,0,0,0.06,0.51,0.79,0.45,,45,45.2,7.8,-44.7,0.33,36,36,0,0.5,,218.02,-7.45,1,settled_lost,early,lost,9,1.55,-7.45,9,discretionary|discretionary|discretionary|thesis_stop|thesis_stop|thesis_stop|thesis_stop|thesis_stop|thesis_stop,32,-39.57
03781676-20cd-4d9c-99fa-019e569335b9,e9·m1,live,NWSL,Overreaction,max,Washington Spirit — Denver Summit FC,1:0,Over 1.5,1,45,0,0,0.06,0.51,0.79,0.45,,45,45.2,7.5,-44.7,0.5,54,54,0,0.5,,218.02,-11.26,1,settled_lost,early,lost,13.5,2.24,-11.26,9,discretionary|discretionary|discretionary|thesis_stop|thesis_stop|thesis_stop|thesis_stop|thesis_stop|thesis_stop,32,-39.57
e12a1358-2933-40cf-ab23-7fe7aee45b0d,e9·m1,live,NWSL,Overreaction,medium,Washington Spirit — Denver Summit FC,1:0,Over 1.5,1,45,0,0,0.15,0.6,0.51,0.45,,45,45.2,7.6,-44.7,0.2,50,50,0,0.5,,218.02,-10.4,1,settled_lost,early,lost,12.5,2.1,-10.4,9,discretionary|discretionary|discretionary|thesis_stop|thesis_stop|thesis_stop|thesis_stop|thesis_stop|thesis_stop,32,-39.57
771a0fc3-bf0c-40df-a783-c1a924febb44,,live,NWSL,Overreaction,aggressive,Washington Spirit — Denver Summit FC,1:0,Over 1.5,1,,,,0.058,0.51,,0.45,,45,45.2,34,-44.7,,,18,,,,,-4.46,1,settled_lost,partial,lost,18,13.54,-4.46,9,discretionary|discretionary|discretionary|thesis_stop|thesis_stop|thesis_stop|thesis_stop|thesis_stop|thesis_stop,32,-39.57
8a6d926f-d2a3-407e-9be4-4a57ae05cadf,,live,NWSL,Overreaction,max,Washington Spirit — Denver Summit FC,1:0,Over 1.5,1,,,,0.058,0.51,,0.45,,45,45.2,33.6,-44.7,,,27,,,,,-6.93,1,settled_lost,partial,lost,27,20.07,-6.93,9,discretionary|discretionary|discretionary|thesis_stop|thesis_stop|thesis_stop|thesis_stop|thesis_stop|thesis_stop,32,-39.57
1c74b7f6-5380-43cc-9e35-b2c47b75df00,,live,NWSL,Overreaction,medium,Washington Spirit — Denver Summit FC,1:0,Over 1.5,1,,,,0.148,0.6,,0.45,,45,45.2,33.6,-44.7,,,25,,,,,-6.42,1,settled_lost,partial,lost,25,18.58,-6.42,9,discretionary|discretionary|discretionary|thesis_stop|thesis_stop|thesis_stop|thesis_stop|thesis_stop|thesis_stop,32,-39.57
83612e5b-044d-418e-8b06-5d162b6a829b,,live,NWSL,Overreaction,aggressive,Washington Spirit — Denver Summit FC,1:0,Over 1.5,1,,,,0.058,0.51,,0.45,,45,45.2,54.8,-44.7,,,9,,,,,1.91,1,settled_lost,partial,lost,9,10.91,1.91,9,discretionary|discretionary|discretionary|thesis_stop|thesis_stop|thesis_stop|thesis_stop|thesis_stop|thesis_stop,32,-39.57
a88f717e-4912-44ad-b7b1-376009ced90b,,live,NWSL,Overreaction,max,Washington Spirit — Denver Summit FC,1:0,Over 1.5,1,,,,0.058,0.51,,0.45,,45,45.2,54.6,-44.7,,,13.5,,,,,2.81,1,settled_lost,partial,lost,13.5,16.31,2.81,9,discretionary|discretionary|discretionary|thesis_stop|thesis_stop|thesis_stop|thesis_stop|thesis_stop|thesis_stop,32,-39.57
3b2725c2-21e5-48cf-9a13-684d32d70ebe,,live,NWSL,Overreaction,medium,Washington Spirit — Denver Summit FC,1:0,Over 1.5,1,,,,0.148,0.6,,0.45,,45,45.2,54.7,-44.7,,,12.5,,,,,2.63,1,settled_lost,partial,lost,12.5,15.13,2.63,9,discretionary|discretionary|discretionary|thesis_stop|thesis_stop|thesis_stop|thesis_stop|thesis_stop|thesis_stop,32,-39.57
7df0bc29-cc86-42b4-9c4a-facadd5b4c07,e9·m1,prematch,Denmark Superliga,Pre-match Value,aggressive,Randers FC — Silkeborg IF,1:1,Randers FC Under 2.5,0,,0,0,0.14,0.82,0.821,0.68,,68,69.2,50,30.6,0.33,80,80,0,0.58,0.85,416.698,,0,settled_won,match_score,won,5,7.23,2.23,9,thesis_stop|thesis_stop|thesis_stop|take_price|take_price|take_price|take_price|take_price|take_price,80.5,27.14
81e4c13b-5372-44a6-9bb0-1baf5951d230,e9·m1,prematch,Denmark Superliga,Pre-match Value,conservative,Randers FC — Silkeborg IF,1:1,Randers FC Under 2.5,0,,0,0,0.14,0.82,0.821,0.68,,68,69.2,89.9,30.6,0.12,30,30,0,0.58,0.85,416.698,2.24,1,settled_won,early,won,7.5,9.74,2.24,9,thesis_stop|thesis_stop|thesis_stop|take_price|take_price|take_price|take_price|take_price|take_price,80.5,27.14
71d01ece-807b-4545-8197-37eee75e2fce,e9·m1,prematch,Denmark Superliga,Pre-match Value,max,Randers FC — Silkeborg IF,1:1,Randers FC Under 2.5,0,,0,0,0.14,0.82,0.821,0.68,,68,69.2,50,30.6,0.5,140,140,0,0.58,0.85,416.698,,0,settled_won,match_score,won,8.75,12.64,3.89,9,thesis_stop|thesis_stop|thesis_stop|take_price|take_price|take_price|take_price|take_price|take_price,80.5,27.14
74108550-b67d-4a7d-95f2-dc3d1be129bd,e9·m1,prematch,Superettan,Pre-match Value,aggressive,Osters IF — Varbergs BoIS,,Varbergs BoIS Under 1.5,0,,,,0.175,0.66,0.663,0.485,,48.5,50.2,100,49.4,0.33,80,40,0,0.5,0.465,221.7292,,0,settled_won,pm_resolution,won,40,79.68,39.68,0,,,0
f26198c1-2b2b-400f-926b-68a04021c1e7,e9·m1,prematch,Superettan,Pre-match Value,max,Osters IF — Varbergs BoIS,,Varbergs BoIS Under 1.5,0,,,,0.175,0.66,0.663,0.485,,48.5,50.2,100,49.4,0.5,169,85,0,0.5,0.465,221.7292,,0,settled_won,pm_resolution,won,85,169.32,84.32,0,,,0
c6ebbd49-0431-4564-8b9a-aaa8dfb25d5e,e9·m1,prematch,Superettan,Pre-match Value,max,Osters IF — Varbergs BoIS,,Under 3.5,0,,,,0.105,0.72,0.725,0.615,,61.5,62.2,100,37.8,0.5,1,1,0,0.5,0.83,1655.3826,,0,settled_won,pm_resolution,won,1,1.61,0.61,0,,,0
52a1a23c-5da3-4c83-9c4c-f79f4778c5cc,,prematch,Denmark Superliga,Pre-match Value,aggressive,Randers FC — Silkeborg IF,1:1,Randers FC Under 2.5,0,,,,0.128,0.82,,0.69,,68,69.2,69.8,30.6,,,40,,,,,0.35,1,settled_won,partial,won,40,40.35,0.35,9,thesis_stop|thesis_stop|thesis_stop|take_price|take_price|take_price|take_price|take_price|take_price,80.5,27.14
1d800817-9395-4777-9eac-9c96f839b52c,,prematch,Denmark Superliga,Pre-match Value,conservative,Randers FC — Silkeborg IF,1:1,Randers FC Under 2.5,0,,,,0.128,0.82,,0.69,,68,69.2,69.8,30.6,,,15,,,,,0.13,1,settled_won,partial,won,15,15.13,0.13,9,thesis_stop|thesis_stop|thesis_stop|take_price|take_price|take_price|take_price|take_price|take_price,80.5,27.14
cd5255f7-c54b-4d27-a6fb-048c1959d9ed,,prematch,Denmark Superliga,Pre-match Value,max,Randers FC — Silkeborg IF,1:1,Randers FC Under 2.5,0,,,,0.128,0.82,,0.69,,68,69.2,69.8,30.6,,,70,,,,,0.61,1,settled_won,partial,won,70,70.61,0.61,9,thesis_stop|thesis_stop|thesis_stop|take_price|take_price|take_price|take_price|take_price|take_price,80.5,27.14
76b06e1e-4f83-4a83-9a8f-b9f024065d2c,,prematch,Denmark Superliga,Pre-match Value,aggressive,Randers FC — Silkeborg IF,1:1,Randers FC Under 2.5,0,,,,0.128,0.82,,0.69,,68,69.2,81.9,30.6,,,20,,,,,3.67,1,settled_won,partial,won,20,23.67,3.67,9,thesis_stop|thesis_stop|thesis_stop|take_price|take_price|take_price|take_price|take_price|take_price,80.5,27.14
d000d4df-6766-4150-b2d2-054bd91cbbd8,,prematch,Denmark Superliga,Pre-match Value,conservative,Randers FC — Silkeborg IF,1:1,Randers FC Under 2.5,0,,,,0.128,0.82,,0.69,,68,69.2,81.9,30.6,,,7.5,,,,,1.38,1,settled_won,partial,won,7.5,8.88,1.38,9,thesis_stop|thesis_stop|thesis_stop|take_price|take_price|take_price|take_price|take_price|take_price,80.5,27.14
4186b473-3333-43c5-86c1-55fdcc3005f7,,prematch,Denmark Superliga,Pre-match Value,max,Randers FC — Silkeborg IF,1:1,Randers FC Under 2.5,0,,,,0.128,0.82,,0.69,,68,69.2,81.9,30.6,,,35,,,,,6.42,1,settled_won,partial,won,35,41.42,6.42,9,thesis_stop|thesis_stop|thesis_stop|take_price|take_price|take_price|take_price|take_price|take_price,80.5,27.14
c150755d-c6b4-409a-91a4-3aae6399b60a,,prematch,Denmark Superliga,Pre-match Value,aggressive,Randers FC — Silkeborg IF,1:1,Randers FC Under 2.5,0,,,,0.128,0.82,,0.69,,68,69.2,89.9,30.6,,,15,,,,,4.49,1,settled_won,partial,won,15,19.49,4.49,9,thesis_stop|thesis_stop|thesis_stop|take_price|take_price|take_price|take_price|take_price|take_price,80.5,27.14
4e8dadb4-23ea-411d-b070-bdeedbed33b9,,prematch,Denmark Superliga,Pre-match Value,max,Randers FC — Silkeborg IF,1:1,Randers FC Under 2.5,0,,,,0.128,0.82,,0.69,,68,69.2,89.9,30.6,,,26.25,,,,,7.85,1,settled_won,partial,won,26.25,34.1,7.85,9,thesis_stop|thesis_stop|thesis_stop|take_price|take_price|take_price|take_price|take_price|take_price,80.5,27.14
9dc411a6-0cd7-411f-9b0f-cf74d3c4c6be,e9·m1,prematch,UEFA Champions League 2025,Pre-match Value,aggressive,SK Puntigamer Sturm Graz — Heart of Midlothian FC,2:0,Under 3.5,0,,0,0,0.085,0.69,0.692,0.605,,60.5,60.2,90.9,39.8,0.33,71,71,0,0.5,0.631,2191.3056,6.06,1,settled_won,early,won,11.89,17.95,6.06,11,time_stop|time_stop|time_stop|time_stop|time_stop|time_stop|take_price|take_price|take_price|take_price|take_price,83.3,78.93
acc4e651-66be-4a6a-9e39-1627707a2284,e9·m1,prematch,UEFA Champions League 2025,Pre-match Value,max,SK Puntigamer Sturm Graz — Heart of Midlothian FC,2:0,Under 3.5,0,,0,0,0.085,0.69,0.692,0.605,,60.5,60.2,90.9,39.8,0.5,107,107,0,0.5,0.631,2191.3056,9.14,1,settled_won,early,won,17.92,27.06,9.14,11,time_stop|time_stop|time_stop|time_stop|time_stop|time_stop|take_price|take_price|take_price|take_price|take_price,83.3,78.93
ea10f9fa-4eb0-4224-9630-6ee1a9000432,e9·m1,prematch,UEFA Champions League 2025,Pre-match Value,medium,SK Puntigamer Sturm Graz — Heart of Midlothian FC,2:0,Under 3.5,0,,0,0,0.085,0.69,0.692,0.605,,60.5,60.2,90.9,39.8,0.2,43,43,0,0.5,0.631,2191.3056,7.34,1,settled_won,early,won,14.4,21.74,7.34,11,time_stop|time_stop|time_stop|time_stop|time_stop|time_stop|take_price|take_price|take_price|take_price|take_price,83.3,78.93
325187a6-a66b-4b4e-bb63-35d85930d387,e9·m1,prematch,Superettan,Pre-match Value,aggressive,Helsingborgs IF — Nordic United FC,,Nordic United FC Under 1.5,0,,,,0.155,0.75,0.754,0.595,,59.5,61.2,100,38.4,0.33,80,40,0,0.42,0.72,204.6967,,0,settled_won,pm_resolution,won,40,65.36,25.36,0,,,0
1ac2cac1-88d6-411a-a63f-140bcc1bdc78,e9·m1,prematch,Superettan,Pre-match Value,max,Helsingborgs IF — Nordic United FC,,Nordic United FC Under 1.5,0,,,,0.155,0.75,0.754,0.595,,59.5,61.2,100,38.4,0.5,170,85,0,0.42,0.72,204.6967,,0,settled_won,pm_resolution,won,85,138.89,53.89,0,,,0
a1246daf-e70b-4ea3-b9a7-aa3b7e33f109,e9·m1,live,UEFA Champions League 2025,Overreaction,aggressive,GNK Dinamo Zagreb — FC Thun,3:2,GNK Dinamo Zagreb (-1.5),0,5,0,1,0.13,0.36,0.5,0.23,,23,24.1,6,-24,0.33,55,55,0,0.5,,1869.075,-41.31,1,settled_lost,early,lost,55,13.69,-41.31,3,discretionary|discretionary|thesis_stop,6,-129.18
c7b912dd-94c5-4559-85c1-d37bd38e7189,e9·m1,live,UEFA Champions League 2025,Overreaction,max,GNK Dinamo Zagreb — FC Thun,3:2,GNK Dinamo Zagreb (-1.5),0,5,0,1,0.13,0.36,0.5,0.23,,23,24.1,6,-24,0.5,84,84,0,0.5,,1869.075,-63.09,1,settled_lost,early,lost,84,20.91,-63.09,3,discretionary|discretionary|thesis_stop,6,-129.18
1f0d8d4f-15b3-4a91-889d-d53269ee6151,e9·m1,live,UEFA Champions League 2025,Overreaction,medium,GNK Dinamo Zagreb — FC Thun,3:2,GNK Dinamo Zagreb (-1.5),0,5,0,1,0.13,0.36,0.5,0.23,,23,24.1,6,-24,0.2,33,33,0,0.5,,1869.075,-24.78,1,settled_lost,early,lost,33,8.22,-24.78,3,discretionary|discretionary|thesis_stop,6,-129.18
497126a9-d9f3-4cbc-b41b-bed60ff58e7b,e9·m1,live,UEFA Champions League 2025,Overreaction,aggressive,NK Celje — KF Egnatia Rrogozhinë,2:2,NK Celje (-1.5),0,24,0,1,0.07,0.22,0.27,0.15,,15,15.1,17.9,-15,0.33,27,27,0,0.5,,1845.1374,1,1,settled_lost,early,lost,5.4,6.4,1,7,take_price|take_price|take_price|thesis_stop|thesis_stop|thesis_stop|thesis_stop,21.2,43.38
d06ad0f4-f404-405a-b164-a919135666fc,e9·m1,live,UEFA Champions League 2025,Overreaction,max,NK Celje — KF Egnatia Rrogozhinë,2:2,NK Celje (-1.5),0,24,0,1,0.07,0.22,0.27,0.15,,15,15.1,17.9,-15,0.5,41,41,0,0.5,,1845.1374,1.52,1,settled_lost,early,lost,8.2,9.72,1.52,7,take_price|take_price|take_price|thesis_stop|thesis_stop|thesis_stop|thesis_stop,21.2,43.38
dbe8db4b-16eb-4e1c-91bf-d47c4d27062a,e9·m1,live,UEFA Champions League 2025,Overreaction,medium,NK Celje — KF Egnatia Rrogozhinë,2:2,NK Celje (-1.5),0,24,0,1,0.07,0.22,0.27,0.15,,15,15.1,22.9,-15,0.2,16,16,0,0.5,,1845.1374,8.26,1,settled_lost,early,lost,16,24.26,8.26,7,take_price|take_price|take_price|thesis_stop|thesis_stop|thesis_stop|thesis_stop,21.2,43.38
dcbbee66-a775-424d-a20b-434da4a47f6a,,live,UEFA Champions League 2025,Overreaction,aggressive,NK Celje — KF Egnatia Rrogozhinë,2:2,NK Celje (-1.5),0,,,,0.069,0.22,,0.15,,15,15.1,25.9,-15,,,16.2,,,,,11.59,1,settled_lost,partial,lost,16.2,27.79,11.59,7,take_price|take_price|take_price|thesis_stop|thesis_stop|thesis_stop|thesis_stop,21.2,43.38
f033c6ad-6c46-4747-905c-35aff550d355,,live,UEFA Champions League 2025,Overreaction,max,NK Celje — KF Egnatia Rrogozhinë,2:2,NK Celje (-1.5),0,,,,0.069,0.22,,0.15,,15,15.1,25.9,-15,,,24.6,,,,,17.59,1,settled_lost,partial,lost,24.6,42.19,17.59,7,take_price|take_price|take_price|thesis_stop|thesis_stop|thesis_stop|thesis_stop,21.2,43.38
da5defba-c012-40a3-b9cb-91226d711329,,live,UEFA Champions League 2025,Overreaction,aggressive,NK Celje — KF Egnatia Rrogozhinë,2:2,NK Celje (-1.5),0,,,,0.069,0.22,,0.15,,15,15.1,18.9,-15,,,5.4,,,,,1.36,1,settled_lost,partial,lost,5.4,6.76,1.36,7,take_price|take_price|take_price|thesis_stop|thesis_stop|thesis_stop|thesis_stop,21.2,43.38
18dc8dd5-98ff-4873-b6dc-b688a78b6e62,,live,UEFA Champions League 2025,Overreaction,max,NK Celje — KF Egnatia Rrogozhinë,2:2,NK Celje (-1.5),0,,,,0.069,0.22,,0.15,,15,15.1,18.9,-15,,,8.2,,,,,2.06,1,settled_lost,partial,lost,8.2,10.26,2.06,7,take_price|take_price|take_price|thesis_stop|thesis_stop|thesis_stop|thesis_stop,21.2,43.38
dfb5b584-14bd-4c1e-9bd5-96b2ef9faaed,,prematch,UEFA Champions League 2025,Pre-match Value,aggressive,SK Puntigamer Sturm Graz — Heart of Midlothian FC,2:0,Under 3.5,0,,,,0.088,0.69,,0.6,,60.5,60.2,71.9,39.8,,,23.43,,,,,4.55,1,settled_won,partial,won,23.43,27.98,4.55,11,time_stop|time_stop|time_stop|time_stop|time_stop|time_stop|take_price|take_price|take_price|take_price|take_price,83.3,78.93
1ae25912-719b-4756-9725-8151f5732340,,prematch,UEFA Champions League 2025,Pre-match Value,max,SK Puntigamer Sturm Graz — Heart of Midlothian FC,2:0,Under 3.5,0,,,,0.088,0.69,,0.6,,60.5,60.2,72.9,39.8,,,35.31,,,,,7.45,1,settled_won,partial,won,35.31,42.76,7.45,11,time_stop|time_stop|time_stop|time_stop|time_stop|time_stop|take_price|take_price|take_price|take_price|take_price,83.3,78.93
a8111c24-8db7-498c-8fc2-6d46afbf0474,,prematch,UEFA Champions League 2025,Pre-match Value,medium,SK Puntigamer Sturm Graz — Heart of Midlothian FC,2:0,Under 3.5,0,,,,0.088,0.69,,0.6,,60.5,60.2,72.9,39.8,,,14.19,,,,,2.99,1,settled_won,partial,won,14.19,17.18,2.99,11,time_stop|time_stop|time_stop|time_stop|time_stop|time_stop|take_price|take_price|take_price|take_price|take_price,83.3,78.93
ddacef5b-dd13-4380-bc51-3ae68e4ce547,,prematch,UEFA Champions League 2025,Pre-match Value,aggressive,SK Puntigamer Sturm Graz — Heart of Midlothian FC,2:0,Under 3.5,0,,,,0.088,0.69,,0.6,,60.5,60.2,81.9,39.8,,,23.79,,,,,8.58,1,settled_won,partial,won,23.79,32.37,8.58,11,time_stop|time_stop|time_stop|time_stop|time_stop|time_stop|take_price|take_price|take_price|take_price|take_price,83.3,78.93
3ab6e576-77a8-4b49-a00c-9628d487f6b5,,prematch,UEFA Champions League 2025,Pre-match Value,max,SK Puntigamer Sturm Graz — Heart of Midlothian FC,2:0,Under 3.5,0,,,,0.088,0.69,,0.6,,60.5,60.2,81.9,39.8,,,35.85,,,,,12.92,1,settled_won,partial,won,35.85,48.77,12.92,11,time_stop|time_stop|time_stop|time_stop|time_stop|time_stop|take_price|take_price|take_price|take_price|take_price,83.3,78.93
f69a9316-281e-42b9-a93e-f052b0daf874,,prematch,UEFA Champions League 2025,Pre-match Value,medium,SK Puntigamer Sturm Graz — Heart of Midlothian FC,2:0,Under 3.5,0,,,,0.088,0.69,,0.6,,60.5,60.2,81.9,39.8,,,14.41,,,,,5.19,1,settled_won,partial,won,14.41,19.6,5.19,11,time_stop|time_stop|time_stop|time_stop|time_stop|time_stop|take_price|take_price|take_price|take_price|take_price,83.3,78.93
885e3f5c-1e03-4c25-9d06-87c5ac40cb87,,prematch,UEFA Champions League 2025,Pre-match Value,aggressive,SK Puntigamer Sturm Graz — Heart of Midlothian FC,2:0,Under 3.5,0,,,,0.088,0.69,,0.6,,60.5,60.2,89.9,39.8,,,11.89,,,,,5.87,1,settled_won,partial,won,11.89,17.76,5.87,11,time_stop|time_stop|time_stop|time_stop|time_stop|time_stop|take_price|take_price|take_price|take_price|take_price,83.3,78.93
463875b4-e1e1-41ff-870f-40c60218aa01,,prematch,UEFA Champions League 2025,Pre-match Value,max,SK Puntigamer Sturm Graz — Heart of Midlothian FC,2:0,Under 3.5,0,,,,0.088,0.69,,0.6,,60.5,60.2,89.9,39.8,,,17.92,,,,,8.84,1,settled_won,partial,won,17.92,26.76,8.84,11,time_stop|time_stop|time_stop|time_stop|time_stop|time_stop|take_price|take_price|take_price|take_price|take_price,83.3,78.93
e45e5798-c2c9-45ef-9584-5d20adde5feb,e9·m1,live,Copa Sudamericana 2025,Overreaction,aggressive,O'Higgins — Boca Juniors,1:0,Both Teams to Score — Yes,1,73,1,0,0.07,0.45,0.53,0.38,0.4442119819885826,38,36.1,3.6,-36,0.33,37,37,0.9,0.55,,211.139,-33.31,1,settled_lost,early,lost,37,3.69,-33.31,3,time_decay_floor|time_decay_floor|time_decay_floor,3.9,-68.49
dab14c0a-7eb4-40b5-aa2f-d6bdd88d0406,e9·m1,live,Copa Sudamericana 2025,Overreaction,max,O'Higgins — Boca Juniors,1:0,Both Teams to Score — Yes,1,73,1,0,0.07,0.45,0.53,0.38,0.4442119819885826,38,36.1,36.1,-36,0.5,56,56,0.9,0.55,,211.139,,0,settled_lost,match_score,lost,56,0,-56,3,time_decay_floor|time_decay_floor|time_decay_floor,3.9,-68.49
dce42e8c-db8f-4c2a-a92f-81009ee31df7,e9·m1,live,Copa Sudamericana 2025,Overreaction,medium,O'Higgins — Boca Juniors,1:0,Both Teams to Score — Yes,1,73,1,0,0.07,0.45,0.53,0.38,0.4442119819885826,38,36,4,-35.9,0.2,22,22,0.8,0.55,,211.139,-19.56,1,settled_lost,early,lost,22,2.44,-19.56,3,time_decay_floor|time_decay_floor|time_decay_floor,3.9,-68.49
c56fa8b9-36c8-46d0-9d80-1093bc34f7f2,e9·m1,live,Copa Sudamericana 2025,Overreaction,conservative,O'Higgins — Boca Juniors,1:0,Both Teams to Score — Yes,1,73,1,0,0.1,0.44,0.45,0.34,0.4442119819885826,33.5,30.2,4,-30.1,0.12,18,18,0,0.55,,211.139,-15.62,1,settled_lost,early,lost,18,2.38,-15.62,3,time_decay_floor|time_decay_floor|time_decay_floor,3.9,-68.49
abd08c90-d1d8-4e08-9c5d-74cd14c5df9b,e9·m1,prematch,Norway Eliteserien,Pre-match Value,aggressive,FK Bodø/Glimt — Lillestrøm SK,4:0,Under 3.5,0,,0,0,0.165,0.62,0.625,0.455,,45.5,46.2,1,-46.1,0.33,80,80,0,0.66,0.609,164.1965,-9.78,1,settled_lost,early,lost,10,0.22,-9.78,11,counter_scenario|counter_scenario|counter_scenario|time_stop|time_stop|time_stop|discretionary|capitulation|capitulation|discretionary|thesis_stop,21.7,-142.64
96b0fb45-7673-4292-93c0-ca88558c43eb,e9·m1,prematch,Norway Eliteserien,Pre-match Value,conservative,FK Bodø/Glimt — Lillestrøm SK,4:0,Under 3.5,0,,0,0,0.165,0.62,0.625,0.455,,45.5,46.2,25.9,-46.1,0.12,30,30,0,0.66,0.609,164.1965,-3.3,1,settled_lost,early,lost,7.5,4.2,-3.3,11,counter_scenario|counter_scenario|counter_scenario|time_stop|time_stop|time_stop|discretionary|capitulation|capitulation|discretionary|thesis_stop,21.7,-142.64
5f626846-cd07-45b3-8231-54069b58c4e1,e9·m1,prematch,Norway Eliteserien,Pre-match Value,max,FK Bodø/Glimt — Lillestrøm SK,4:0,Under 3.5,0,,0,0,0.165,0.62,0.625,0.455,,45.5,46.2,1,-46.1,0.5,140,140,0,0.66,0.609,164.1965,-17.12,1,settled_lost,early,lost,17.5,0.38,-17.12,11,counter_scenario|counter_scenario|counter_scenario|time_stop|time_stop|time_stop|discretionary|capitulation|capitulation|discretionary|thesis_stop,21.7,-142.64
95eeea0e-3591-4d09-a33a-b97b577a842d,,prematch,Norway Eliteserien,Pre-match Value,aggressive,FK Bodø/Glimt — Lillestrøm SK,4:0,Under 3.5,0,,,,0.158,0.62,,0.46,,45.5,46.2,16.9,-46.1,,,40,,,,,-25.37,1,settled_lost,partial,lost,40,14.63,-25.37,11,counter_scenario|counter_scenario|counter_scenario|time_stop|time_stop|time_stop|discretionary|capitulation|capitulation|discretionary|thesis_stop,21.7,-142.64
09b0b4e3-c144-4cff-ac5c-3cf3015cebfa,,prematch,Norway Eliteserien,Pre-match Value,conservative,FK Bodø/Glimt — Lillestrøm SK,4:0,Under 3.5,0,,,,0.158,0.62,,0.46,,45.5,46.2,16.9,-46.1,,,15,,,,,-9.51,1,settled_lost,partial,lost,15,5.49,-9.51,11,counter_scenario|counter_scenario|counter_scenario|time_stop|time_stop|time_stop|discretionary|capitulation|capitulation|discretionary|thesis_stop,21.7,-142.64
aac8bab1-6735-4303-aae3-294992e0990f,,prematch,Norway Eliteserien,Pre-match Value,max,FK Bodø/Glimt — Lillestrøm SK,4:0,Under 3.5,0,,,,0.158,0.62,,0.46,,45.5,46.2,16.9,-46.1,,,70,,,,,-44.39,1,settled_lost,partial,lost,70,25.61,-44.39,11,counter_scenario|counter_scenario|counter_scenario|time_stop|time_stop|time_stop|discretionary|capitulation|capitulation|discretionary|thesis_stop,21.7,-142.64
881753ae-29ab-4cd8-82b9-7d4ec25adc1c,,prematch,Norway Eliteserien,Pre-match Value,aggressive,FK Bodø/Glimt — Lillestrøm SK,4:0,Under 3.5,0,,,,0.158,0.62,,0.46,,45.5,46.2,23.9,-46.1,,,20,,,,,-9.65,1,settled_lost,partial,lost,20,10.35,-9.65,11,counter_scenario|counter_scenario|counter_scenario|time_stop|time_stop|time_stop|discretionary|capitulation|capitulation|discretionary|thesis_stop,21.7,-142.64
df749ddc-be6b-49bf-ab65-7e6de57383d8,,prematch,Norway Eliteserien,Pre-match Value,conservative,FK Bodø/Glimt — Lillestrøm SK,4:0,Under 3.5,0,,,,0.158,0.62,,0.46,,45.5,46.2,31.3,-46.1,,,7.5,,,,,-2.42,1,settled_lost,partial,lost,7.5,5.08,-2.42,11,counter_scenario|counter_scenario|counter_scenario|time_stop|time_stop|time_stop|discretionary|capitulation|capitulation|discretionary|thesis_stop,21.7,-142.64
050b38e6-a920-4489-83fb-0c964d428f56,,prematch,Norway Eliteserien,Pre-match Value,max,FK Bodø/Glimt — Lillestrøm SK,4:0,Under 3.5,0,,,,0.158,0.62,,0.46,,45.5,46.2,21.8,-46.1,,,35,,,,,-18.48,1,settled_lost,partial,lost,35,16.52,-18.48,11,counter_scenario|counter_scenario|counter_scenario|time_stop|time_stop|time_stop|discretionary|capitulation|capitulation|discretionary|thesis_stop,21.7,-142.64
740f978c-7be9-477e-b5e3-693e14990d7d,,prematch,Norway Eliteserien,Pre-match Value,aggressive,FK Bodø/Glimt — Lillestrøm SK,4:0,Under 3.5,0,,,,0.158,0.62,,0.46,,45.5,46.2,41.8,-46.1,,,10,,,,,-0.95,1,settled_lost,partial,lost,10,9.05,-0.95,11,counter_scenario|counter_scenario|counter_scenario|time_stop|time_stop|time_stop|discretionary|capitulation|capitulation|discretionary|thesis_stop,21.7,-142.64
dad631d3-431e-40b1-a710-9b58c2aeddcf,,prematch,Norway Eliteserien,Pre-match Value,max,FK Bodø/Glimt — Lillestrøm SK,4:0,Under 3.5,0,,,,0.158,0.62,,0.46,,45.5,46.2,41.8,-46.1,,,17.5,,,,,-1.67,1,settled_lost,partial,lost,17.5,15.83,-1.67,11,counter_scenario|counter_scenario|counter_scenario|time_stop|time_stop|time_stop|discretionary|capitulation|capitulation|discretionary|thesis_stop,21.7,-142.64
f2a6c345-b207-4637-af20-23038cfe0310,e9·m1,live,Liga MX 2025,Overreaction,aggressive,Club Puebla — CD Guadalajara,1:1,Draw (Club Puebla vs. CD Guadalajara) — No,0,32,1,0,0.08,0.8,0.73,0.73,,72.5,73.2,28.4,-72.7,0.33,80,80,0,0.58,,1589.8478,-48.96,1,settled_lost,early,lost,80,31.04,-48.96,2,discretionary|discretionary,31.9,-66.52
75ef3342-596c-4eab-8bba-06ca64ebae5a,e9·m1,live,Liga MX 2025,Overreaction,max,Club Puebla — CD Guadalajara,1:1,Draw (Club Puebla vs. CD Guadalajara) — No,0,32,1,0,0.08,0.8,0.73,0.73,,72.5,73.2,73.2,-72.7,0.5,136,136,0,0.58,,1589.8478,,0,settled_lost,match_score,lost,136,0,-136,2,settle|settle,31.9,-66.52
6b40eecc-e553-488b-b676-8595c091067c,e9·m1,live,Liga MX 2025,Overreaction,medium,Club Puebla — CD Guadalajara,1:1,Draw (Club Puebla vs. CD Guadalajara) — No,0,32,1,0,0.08,0.8,0.73,0.73,,72.5,73.2,35.4,-72.7,0.2,50,34,0,0.58,,1589.8478,-17.56,1,settled_lost,early,lost,34,16.44,-17.56,2,discretionary|discretionary,31.9,-66.52
9b0c0532-ab07-4eef-b3bd-b9b7b1696c04,e9·m1,prematch,Liga MX 2025,Pre-match Value,aggressive,FC Juárez — Pumas de la UNAM,1:5,Under 2.5,0,,0,0,0.105,0.55,0.548,0.445,,44.5,45.2,5.8,-45.1,0.33,62,62,0,0.6,0.47,388.9807,-54.04,1,settled_lost,early,lost,62,7.96,-54.04,4,discretionary|discretionary|discretionary|counter_scenario,8.4,-167.73
564915df-783f-4f2c-961f-113ec89ad29a,e9·m1,prematch,Liga MX 2025,Pre-match Value,conservative,FC Juárez — Pumas de la UNAM,1:5,Under 2.5,0,,0,0,0.105,0.55,0.548,0.445,,44.5,45.2,6.5,-45.1,0.12,22,22,0,0.6,0.47,388.9807,-18.84,1,settled_lost,early,lost,22,3.16,-18.84,4,discretionary|discretionary|discretionary|counter_scenario,8.4,-167.73
f35d6f95-3fde-4925-87dd-23712edef88d,e9·m1,prematch,Liga MX 2025,Pre-match Value,max,FC Juárez — Pumas de la UNAM,1:5,Under 2.5,0,,0,0,0.105,0.55,0.548,0.445,,44.5,45.2,14.9,-45.1,0.5,94,94,0,0.6,0.47,388.9807,-63.01,1,settled_lost,early,lost,94,30.99,-63.01,4,discretionary|discretionary|discretionary|counter_scenario,8.4,-167.73
378ddefe-bfe5-4e43-9073-02f2171309fe,e9·m1,prematch,Liga MX 2025,Pre-match Value,medium,FC Juárez — Pumas de la UNAM,1:5,Under 2.5,0,,0,0,0.105,0.55,0.548,0.445,,44.5,45.2,6.3,-45.1,0.2,37,37,0,0.6,0.47,388.9807,-31.84,1,settled_lost,early,lost,37,5.16,-31.84,4,discretionary|discretionary|discretionary|counter_scenario,8.4,-167.73
8687302e-dc16-41a0-b94d-c59226614fbf,e9·m1,prematch,Liga MX 2025,Pre-match Value,aggressive,Atlético San Luis — Club Tijuana,0:0,Under 2.5,0,,0,0,0.065,0.56,0.558,0.495,,49.5,50.2,80.9,49.8,0.33,42,42,0,0.6,0.32,387.6833,4.3,1,settled_won,early,won,7.03,11.33,4.3,9,thesis_stop|thesis_stop|take_price|take_price|take_price|take_price|take_price|take_price|take_price,73,41.03
8db3462a-5a61-4a0f-8cc8-d9c0598c2476,e9·m1,prematch,Liga MX 2025,Pre-match Value,max,Atlético San Luis — Club Tijuana,0:0,Under 2.5,0,,0,0,0.065,0.56,0.558,0.495,,49.5,50.2,81.9,49.8,0.5,64,64,0,0.6,0.32,387.6833,3.38,1,settled_won,early,won,5.36,8.74,3.38,9,thesis_stop|thesis_stop|take_price|take_price|take_price|take_price|take_price|take_price|take_price,73,41.03
32059364-de21-4b2d-9bdb-48a7ea425f2c,,prematch,Liga MX 2025,Pre-match Value,aggressive,Atlético San Luis — Club Tijuana,0:0,Under 2.5,0,,,,0.058,0.56,,0.5,,49.5,50.2,58.8,49.8,,,13.86,,,,,2.37,1,settled_won,partial,won,13.86,16.23,2.37,9,thesis_stop|thesis_stop|take_price|take_price|take_price|take_price|take_price|take_price|take_price,73,41.03
5ba5569f-c0df-4784-b062-c4ecafd954b6,,prematch,Liga MX 2025,Pre-match Value,max,Atlético San Luis — Club Tijuana,0:0,Under 2.5,0,,,,0.058,0.56,,0.5,,49.5,50.2,58.8,49.8,,,21.12,,,,,3.62,1,settled_won,partial,won,21.12,24.74,3.62,9,thesis_stop|thesis_stop|take_price|take_price|take_price|take_price|take_price|take_price|take_price,73,41.03
32552ed4-4eff-43f6-9303-8acd54fe80a8,,prematch,Liga MX 2025,Pre-match Value,aggressive,Atlético San Luis — Club Tijuana,0:0,Under 2.5,0,,,,0.058,0.56,,0.5,,49.5,50.2,70.9,49.8,,,14.07,,,,,5.8,1,settled_won,partial,won,14.07,19.87,5.8,9,thesis_stop|thesis_stop|take_price|take_price|take_price|take_price|take_price|take_price|take_price,73,41.03
6f33630e-5f0b-4f4e-9c2a-3f27a9082aa9,,prematch,Liga MX 2025,Pre-match Value,max,Atlético San Luis — Club Tijuana,0:0,Under 2.5,0,,,,0.058,0.56,,0.5,,49.5,50.2,70.9,49.8,,,21.44,,,,,8.84,1,settled_won,partial,won,21.44,30.28,8.84,9,thesis_stop|thesis_stop|take_price|take_price|take_price|take_price|take_price|take_price|take_price,73,41.03
d530f65b-caaa-4051-9665-4cb4566a6bf6,,prematch,Liga MX 2025,Pre-match Value,aggressive,Atlético San Luis — Club Tijuana,0:0,Under 2.5,0,,,,0.058,0.56,,0.5,,49.5,50.2,76.9,49.8,,,7.04,,,,,3.74,1,settled_won,partial,won,7.04,10.78,3.74,9,thesis_stop|thesis_stop|take_price|take_price|take_price|take_price|take_price|take_price|take_price,73,41.03
9b606c8b-e9dd-44f9-827b-f26e272dc9c2,,prematch,Liga MX 2025,Pre-match Value,max,Atlético San Luis — Club Tijuana,0:0,Under 2.5,0,,,,0.058,0.56,,0.5,,49.5,50.2,76.9,49.8,,,10.72,,,,,5.7,1,settled_won,partial,won,10.72,16.42,5.7,9,thesis_stop|thesis_stop|take_price|take_price|take_price|take_price|take_price|take_price|take_price,73,41.03
6937046d-203d-41c2-a2ae-87fa43d239ff,,prematch,Liga MX 2025,Pre-match Value,max,Atlético San Luis — Club Tijuana,0:0,Under 2.5,0,,,,0.058,0.56,,0.5,,49.5,50.2,80.9,49.8,,,5.36,,,,,3.28,1,settled_won,partial,won,5.36,8.64,3.28,9,thesis_stop|thesis_stop|take_price|take_price|take_price|take_price|take_price|take_price|take_price,73,41.03
47561ec3-1554-41d1-98e1-a11f30fd23da,e9·m1,prematch,Chinese Super League,Pre-match Value,aggressive,Tianjin Jinmen Hu FC — Yunnan Yukun FC,3:2,Under 3.5,0,,0,0,0.105,0.71,0.714,0.605,,60.5,61.2,1,-61.1,0.33,80,80,0,0.5,0.643,123.7118,-10.39,1,settled_lost,early,lost,10.56,0.17,-10.39,18,take_price|take_price|take_price|counter_scenario|counter_scenario|counter_scenario|take_price|take_price|take_price|take_price|take_price|take_price|take_price|take_price|take_price|counter_scenario|counter_scenario|counter_scenario,63.4,13.73
bdf234c7-9c6e-4258-9ab1-c1159a524b64,e9·m1,prematch,Chinese Super League,Pre-match Value,max,Tianjin Jinmen Hu FC — Yunnan Yukun FC,3:2,Under 3.5,0,,0,0,0.105,0.71,0.714,0.605,,60.5,61.2,1,-61.1,0.5,132,132,0,0.5,0.643,123.7118,-17.14,1,settled_lost,early,lost,17.42,0.28,-17.14,18,take_price|take_price|take_price|counter_scenario|counter_scenario|counter_scenario|take_price|take_price|take_price|take_price|take_price|take_price|take_price|take_price|take_price|counter_scenario|counter_scenario|counter_scenario,63.4,13.73
dac3afed-0640-4391-9a78-44e847ab3394,e9·m1,prematch,Chinese Super League,Pre-match Value,medium,Tianjin Jinmen Hu FC — Yunnan Yukun FC,3:2,Under 3.5,0,,0,0,0.105,0.71,0.714,0.605,,60.5,61.2,1,-61.1,0.2,38,38,0,0.5,0.643,123.7118,-4.93,1,settled_lost,early,lost,5.01,0.08,-4.93,18,take_price|take_price|take_price|counter_scenario|counter_scenario|counter_scenario|take_price|take_price|take_price|take_price|take_price|take_price|take_price|take_price|take_price|counter_scenario|counter_scenario|counter_scenario,63.4,13.73
7fbf4644-523e-4219-8ce4-bbaadad3f94b,,prematch,Chinese Super League,Pre-match Value,aggressive,Tianjin Jinmen Hu FC — Yunnan Yukun FC,3:2,Under 3.5,0,,,,0.098,0.71,,0.61,,60.5,61.2,70.9,-61.1,,,24,,,,,3.8,1,settled_lost,partial,lost,24,27.8,3.8,18,take_price|take_price|take_price|counter_scenario|counter_scenario|counter_scenario|take_price|take_price|take_price|take_price|take_price|take_price|take_price|take_price|take_price|counter_scenario|counter_scenario|counter_scenario,63.4,13.73
b9f5e05c-6e67-4e77-8595-5a522e766b36,,prematch,Chinese Super League,Pre-match Value,max,Tianjin Jinmen Hu FC — Yunnan Yukun FC,3:2,Under 3.5,0,,,,0.098,0.71,,0.61,,60.5,61.2,70.9,-61.1,,,39.6,,,,,6.28,1,settled_lost,partial,lost,39.6,45.88,6.28,18,take_price|take_price|take_price|counter_scenario|counter_scenario|counter_scenario|take_price|take_price|take_price|take_price|take_price|take_price|take_price|take_price|take_price|counter_scenario|counter_scenario|counter_scenario,63.4,13.73
0200f971-6119-45e8-b96f-d1ef9402e905,,prematch,Chinese Super League,Pre-match Value,medium,Tianjin Jinmen Hu FC — Yunnan Yukun FC,3:2,Under 3.5,0,,,,0.098,0.71,,0.61,,60.5,61.2,70.9,-61.1,,,11.4,,,,,1.81,1,settled_lost,partial,lost,11.4,13.21,1.81,18,take_price|take_price|take_price|counter_scenario|counter_scenario|counter_scenario|take_price|take_price|take_price|take_price|take_price|take_price|take_price|take_price|take_price|counter_scenario|counter_scenario|counter_scenario,63.4,13.73
4c864d1e-a83b-4d3c-b463-79bebf986d69,,prematch,Chinese Super League,Pre-match Value,aggressive,Tianjin Jinmen Hu FC — Yunnan Yukun FC,3:2,Under 3.5,0,,,,0.098,0.71,,0.61,,60.5,61.2,74.9,-61.1,,,16.8,,,,,3.76,1,settled_lost,partial,lost,16.8,20.56,3.76,18,take_price|take_price|take_price|counter_scenario|counter_scenario|counter_scenario|take_price|take_price|take_price|take_price|take_price|take_price|take_price|take_price|take_price|counter_scenario|counter_scenario|counter_scenario,63.4,13.73
30ec8a89-ac70-4f9f-93ef-204c42a1bfc5,,prematch,Chinese Super League,Pre-match Value,max,Tianjin Jinmen Hu FC — Yunnan Yukun FC,3:2,Under 3.5,0,,,,0.098,0.71,,0.61,,60.5,61.2,74.9,-61.1,,,27.72,,,,,6.21,1,settled_lost,partial,lost,27.72,33.93,6.21,18,take_price|take_price|take_price|counter_scenario|counter_scenario|counter_scenario|take_price|take_price|take_price|take_price|take_price|take_price|take_price|take_price|take_price|counter_scenario|counter_scenario|counter_scenario,63.4,13.73
f63308af-6a39-43c0-b74d-c6dd5a92833c,,prematch,Chinese Super League,Pre-match Value,medium,Tianjin Jinmen Hu FC — Yunnan Yukun FC,3:2,Under 3.5,0,,,,0.098,0.71,,0.61,,60.5,61.2,74.9,-61.1,,,7.98,,,,,1.79,1,settled_lost,partial,lost,7.98,9.77,1.79,18,take_price|take_price|take_price|counter_scenario|counter_scenario|counter_scenario|take_price|take_price|take_price|take_price|take_price|take_price|take_price|take_price|take_price|counter_scenario|counter_scenario|counter_scenario,63.4,13.73
9af71fb4-de5f-4505-93d3-0a00b5985d63,,prematch,Chinese Super League,Pre-match Value,aggressive,Tianjin Jinmen Hu FC — Yunnan Yukun FC,3:2,Under 3.5,0,,,,0.098,0.71,,0.61,,60.5,61.2,73.9,-61.1,,,15.68,,,,,3.25,1,settled_lost,partial,lost,15.68,18.93,3.25,18,take_price|take_price|take_price|counter_scenario|counter_scenario|counter_scenario|take_price|take_price|take_price|take_price|take_price|take_price|take_price|take_price|take_price|counter_scenario|counter_scenario|counter_scenario,63.4,13.73
622f74cc-982f-4e20-8cd4-7522c5e79e1f,,prematch,Chinese Super League,Pre-match Value,max,Tianjin Jinmen Hu FC — Yunnan Yukun FC,3:2,Under 3.5,0,,,,0.098,0.71,,0.61,,60.5,61.2,73.9,-61.1,,,25.87,,,,,5.37,1,settled_lost,partial,lost,25.87,31.24,5.37,18,take_price|take_price|take_price|counter_scenario|counter_scenario|counter_scenario|take_price|take_price|take_price|take_price|take_price|take_price|take_price|take_price|take_price|counter_scenario|counter_scenario|counter_scenario,63.4,13.73
65e82ef1-b72c-4559-9bb1-4e4077fd6e99,,prematch,Chinese Super League,Pre-match Value,medium,Tianjin Jinmen Hu FC — Yunnan Yukun FC,3:2,Under 3.5,0,,,,0.098,0.71,,0.61,,60.5,61.2,73.9,-61.1,,,7.45,,,,,1.55,1,settled_lost,partial,lost,7.45,9,1.55,18,take_price|take_price|take_price|counter_scenario|counter_scenario|counter_scenario|take_price|take_price|take_price|take_price|take_price|take_price|take_price|take_price|take_price|counter_scenario|counter_scenario|counter_scenario,63.4,13.73
0502349e-1f27-400f-ae82-e7bf2cd7cf55,,prematch,Chinese Super League,Pre-match Value,aggressive,Tianjin Jinmen Hu FC — Yunnan Yukun FC,3:2,Under 3.5,0,,,,0.098,0.71,,0.61,,60.5,61.2,79.9,-61.1,,,7.76,,,,,2.37,1,settled_lost,partial,lost,7.76,10.13,2.37,18,take_price|take_price|take_price|counter_scenario|counter_scenario|counter_scenario|take_price|take_price|take_price|take_price|take_price|take_price|take_price|take_price|take_price|counter_scenario|counter_scenario|counter_scenario,63.4,13.73
c1e54e1a-653b-4e57-a567-8f63373b34a3,,prematch,Chinese Super League,Pre-match Value,max,Tianjin Jinmen Hu FC — Yunnan Yukun FC,3:2,Under 3.5,0,,,,0.098,0.71,,0.61,,60.5,61.2,79.9,-61.1,,,12.81,,,,,3.91,1,settled_lost,partial,lost,12.81,16.72,3.91,18,take_price|take_price|take_price|counter_scenario|counter_scenario|counter_scenario|take_price|take_price|take_price|take_price|take_price|take_price|take_price|take_price|take_price|counter_scenario|counter_scenario|counter_scenario,63.4,13.73
6c3dfc52-703c-4e4c-8b99-b23be55b69c8,,prematch,Chinese Super League,Pre-match Value,medium,Tianjin Jinmen Hu FC — Yunnan Yukun FC,3:2,Under 3.5,0,,,,0.098,0.71,,0.61,,60.5,61.2,79.9,-61.1,,,3.69,,,,,1.13,1,settled_lost,partial,lost,3.69,4.82,1.13,18,take_price|take_price|take_price|counter_scenario|counter_scenario|counter_scenario|take_price|take_price|take_price|take_price|take_price|take_price|take_price|take_price|take_price|counter_scenario|counter_scenario|counter_scenario,63.4,13.73
72a8ae3d-21c6-41a9-8d19-40fd20d2fe66,,prematch,Chinese Super League,Pre-match Value,aggressive,Tianjin Jinmen Hu FC — Yunnan Yukun FC,3:2,Under 3.5,0,,,,0.098,0.71,,0.61,,60.5,61.2,79.9,-61.1,,,5.2,,,,,1.59,1,settled_lost,partial,lost,5.2,6.79,1.59,18,take_price|take_price|take_price|counter_scenario|counter_scenario|counter_scenario|take_price|take_price|take_price|take_price|take_price|take_price|take_price|take_price|take_price|counter_scenario|counter_scenario|counter_scenario,63.4,13.73
c05bfd45-a45d-4d57-a8a7-df01dad4fd35,,prematch,Chinese Super League,Pre-match Value,max,Tianjin Jinmen Hu FC — Yunnan Yukun FC,3:2,Under 3.5,0,,,,0.098,0.71,,0.61,,60.5,61.2,79.9,-61.1,,,8.58,,,,,2.62,1,settled_lost,partial,lost,8.58,11.2,2.62,18,take_price|take_price|take_price|counter_scenario|counter_scenario|counter_scenario|take_price|take_price|take_price|take_price|take_price|take_price|take_price|take_price|take_price|counter_scenario|counter_scenario|counter_scenario,63.4,13.73
ee3423e0-8a4f-47a6-b851-ee49214d94be,,prematch,Chinese Super League,Pre-match Value,medium,Tianjin Jinmen Hu FC — Yunnan Yukun FC,3:2,Under 3.5,0,,,,0.098,0.71,,0.61,,60.5,61.2,79.9,-61.1,,,2.47,,,,,0.75,1,settled_lost,partial,lost,2.47,3.22,0.75,18,take_price|take_price|take_price|counter_scenario|counter_scenario|counter_scenario|take_price|take_price|take_price|take_price|take_price|take_price|take_price|take_price|take_price|counter_scenario|counter_scenario|counter_scenario,63.4,13.73
5abd4e7b-03d7-4482-af87-fec6180b9442,e9·m1,prematch,Liga 1,Pre-match Value,aggressive,FC Cajamarca — CS Huancayo,0:2,Under 2.5,0,,0,0,0.055,0.55,0.548,0.495,,49.5,50.2,22,49.3,0.33,35,35,0,0.5,0.661,169.5988,-19.66,1,settled_won,early,won,35,15.34,-19.66,2,counter_scenario|counter_scenario,22,-50.1
b3c1d366-871b-4ff3-841c-65cc6c440316,e9·m1,prematch,Liga 1,Pre-match Value,max,FC Cajamarca — CS Huancayo,0:2,Under 2.5,0,,0,0,0.055,0.55,0.548,0.495,,49.5,50.2,21.9,49.3,0.5,54,54,0,0.5,0.661,169.5988,-30.44,1,settled_won,early,won,54,23.56,-30.44,2,counter_scenario|counter_scenario,22,-50.1
8ee724d8-5f66-4c08-9998-1a4f719d4ba6,e9·m1,prematch,MLS 2025,Pre-match Value,aggressive,FC Cincinnati — San Jose Earthquakes,4:2,Under 3.5,0,,0,0,0.195,0.62,0.625,0.425,,42.5,43.2,16,-41.2,0.33,80,80,0,0.6,0.62,141.7067,-25.19,1,settled_lost,early,lost,40,14.81,-25.19,2,counter_scenario|discretionary,24,-35.65
b4183584-b15a-4512-8885-840bfd0ba555,e9·m1,prematch,MLS 2025,Pre-match Value,conservative,FC Cincinnati — San Jose Earthquakes,4:2,Under 3.5,0,,0,0,0.195,0.62,0.625,0.425,,42.5,43.2,59.8,-41.2,0.12,30,30,0,0.6,0.62,141.7067,11.53,1,settled_lost,early,lost,30,41.53,11.53,1,take_price,59.8,11.53
e86fd647-a4b4-49ae-b245-463839ea4709,e9·m1,prematch,MLS 2025,Pre-match Value,max,FC Cincinnati — San Jose Earthquakes,4:2,Under 3.5,0,,0,0,0.195,0.62,0.625,0.425,,42.5,43.2,16.5,-41.2,0.5,140,140,0,0.6,0.62,141.7067,-43.26,1,settled_lost,early,lost,70,26.74,-43.26,2,counter_scenario|counter_scenario,24.2,-61.73
0a9c177e-5ef9-4a9a-8d5b-77a657018b43,e9·m1,live,MLS 2025,Pre-match Value,aggressive,Inter Miami CF — Columbus Crew,2:2,Under 3.5,0,0,0,0,0.145,0.65,0.647,0.505,,50.5,58.2,12.9,-56.7,0.33,80,80,1,0.55,0.65,112.0534,-62.27,1,settled_lost,early,lost,80,17.73,-62.27,1,discretionary,12.9,-62.27
343e167f-d037-4c9a-89d8-c8d66f6890f6,e9·m1,live,MLS 2025,Pre-match Value,conservative,Inter Miami CF — Columbus Crew,2:2,Under 3.5,0,0,0,0,0.145,0.65,0.647,0.505,,50.5,58.1,12.9,-56.6,0.12,30,30,0.9,0.55,0.65,112.0534,-23.34,1,settled_lost,early,lost,30,6.66,-23.34,1,discretionary,12.9,-23.34
fba876e7-bd26-477a-b172-a7ecf883c1c9,e9·m1,live,MLS 2025,Pre-match Value,max,Inter Miami CF — Columbus Crew,2:2,Under 3.5,0,0,0,0,0.145,0.65,0.647,0.505,,50.5,58.2,21.9,-56.7,0.5,140,140,1,0.55,0.65,112.0534,-87.32,1,settled_lost,early,lost,140,52.68,-87.32,1,time_stop,21.9,-87.32
39ce709a-a048-4d29-b516-6a7ba547e64a,e9·m1,prematch,MLS 2025,Pre-match Value,aggressive,Minnesota United FC — San Diego FC,1:1,Under 2.5,0,,0,0,0.135,0.52,0.524,0.385,,38.5,39.2,30.3,27.8,0.33,72,72,0,0.55,0.42,50.6128,-16.35,1,settled_won,early,won,72,55.65,-16.35,1,counter_scenario,30.3,-16.35
1e2143e2-4264-41c7-bc4d-50521b3ceb76,e9·m1,prematch,MLS 2025,Pre-match Value,conservative,Minnesota United FC — San Diego FC,1:1,Under 2.5,0,,0,0,0.135,0.52,0.524,0.385,,38.5,39.2,53.8,27.8,0.12,26,26,0,0.55,0.42,50.6128,9.68,1,settled_won,early,won,26,35.68,9.68,1,take_price,53.8,9.68
893c3ac6-08d5-41c9-9b74-6e5947b0cc45,e9·m1,prematch,MLS 2025,Pre-match Value,max,Minnesota United FC — San Diego FC,1:1,Under 2.5,0,,0,0,0.135,0.52,0.524,0.385,,38.5,39.2,30.2,27.8,0.5,109,109,0,0.55,0.42,50.6128,-25.03,1,settled_won,early,won,109,83.97,-25.03,1,counter_scenario,30.2,-25.03
e8ca8aa4-58fc-448a-baf1-96e78a9dc8b1,e9·m1,prematch,MLS 2025,Pre-match Value,medium,Minnesota United FC — San Diego FC,1:1,Under 2.5,0,,0,0,0.135,0.52,0.524,0.385,,38.5,39.2,59.8,27.8,0.2,43,43,0,0.55,0.42,50.6128,22.6,1,settled_won,early,won,43,65.6,22.6,1,take_price,59.8,22.6
ad87efce-3609-4b0a-810b-c8808fb20a9e,e9·m1,prematch,MLS 2025,Pre-match Value,aggressive,St. Louis City SC — Real Salt Lake,1:1,Under 3.5,0,,0,0,0.08,0.665,0.665,0.585,,58.5,59.2,91.9,38.3,0.33,63,63,0,0.6,0.606,145.5438,5.83,1,settled_won,early,won,10.55,16.38,5.83,5,take_price|take_price|thesis_stop|take_price|take_price,88.4,28.65
3fcff3ed-51fb-4660-a2c2-4439d2253171,e9·m1,prematch,MLS 2025,Pre-match Value,aggressive,St. Louis City SC — Real Salt Lake,1:1,Under 2.5,0,,0,0,0.075,0.44,0.441,0.365,,36.5,37.2,68.8,56.3,0.33,17,17,0,0.6,0.462,59.0988,6.48,1,settled_won,early,won,7.63,14.11,6.48,4,take_price|take_price|take_price|take_price,56.8,16.69
d8a39606-b43a-4231-956b-5bdc8472becd,e9·m1,prematch,MLS 2025,Pre-match Value,max,St. Louis City SC — Real Salt Lake,1:1,Under 3.5,0,,0,0,0.08,0.665,0.665,0.585,,58.5,59.2,91.9,38.3,0.5,96,96,0,0.6,0.606,145.5438,8.88,1,settled_won,early,won,16.08,24.96,8.88,5,take_price|take_price|thesis_stop|take_price|take_price,87.6,41.45
d7e9d5d6-2cae-44e5-aed7-838e65807b30,e9·m1,prematch,MLS 2025,Pre-match Value,max,St. Louis City SC — Real Salt Lake,1:1,Under 2.5,0,,0,0,0.075,0.44,0.441,0.365,,36.5,37.2,74.9,56.3,0.5,59,59,0,0.6,0.462,59.0988,13.42,1,settled_won,early,won,13.24,26.66,13.42,5,take_price|take_price|take_price|take_price|take_price,61.1,41.99
2fe54a85-78e8-4028-94d2-a90a9cb7e71e,e9·m1,prematch,MLS 2025,Pre-match Value,medium,St. Louis City SC — Real Salt Lake,1:1,Under 3.5,0,,0,0,0.08,0.665,0.665,0.585,,58.5,59.2,89.9,38.3,0.2,15,15,0,0.6,0.606,145.5438,2.6,1,settled_won,early,won,5.02,7.62,2.6,3,take_price|take_price|take_price,85.6,6.69
55662cfd-4286-4a95-8469-fc22dd318123,,prematch,MLS 2025,Pre-match Value,aggressive,St. Louis City SC — Real Salt Lake,1:1,Under 2.5,0,,,,0.068,0.44,,0.37,,36.5,37.2,48.8,56.3,,,5.61,,,,,1.75,1,settled_won,partial,won,5.61,7.36,1.75,2,take_price|take_price,48.8,7.82
b9ba3cad-013a-423d-873d-76db4e3bc04b,,prematch,MLS 2025,Pre-match Value,max,St. Louis City SC — Real Salt Lake,1:1,Under 2.5,0,,,,0.068,0.44,,0.37,,36.5,37.2,48.8,56.3,,,19.47,,,,,6.07,1,settled_won,partial,won,19.47,25.54,6.07,2,take_price|take_price,48.8,7.82
15f2daf8-f8cf-4bf6-9629-7eee21dbcca3,,prematch,MLS 2025,Pre-match Value,aggressive,St. Louis City SC — Real Salt Lake,1:1,Under 2.5,0,,,,0.068,0.44,,0.37,,36.5,37.2,60.8,56.3,,,3.76,,,,,2.39,1,settled_won,partial,won,3.76,6.15,2.39,2,take_price|take_price,48.8,7.82
2f27db07-2103-46e6-8957-cf131888f98a,,prematch,MLS 2025,Pre-match Value,aggressive,St. Louis City SC — Real Salt Lake,1:1,Under 3.5,0,,,,0.073,0.665,,0.59,,58.5,59.2,76.4,38.3,,,20.79,,,,,6.04,1,settled_won,partial,won,20.79,26.83,6.04,0,,,0
79c70310-fdb3-4dcb-a2f5-6f69f58a23cc,,prematch,MLS 2025,Pre-match Value,max,St. Louis City SC — Real Salt Lake,1:1,Under 2.5,0,,,,0.068,0.44,,0.37,,36.5,37.2,59.1,56.3,,,13.04,,,,,7.68,1,settled_won,partial,won,13.04,20.72,7.68,2,take_price|take_price,48.8,7.82
db385ea3-6500-4baf-b61a-0731c2d702f5,,prematch,MLS 2025,Pre-match Value,max,St. Louis City SC — Real Salt Lake,1:1,Under 3.5,0,,,,0.073,0.665,,0.59,,58.5,59.2,72.3,38.3,,,31.68,,,,,7.01,1,settled_won,partial,won,31.68,38.69,7.01,0,,,0
a9a4f53c-3f4e-4254-ac4c-4140cd2d0aa5,,prematch,MLS 2025,Pre-match Value,medium,St. Louis City SC — Real Salt Lake,1:1,Under 3.5,0,,,,0.073,0.665,,0.59,,58.5,59.2,76.9,38.3,,,4.95,,,,,1.48,1,settled_won,partial,won,4.95,6.43,1.48,0,,,0
f858af66-5323-4efd-9003-1f4bf0a2c970,,prematch,MLS 2025,Pre-match Value,aggressive,St. Louis City SC — Real Salt Lake,1:1,Under 3.5,0,,,,0.073,0.665,,0.59,,58.5,59.2,89.9,38.3,,,21.11,,,,,10.95,1,settled_won,partial,won,21.11,32.06,10.95,0,,,0
7351ee18-ce2b-4a20-980e-4cfbff062199,,prematch,MLS 2025,Pre-match Value,max,St. Louis City SC — Real Salt Lake,1:1,Under 2.5,0,,,,0.068,0.44,,0.37,,36.5,37.2,73.9,56.3,,,13.25,,,,,13.07,1,settled_won,partial,won,13.25,26.32,13.07,2,take_price|take_price,48.8,7.82
32eb751e-cbae-45ce-b3e2-3bd188de4a41,,prematch,MLS 2025,Pre-match Value,max,St. Louis City SC — Real Salt Lake,1:1,Under 3.5,0,,,,0.073,0.665,,0.59,,58.5,59.2,89.9,38.3,,,32.16,,,,,16.68,1,settled_won,partial,won,32.16,48.84,16.68,0,,,0
9b9561cd-574b-4112-8e0c-bc52f91fac91,,prematch,MLS 2025,Pre-match Value,medium,St. Louis City SC — Real Salt Lake,1:1,Under 3.5,0,,,,0.073,0.665,,0.59,,58.5,59.2,89.9,38.3,,,5.03,,,,,2.61,1,settled_won,partial,won,5.03,7.64,2.61,0,,,0
53c2a867-e607-4940-b91f-18a0bfccebea,,prematch,MLS 2025,Pre-match Value,aggressive,St. Louis City SC — Real Salt Lake,1:1,Under 3.5,0,,,,0.073,0.665,,0.59,,58.5,59.2,91.9,38.3,,,10.55,,,,,5.83,1,settled_won,partial,won,10.55,16.38,5.83,0,,,0
925a9c5e-74c7-412d-8a9f-fbba1578a19d,,prematch,MLS 2025,Pre-match Value,max,St. Louis City SC — Real Salt Lake,1:1,Under 3.5,0,,,,0.073,0.665,,0.59,,58.5,59.2,91.9,38.3,,,16.08,,,,,8.88,1,settled_won,partial,won,16.08,24.96,8.88,0,,,0
10023168-706a-4267-8828-35cd9ee15da8,,prematch,MLS 2025,Pre-match Value,aggressive,FC Cincinnati — San Jose Earthquakes,4:2,Under 3.5,0,,,,0.188,0.62,,0.43,,42.5,43.2,31.9,-41.2,,,40,,,,,-10.46,1,settled_lost,partial,lost,40,29.54,-10.46,0,,,0
8ef73bb5-1455-4b02-adea-e59b10c16bb2,,prematch,MLS 2025,Pre-match Value,max,FC Cincinnati — San Jose Earthquakes,4:2,Under 3.5,0,,,,0.188,0.62,,0.43,,42.5,43.2,31.8,-41.2,,,70,,,,,-18.47,1,settled_lost,partial,lost,70,51.53,-18.47,0,,,0
3673cc18-a777-484a-9628-4d7d6d5d8d13,e10·m1,prematch,Chinese Super League,Pre-match Value,aggressive,Liaoning Tieren FC — Shanghai Shenhua FC,3:1,Under 3.5,0,,0,0,0.185,0.67,0.67,0.485,,48.5,48.2,25.9,-34.7,0.33,80,80,0,0.55,0.72,66.7019,-37.01,1,settled_lost,early,lost,80,42.99,-37.01,1,thesis_stop,25.9,-37.01
119c628e-0b12-4df1-ab9c-7503a561e522,e10·m1,prematch,Chinese Super League,Pre-match Value,conservative,Liaoning Tieren FC — Shanghai Shenhua FC,3:1,Under 3.5,0,,0,0,0.185,0.67,0.67,0.485,,48.5,48.2,25.9,-34.7,0.12,30,30,0,0.55,0.72,66.7019,-13.88,1,settled_lost,early,lost,30,16.12,-13.88,1,thesis_stop,25.9,-13.88
650238c4-66cc-4d0d-8cd2-bd5bceb58e54,e10·m1,prematch,Chinese Super League,Pre-match Value,max,Liaoning Tieren FC — Shanghai Shenhua FC,3:1,Under 3.5,0,,0,0,0.185,0.67,0.67,0.485,,48.5,48.2,25.9,-34.7,0.5,140,140,0,0.55,0.72,66.7019,-64.77,1,settled_lost,early,lost,140,75.23,-64.77,1,thesis_stop,25.9,-64.77
f4bc3d6e-e735-40e9-90da-6c1bd5a1eeea,e10·m1,prematch,Denmark Superliga,Pre-match Value,aggressive,FC Nordsjælland — Randers FC,1:0,Under 3.5,0,,0,0,0.09,0.69,0.692,0.6,,60,61.2,94.1,36.2,0.33,74,74,0,0.6,0.63,65.3796,4,1,settled_won,early,won,7.44,11.44,4,4,take_price|take_price|take_price|thesis_stop,85.9,28.77
6bcd4f4f-bd9b-49d2-a872-d9f45096047d,e10·m1,prematch,Denmark Superliga,Pre-match Value,conservative,FC Nordsjælland — Randers FC,1:0,Under 3.5,0,,0,0,0.09,0.69,0.692,0.6,,60,61.2,82.9,36.2,0.12,26,26,0,0.6,0.63,65.3796,9.22,1,settled_won,early,won,26,35.22,9.22,1,take_price,82.9,9.22
f7259ea6-22e4-44f4-bb68-fd6d433a81d3,e10·m1,prematch,Denmark Superliga,Pre-match Value,max,FC Nordsjælland — Randers FC,1:0,Under 3.5,0,,0,0,0.09,0.69,0.692,0.6,,60,61.2,94.1,36.2,0.5,112,112,0,0.6,0.63,65.3796,6.05,1,settled_won,early,won,11.26,17.31,6.05,4,take_price|take_price|take_price|thesis_stop,85.2,42.35
54d554a5-b2ed-4457-9817-5b5b399fea1d,e10·m1,prematch,Denmark Superliga,Pre-match Value,medium,FC Nordsjælland — Randers FC,1:0,Under 3.5,0,,0,0,0.09,0.69,0.692,0.6,,60,61.2,91.9,36.2,0.2,38,38,0,0.6,0.63,65.3796,6.39,1,settled_won,early,won,12.73,19.12,6.39,3,take_price|take_price|take_price,88.6,17.01
28240670-d1ac-4df5-ae2c-41ad2641d1f4,,prematch,Denmark Superliga,Pre-match Value,aggressive,FC Nordsjælland — Randers FC,1:0,Under 3.5,0,,,,0.078,0.69,,0.61,,60,61.2,86.9,36.2,,,24.42,,,,,10.25,1,settled_won,partial,won,24.42,34.67,10.25,0,,,0
3458aaad-ad06-4b59-9b5d-c37153a1fd03,,prematch,Denmark Superliga,Pre-match Value,max,FC Nordsjælland — Randers FC,1:0,Under 3.5,0,,,,0.078,0.69,,0.61,,60,61.2,86.9,36.2,,,36.96,,,,,15.52,1,settled_won,partial,won,36.96,52.48,15.52,0,,,0
d86e622e-15b4-49c4-bfa0-f1d748620fdf,,prematch,Denmark Superliga,Pre-match Value,medium,FC Nordsjælland — Randers FC,1:0,Under 3.5,0,,,,0.078,0.69,,0.61,,60,61.2,86.9,36.2,,,12.54,,,,,5.27,1,settled_won,partial,won,12.54,17.81,5.27,0,,,0
f49d0bcf-da09-4f47-a429-b65fa749ecf0,,prematch,Denmark Superliga,Pre-match Value,aggressive,FC Nordsjælland — Randers FC,1:0,Under 3.5,0,,,,0.078,0.69,,0.61,,60,61.2,86.9,36.2,,,24.79,,,,,10.41,1,settled_won,partial,won,24.79,35.2,10.41,0,,,0
c33d6c3b-ffe6-4dde-bcb5-3a051441ab24,,prematch,Denmark Superliga,Pre-match Value,max,FC Nordsjælland — Randers FC,1:0,Under 3.5,0,,,,0.078,0.69,,0.61,,60,61.2,86.9,36.2,,,37.52,,,,,15.76,1,settled_won,partial,won,37.52,53.28,15.76,0,,,0
50578403-8b9a-4f49-8a4c-a4d84432a340,,prematch,Denmark Superliga,Pre-match Value,medium,FC Nordsjælland — Randers FC,1:0,Under 3.5,0,,,,0.078,0.69,,0.61,,60,61.2,86.9,36.2,,,12.73,,,,,5.35,1,settled_won,partial,won,12.73,18.08,5.35,0,,,0
31bcdbaa-8740-4b38-befd-5caced943313,,prematch,Denmark Superliga,Pre-match Value,aggressive,FC Nordsjælland — Randers FC,1:0,Under 3.5,0,,,,0.078,0.69,,0.61,,60,61.2,75.7,36.2,,,17.35,,,,,4.11,1,settled_won,partial,won,17.35,21.46,4.11,0,,,0
866c22b7-8510-44ae-8673-6ae714e8eebf,,prematch,Denmark Superliga,Pre-match Value,max,FC Nordsjælland — Randers FC,1:0,Under 3.5,0,,,,0.078,0.69,,0.61,,60,61.2,72.9,36.2,,,26.26,,,,,5.02,1,settled_won,partial,won,26.26,31.28,5.02,0,,,0
b5d96d07-5980-4abd-be45-1724e7dcd8b3,e10·m1,prematch,Liga 1,Pre-match Value,aggressive,CS Cristal — ADC Juan Pablo II College,2:0,Under 3.5,0,,0,0,0.065,0.67,0.67,0.605,,60.5,61.2,96,37.5,0.33,54,54,0,0.58,0.67,124.3093,5.37,1,settled_won,early,won,9.45,14.82,5.37,4,take_price|take_price|take_price|thesis_stop,88.4,21.28
daffec4b-0bca-415b-ae08-328bfc34b828,e10·m1,prematch,Liga 1,Pre-match Value,max,CS Cristal — ADC Juan Pablo II College,2:0,Under 3.5,0,,0,0,0.065,0.67,0.67,0.605,,60.5,61.2,96,37.5,0.5,82,82,0,0.58,0.67,124.3093,8.16,1,settled_won,early,won,14.35,22.51,8.16,4,take_price|take_price|take_price|thesis_stop,88.4,32.32
681f95dc-e2b4-4b88-9162-cad39a7a6ef3,e10·m1,prematch,Liga 1,Pre-match Value,conservative,CS Cristal — ADC Juan Pablo II College,2:0,Under 3.5,0,,0,0,0.085,0.69,0.692,0.605,,60.5,61.2,82.9,37.5,0.12,25,25,0,0.55,0.72,124.3093,4.43,1,settled_won,early,won,12.5,16.93,4.43,2,take_price|take_price,80.9,8.05
312f7adb-7813-40c1-9a04-7e7a74a320f1,,prematch,Liga 1,Pre-match Value,aggressive,CS Cristal — ADC Juan Pablo II College,2:0,Under 3.5,0,,,,0.058,0.67,,0.61,,60.5,61.2,78.9,37.5,,,27,,,,,7.81,1,settled_won,partial,won,27,34.81,7.81,0,,,0
63dfb119-386b-401c-a1c2-90a868aebbbe,,prematch,Liga 1,Pre-match Value,conservative,CS Cristal — ADC Juan Pablo II College,2:0,Under 3.5,0,,,,0.078,0.69,,0.61,,60.5,61.2,78.9,37.5,,,12.5,,,,,3.62,1,settled_won,partial,won,12.5,16.12,3.62,0,,,0
4bc17de0-9ed8-40c5-a79b-2b9888da3f54,,prematch,Liga 1,Pre-match Value,max,CS Cristal — ADC Juan Pablo II College,2:0,Under 3.5,0,,,,0.058,0.67,,0.61,,60.5,61.2,78.9,37.5,,,41,,,,,11.86,1,settled_won,partial,won,41,52.86,11.86,0,,,0
0740f40f-5e22-4b3a-b0d7-f4ad59c134f1,,prematch,Liga 1,Pre-match Value,aggressive,CS Cristal — ADC Juan Pablo II College,2:0,Under 3.5,0,,,,0.058,0.67,,0.61,,60.5,61.2,88.9,37.5,,,8.1,,,,,3.67,1,settled_won,partial,won,8.1,11.77,3.67,0,,,0
08449323-ca72-4da4-a5a7-2fb7b2657215,,prematch,Liga 1,Pre-match Value,max,CS Cristal — ADC Juan Pablo II College,2:0,Under 3.5,0,,,,0.058,0.67,,0.61,,60.5,61.2,88.9,37.5,,,12.3,,,,,5.57,1,settled_won,partial,won,12.3,17.87,5.57,0,,,0
ca6429f7-aa38-440d-9006-8636485f7a7a,,prematch,Liga 1,Pre-match Value,aggressive,CS Cristal — ADC Juan Pablo II College,2:0,Under 3.5,0,,,,0.058,0.67,,0.61,,60.5,61.2,89.9,37.5,,,9.45,,,,,4.43,1,settled_won,partial,won,9.45,13.88,4.43,0,,,0
5f693fb6-986b-4b7d-8737-3714c1cd2326,,prematch,Liga 1,Pre-match Value,max,CS Cristal — ADC Juan Pablo II College,2:0,Under 3.5,0,,,,0.058,0.67,,0.61,,60.5,61.2,89.9,37.5,,,14.35,,,,,6.73,1,settled_won,partial,won,14.35,21.08,6.73,0,,,0
27559f94-88ab-4e05-852a-cca5e8f4255b,e10·m1,prematch,NWSL,Pre-match Value,aggressive,Washington Spirit — San Diego Wave FC,0:1,Over 3.5,1,,0,0,0.06,0.38,0.375,0.32,,32,33.2,6,-29.1,0.33,29,29,0,0.6,0.614,97.2484,-11.88,1,settled_lost,early,lost,14.5,2.62,-11.88,2,time_stop|time_stop,9.5,-20.75
39b47694-2244-4f42-aefa-aa053c632296,e10·m1,prematch,NWSL,Pre-match Value,max,Washington Spirit — San Diego Wave FC,0:1,Over 3.5,1,,0,0,0.06,0.38,0.375,0.32,,32,33.2,6,-29.1,0.5,44,44,0,0.6,0.614,97.2484,-18.02,1,settled_lost,early,lost,22,3.98,-18.02,2,time_stop|time_stop,9.5,-31.47
df2924c7-6e5e-492a-854c-f42779608149,,prematch,NWSL,Pre-match Value,aggressive,Washington Spirit — San Diego Wave FC,0:1,Over 3.5,1,,,,0.048,0.38,,0.33,,32,33.2,12.9,-29.1,,,14.5,,,,,-8.87,1,settled_lost,partial,lost,14.5,5.63,-8.87,0,,,0
26659560-b1d0-4261-a2c4-2f3dbb8d41d6,,prematch,NWSL,Pre-match Value,max,Washington Spirit — San Diego Wave FC,0:1,Over 3.5,1,,,,0.048,0.38,,0.33,,32,33.2,12.9,-29.1,,,22,,,,,-13.45,1,settled_lost,partial,lost,22,8.55,-13.45,0,,,0
996cbec8-af9a-4997-b571-22147ff41a01,e10·m1,prematch,Sweden Allsvenskan 2026,Pre-match Value,aggressive,Halmstads BK — IK Sirius,0:2,Under 3.5,0,,0,0,0.105,0.69,0.692,0.585,,58.5,59.2,75.9,37.8,0.33,80,80,0,0.55,0.625,650.9363,22.57,1,settled_won,early,won,80,102.57,22.57,1,time_stop,75.9,22.57
efb6e50f-b71e-4bf5-9a45-b6ac096fef37,e10·m1,prematch,Sweden Allsvenskan 2026,Pre-match Value,conservative,Halmstads BK — IK Sirius,0:2,Under 3.5,0,,0,0,0.105,0.69,0.692,0.585,,58.5,59.2,75.9,37.8,0.12,30,30,0,0.55,0.625,650.9363,8.46,1,settled_won,early,won,30,38.46,8.46,1,time_stop,75.9,8.46
9d3be042-7b64-4da5-9cae-62bb7a4bbde0,e10·m1,prematch,Sweden Allsvenskan 2026,Pre-match Value,max,Halmstads BK — IK Sirius,0:2,Under 3.5,0,,0,0,0.105,0.69,0.692,0.585,,58.5,59.2,75.9,37.8,0.5,126,126,0,0.55,0.625,650.9363,35.54,1,settled_won,early,won,126,161.54,35.54,1,time_stop,75.9,35.54
5a220fa2-d55e-4e6c-b9d1-bc05a660bc75,e10·m1,prematch,Sweden Allsvenskan 2026,Pre-match Value,medium,Halmstads BK — IK Sirius,0:2,Under 3.5,0,,0,0,0.105,0.69,0.692,0.585,,58.5,59.2,75.9,37.8,0.2,14,14,0,0.55,0.625,650.9363,3.95,1,settled_won,early,won,14,17.95,3.95,1,time_stop,75.9,3.95
182c73a7-2229-4211-8783-5457acf972fd,e10·m1,live,Scottish Premiership,Pre-match Value,aggressive,Celtic FC — Dundee FC,1:0,Under 3.5,0,0,0,0,0.155,0.62,0.625,0.465,,46.5,50.2,90.9,48.5,0.33,80,80,0,0.72,0.62,428.2239,5.43,1,settled_won,early,won,6.7,12.13,5.43,5,take_price|take_price|time_stop|take_price|take_price,84.2,48.66
b034fdd6-4deb-4042-81a3-84285a6c5c6a,e10·m1,live,Scottish Premiership,Pre-match Value,conservative,Celtic FC — Dundee FC,1:0,Under 3.5,0,0,0,0,0.155,0.62,0.625,0.465,,46.5,50.2,67.8,48.5,0.12,30,30,0,0.72,0.62,428.2239,10.52,1,settled_won,early,won,30,40.52,10.52,1,take_price,67.8,10.52
0e22730a-1f2b-4562-87f4-9325be015a88,e10·m1,live,Scottish Premiership,Pre-match Value,max,Celtic FC — Dundee FC,1:0,Under 3.5,0,0,0,0,0.155,0.62,0.625,0.465,,46.5,50.2,99.9,48.5,0.5,140,140,0,0.72,0.62,428.2239,5.8,1,settled_won,early,won,5.86,11.66,5.8,6,take_price|take_price|time_stop|take_price|time_stop|thesis_stop,85.1,83.13
5c49465e-3c70-40b4-a42c-623dbb18787e,,live,Scottish Premiership,Pre-match Value,aggressive,Celtic FC — Dundee FC,1:0,Under 3.5,0,,,,0.118,0.62,,0.5,,46.5,50.2,68.2,48.5,,,26.4,,,,,9.47,1,settled_won,partial,won,26.4,35.87,9.47,0,,,0
418f7b33-ebca-46b4-b84b-999ee6f2b659,,live,Scottish Premiership,Pre-match Value,max,Celtic FC — Dundee FC,1:0,Under 3.5,0,,,,0.118,0.62,,0.5,,46.5,50.2,65.9,48.5,,,46.2,,,,,14.45,1,settled_won,partial,won,46.2,60.65,14.45,0,,,0
f9865b24-3392-4d80-82f8-4c5974f468a1,,live,Scottish Premiership,Pre-match Value,aggressive,Celtic FC — Dundee FC,1:0,Under 3.5,0,,,,0.118,0.62,,0.5,,46.5,50.2,84.9,48.5,,,26.8,,,,,18.53,1,settled_won,partial,won,26.8,45.33,18.53,0,,,0
3653bf9f-2f3c-4392-9468-c74a8aa395de,,live,Scottish Premiership,Pre-match Value,max,Celtic FC — Dundee FC,1:0,Under 3.5,0,,,,0.118,0.62,,0.5,,46.5,50.2,84.9,48.5,,,46.9,,,,,32.42,1,settled_won,partial,won,46.9,79.32,32.42,0,,,0
a1c9d99e-2060-46e2-8506-44e7c922408b,,live,Scottish Premiership,Pre-match Value,aggressive,Celtic FC — Dundee FC,1:0,Under 3.5,0,,,,0.118,0.62,,0.5,,46.5,50.2,87.9,48.5,,,13.4,,,,,10.06,1,settled_won,partial,won,13.4,23.46,10.06,0,,,0
48eb22aa-c910-4b40-982f-d1e0a693bdba,,live,Scottish Premiership,Pre-match Value,max,Celtic FC — Dundee FC,1:0,Under 3.5,0,,,,0.118,0.62,,0.5,,46.5,50.2,87.9,48.5,,,23.45,,,,,17.61,1,settled_won,partial,won,23.45,41.06,17.61,0,,,0
79d89a20-cd49-416e-b747-5c403873d324,,live,Scottish Premiership,Pre-match Value,aggressive,Celtic FC — Dundee FC,1:0,Under 3.5,0,,,,0.118,0.62,,0.5,,46.5,50.2,88.9,48.5,,,6.7,,,,,5.17,1,settled_won,partial,won,6.7,11.87,5.17,0,,,0
af45f6b5-03e6-45d1-8937-8b5f4dc93aad,,live,Scottish Premiership,Pre-match Value,max,Celtic FC — Dundee FC,1:0,Under 3.5,0,,,,0.118,0.62,,0.5,,46.5,50.2,88.9,48.5,,,11.73,,,,,9.04,1,settled_won,partial,won,11.73,20.77,9.04,0,,,0
89ca8f10-6d6c-4edc-8837-6bde49f10aba,,live,Scottish Premiership,Pre-match Value,max,Celtic FC — Dundee FC,1:0,Under 3.5,0,,,,0.118,0.62,,0.5,,46.5,50.2,82.8,48.5,,,5.86,,,,,3.81,1,settled_won,partial,won,5.86,9.67,3.81,0,,,0
b6937c78-1b7a-44b4-8dbe-9826864218ad,e10·m1,live,Women's Champions League,Pre-match Value,aggressive,Eintracht Frankfurt — AS Omónoia Leukosías,8:0,Under 3.5,0,0,0,0,0.08,0.58,0.558,0.5,,50,53.2,8.9,-37.7,0.33,52,26,0,0.62,0.68,105.0505,-10.83,1,settled_lost,early,lost,13,2.17,-10.83,2,counter_scenario|discretionary,24.8,-13.86
c0af632c-d755-4753-aed2-54a960a1ecc7,e10·m1,live,Women's Champions League,Pre-match Value,conservative,Eintracht Frankfurt — AS Omónoia Leukosías,8:0,Under 3.5,0,0,0,0,0.08,0.58,0.558,0.5,,50,53.2,40.8,-37.7,0.12,19,9.5,0,0.62,0.68,105.0505,-2.21,1,settled_lost,early,lost,9.5,7.29,-2.21,1,counter_scenario,40.8,-2.21
c9312853-8015-4880-95ea-adaab2769a39,e10·m1,live,Women's Champions League,Pre-match Value,max,Eintracht Frankfurt — AS Omónoia Leukosías,8:0,Under 3.5,0,0,0,0,0.08,0.58,0.558,0.5,,50,53.2,14.6,-37.7,0.5,79,39.5,0,0.62,0.68,105.0505,-14.33,1,settled_lost,early,lost,19.75,5.42,-14.33,2,counter_scenario|counter_scenario,27.6,-19.01
1070ebcc-1eff-4f90-b48a-ed19db82d2f6,e10·m1,live,Women's Champions League,Pre-match Value,medium,Eintracht Frankfurt — AS Omónoia Leukosías,8:0,Under 3.5,0,0,0,0,0.08,0.58,0.558,0.5,,50,53.2,9.1,-37.7,0.2,31,15.5,0,0.62,0.68,105.0505,-6.42,1,settled_lost,early,lost,7.75,1.33,-6.42,2,counter_scenario|discretionary,25,-8.23
d7d7ff70-a87c-4e2d-8aea-3f9c1395534f,,live,Women's Champions League,Pre-match Value,aggressive,Eintracht Frankfurt — AS Omónoia Leukosías,8:0,Under 3.5,0,,,,0.048,0.58,,0.53,,50,53.2,40.8,-37.7,,,13,,,,,-3.03,1,settled_lost,partial,lost,13,9.97,-3.03,0,,,0
4573ed3b-9b0f-4022-a2f0-4d8541346c63,,live,Women's Champions League,Pre-match Value,max,Eintracht Frankfurt — AS Omónoia Leukosías,8:0,Under 3.5,0,,,,0.048,0.58,,0.53,,50,53.2,40.6,-37.7,,,19.75,,,,,-4.68,1,settled_lost,partial,lost,19.75,15.07,-4.68,0,,,0
79a2c886-e36d-461d-a490-051c31175515,,live,Women's Champions League,Pre-match Value,medium,Eintracht Frankfurt — AS Omónoia Leukosías,8:0,Under 3.5,0,,,,0.048,0.58,,0.53,,50,53.2,40.8,-37.7,,,7.75,,,,,-1.81,1,settled_lost,partial,lost,7.75,5.94,-1.81,0,,,0
b772177d-7981-4beb-adf9-7fccfc17cd35,e10·m1,prematch,Europa Conference League,Pre-match Value,aggressive,Panathinaikós AO — FK CSKA 1948 Sofia,1:1,Under 2.5,0,,0,0,0.06,0.505,0.494,0.445,,44.5,46.2,5.1,47.8,0.33,35,35,0,0.5,0.42,774.4303,-31.14,0,settled_won,match_score,won,35,75.76,40.76,1,settle,5.1,-31.14
925bfd72-7c40-402b-98b4-624c2e64cda3,e10·m1,prematch,Europa Conference League,Pre-match Value,max,Panathinaikós AO — FK CSKA 1948 Sofia,1:1,Under 2.5,0,,0,0,0.06,0.505,0.494,0.445,,44.5,46.2,13.9,47.8,0.5,54,54,0,0.5,0.42,774.4303,-37.75,0,settled_won,match_score,won,54,116.88,62.88,1,counter_scenario,13.9,-37.75
3e221734-0ed7-476e-8ead-4cc423912aa9,e10·m1,prematch,Women's Champions League,Pre-match Value,aggressive,Juventus FC — SC União Torreense,2:1,Under 3.5,0,,0,0,0.125,0.65,0.636,0.525,,52.5,54.2,74.9,42.4,0.33,80,80,0,0.5,0.65,106.9268,3.56,1,settled_won,early,won,9.33,12.89,3.56,5,take_price|thesis_stop|take_price|time_stop|time_stop,76.6,41.14
40025e1c-7f7d-4494-a011-4ba7d8912821,e10·m1,prematch,Women's Champions League,Pre-match Value,conservative,Juventus FC — SC União Torreense,2:1,Under 3.5,0,,0,0,0.125,0.65,0.636,0.525,,52.5,54.2,73.9,42.4,0.12,30,30,0,0.5,0.65,106.9268,10.9,1,settled_won,early,won,30,40.9,10.9,1,take_price,73.9,10.9
4402730f-79b2-406d-b186-e75661e5fc6a,e10·m1,prematch,Women's Champions League,Pre-match Value,max,Juventus FC — SC União Torreense,2:1,Under 3.5,0,,0,0,0.125,0.65,0.636,0.525,,52.5,54.2,94,42.4,0.5,131,131,0,0.5,0.65,106.9268,5.61,1,settled_won,early,won,7.64,13.25,5.61,6,take_price|thesis_stop|take_price|time_stop|time_stop|thesis_stop,79.5,70.07
503292ac-a254-4156-84a9-78136df9abdc,e10·m1,prematch,Women's Champions League,Pre-match Value,medium,Juventus FC — SC União Torreense,2:1,Under 3.5,0,,0,0,0.125,0.65,0.636,0.525,,52.5,54.2,81.9,42.4,0.2,9,9,0,0.5,0.65,106.9268,2.67,1,settled_won,early,won,5.22,7.89,2.67,3,take_price|thesis_stop|take_price,74.7,4.11
9567771c-b666-4f3c-b9a4-bd9da9526f6c,,prematch,Women's Champions League,Pre-match Value,aggressive,Juventus FC — SC União Torreense,2:1,Under 3.5,0,,,,0.108,0.65,,0.54,,52.5,54.2,61.2,42.4,,,10.71,,,,,1.38,1,settled_won,partial,won,10.71,12.09,1.38,0,,,0
e96286ad-709b-44a7-9238-391f78b1ea3f,,prematch,Women's Champions League,Pre-match Value,max,Juventus FC — SC União Torreense,2:1,Under 3.5,0,,,,0.108,0.65,,0.54,,52.5,54.2,61.2,42.4,,,17.54,,,,,2.27,1,settled_won,partial,won,17.54,19.81,2.27,0,,,0
27d8a60c-42c2-4080-a8e6-ef73b6ebf9f6,,prematch,Women's Champions League,Pre-match Value,medium,Juventus FC — SC União Torreense,2:1,Under 3.5,0,,,,0.108,0.65,,0.54,,52.5,54.2,61.2,42.4,,,1.21,,,,,0.16,1,settled_won,partial,won,1.21,1.37,0.16,0,,,0
8a15b204-47d1-4628-b56a-a7e5c0b22b1b,,prematch,Women's Champions League,Pre-match Value,aggressive,Juventus FC — SC União Torreense,2:1,Under 3.5,0,,,,0.108,0.65,,0.54,,52.5,54.2,81.1,42.4,,,22.87,,,,,11.35,1,settled_won,partial,won,22.87,34.22,11.35,0,,,0
a096ac8d-d151-46fa-9224-5708e6ecf74d,,prematch,Women's Champions League,Pre-match Value,max,Juventus FC — SC União Torreense,2:1,Under 3.5,0,,,,0.108,0.65,,0.54,,52.5,54.2,81.1,42.4,,,37.44,,,,,18.58,1,settled_won,partial,won,37.44,56.02,18.58,0,,,0
16bb3a2c-a0d1-4755-ac75-50968697d421,,prematch,Women's Champions League,Pre-match Value,medium,Juventus FC — SC União Torreense,2:1,Under 3.5,0,,,,0.108,0.65,,0.54,,52.5,54.2,81.1,42.4,,,2.57,,,,,1.28,1,settled_won,partial,won,2.57,3.85,1.28,0,,,0
78a59324-e55b-437e-a4f4-642c20c58f5f,,prematch,Women's Champions League,Pre-match Value,aggressive,Juventus FC — SC União Torreense,2:1,Under 3.5,0,,,,0.108,0.65,,0.54,,52.5,54.2,93,42.4,,,32.49,,,,,23.26,1,settled_won,partial,won,32.49,55.75,23.26,0,,,0
0b42b224-a6b8-413f-8e55-053ff8577a9b,,prematch,Women's Champions League,Pre-match Value,max,Juventus FC — SC União Torreense,2:1,Under 3.5,0,,,,0.108,0.65,,0.54,,52.5,54.2,93,42.4,,,53.21,,,,,38.09,1,settled_won,partial,won,53.21,91.3,38.09,0,,,0
119f7eb4-c8d0-4845-8d35-132f5ea098b0,,prematch,Women's Champions League,Pre-match Value,aggressive,Juventus FC — SC União Torreense,2:1,Under 3.5,0,,,,0.108,0.65,,0.54,,52.5,54.2,72.9,42.4,,,4.6,,,,,1.59,1,settled_won,partial,won,4.6,6.19,1.59,0,,,0
e744826f-c8a5-4b24-a74c-3e4304ef08bb,,prematch,Women's Champions League,Pre-match Value,max,Juventus FC — SC União Torreense,2:1,Under 3.5,0,,,,0.108,0.65,,0.54,,52.5,54.2,72.9,42.4,,,7.53,,,,,2.6,1,settled_won,partial,won,7.53,10.13,2.6,0,,,0
5b1d1166-84fd-43a7-8105-a100b6b0c84b,,prematch,Women's Champions League,Pre-match Value,max,Juventus FC — SC União Torreense,2:1,Under 3.5,0,,,,0.108,0.65,,0.54,,52.5,54.2,74.9,42.4,,,7.64,,,,,2.92,1,settled_won,partial,won,7.64,10.56,2.92,0,,,0
67773311-5eb4-463f-b048-502f8495be76,e10·m1·sim-v1·tpmv-paper-m1,prematch,WTA,Tennis PMV,aggressive,Marta Kostyuk — Madison Keys,2:0,National Bank Open: Marta Kostyuk vs Madison Keys Set 1 Over 8.5,0,,,,0.121,0.736,0.736,0.615,,61.5,61.5,100,-11.5,0.33,15,15,,,,1545,,0,settled_won,,won,15,24.39,9.39,0,,,0
930f6932-7543-42a5-bc69-15d75c94f602,e10·m1·sim-v1·tpmv-paper-m1,prematch,WTA,Tennis PMV,medium,Marta Kostyuk — Madison Keys,2:0,National Bank Open: Marta Kostyuk vs Madison Keys Set 1 Over 8.5,0,,,,0.121,0.736,0.736,0.615,,61.5,61.5,99,-11.5,0.2,15,15,,,,1545,9.15,2,settled_won,early,won,15,24.15,9.15,1,take_price,99,9.15
426fdecf-ef52-4cc0-9768-07c10f1fb270,e10·m1·sim-v1·tpmv-paper-m1,prematch,WTA,Tennis PMV,conservative,Marta Kostyuk — Madison Keys,2:0,National Bank Open: Marta Kostyuk vs Madison Keys Set 1 Over 8.5,0,,,,0.121,0.736,0.736,0.615,,61.5,61.5,99,-11.5,0.12,15,15,,,,1545,9.15,2,settled_won,early,won,15,24.15,9.15,1,take_price,99,9.15
945ce588-29d9-4597-ae67-89d0067f1aaa,e10·m1·sim-v1·tpmv-paper-m1,prematch,WTA,Tennis PMV,max,Marta Kostyuk — Madison Keys,2:0,National Bank Open: Marta Kostyuk vs Madison Keys Set 1 Over 8.5,0,,,,0.121,0.736,0.736,0.615,,61.5,61.5,100,-11.5,0.5,15,15,,,,1545,,0,settled_won,,won,15,24.39,9.39,0,,,0
e8da84df-66c4-479a-8072-119093233120,e10·m1·sim-v1·tpmv-paper-m1,prematch,WTA,Tennis PMV,aggressive,Elina Svitolina — Anastasia Potapova,2:0,National Bank Open: Elina Svitolina vs Anastasia Potapova Set 1 Over 8.5,0,,,,0.128,0.723,0.723,0.595,,59.5,59.5,0,-9.5,0.33,15,15,,,,1919,,0,settled_lost,,lost,15,0,-15,0,,,0
f3e80357-3364-4376-9c35-5c31c2e75e5a,e10·m1·sim-v1·tpmv-paper-m1,prematch,WTA,Tennis PMV,medium,Elina Svitolina — Anastasia Potapova,2:0,National Bank Open: Elina Svitolina vs Anastasia Potapova Set 1 Over 8.5,0,,,,0.128,0.723,0.723,0.595,,59.5,59.5,0,-9.5,0.2,15,15,,,,1919,,0,settled_lost,,lost,15,0,-15,0,,,0
ce38274f-3024-4697-8a1e-5c9dabbee24a,e10·m1·sim-v1·tpmv-paper-m1,prematch,WTA,Tennis PMV,conservative,Elina Svitolina — Anastasia Potapova,2:0,National Bank Open: Elina Svitolina vs Anastasia Potapova Set 1 Over 8.5,0,,,,0.128,0.723,0.723,0.595,,59.5,59.5,0,-9.5,0.12,15,15,,,,1919,,0,settled_lost,,lost,15,0,-15,0,,,0
d87b5706-0ef8-42b3-b489-9d9054a0c833,e10·m1·sim-v1·tpmv-paper-m1,prematch,WTA,Tennis PMV,max,Elina Svitolina — Anastasia Potapova,2:0,National Bank Open: Elina Svitolina vs Anastasia Potapova Set 1 Over 8.5,0,,,,0.128,0.723,0.723,0.595,,59.5,59.5,0,-9.5,0.5,15,15,,,,1919,,0,settled_lost,,lost,15,0,-15,0,,,0
a43ac5d3-0bee-4c11-a99e-01575824cfec,e10·m1·sim-v1·tpmv-paper-m1,prematch,WTA,Tennis PMV,aggressive,Anna Kalinskaya — Diana Shnaider,0:2,National Bank Open: Anna Kalinskaya vs Diana Shnaider Set 1 Over 8.5,0,,,,0.136,0.736,0.736,0.6,,60,60,100,,0.33,15,15,,,,1422,,0,settled_won,,won,15,25,10,0,,,0
843f391e-d3e8-4df7-9df4-688fcfc79493,e10·m1·sim-v1·tpmv-paper-m1,prematch,WTA,Tennis PMV,medium,Anna Kalinskaya — Diana Shnaider,0:2,National Bank Open: Anna Kalinskaya vs Diana Shnaider Set 1 Over 8.5,0,,,,0.136,0.736,0.736,0.6,,60,60,99,,0.2,15,15,,,,1422,9.75,2,settled_won,early,won,15,24.75,9.75,1,take_price,99,9.75
41840db1-82c8-4d64-ba7c-167efb20746e,e10·m1·sim-v1·tpmv-paper-m1,prematch,WTA,Tennis PMV,conservative,Anna Kalinskaya — Diana Shnaider,0:2,National Bank Open: Anna Kalinskaya vs Diana Shnaider Set 1 Over 8.5,0,,,,0.136,0.736,0.736,0.6,,60,60,99,,0.12,15,15,,,,1422,9.75,2,settled_won,early,won,15,24.75,9.75,1,take_price,99,9.75
d68af16a-7ee9-45a6-bdc3-26d58f5e5682,e10·m1·sim-v1·tpmv-paper-m1,prematch,WTA,Tennis PMV,max,Anna Kalinskaya — Diana Shnaider,0:2,National Bank Open: Anna Kalinskaya vs Diana Shnaider Set 1 Over 8.5,0,,,,0.136,0.736,0.736,0.6,,60,60,100,,0.5,15,15,,,,1422,,0,settled_won,,won,15,25,10,0,,,0
5724a702-f295-496e-8a97-9666da6eeef0,e10·m1·sim-v1·tpmv-paper-m1,prematch,WTA,Tennis PMV,aggressive,Nikola Bartunkova — Amanda Anisimova,1:2,National Bank Open: Nikola Bartunkova vs Amanda Anisimova Set 1 Over 8.5,0,,,,0.14,0.73,0.73,0.59,,59,59,100,,0.33,15,15,,,,1382,,0,settled_won,,won,15,25.42,10.42,0,,,0
878fb146-3923-4da5-8bab-4ef04643e793,e10·m1·sim-v1·tpmv-paper-m1,prematch,WTA,Tennis PMV,medium,Nikola Bartunkova — Amanda Anisimova,1:2,National Bank Open: Nikola Bartunkova vs Amanda Anisimova Set 1 Over 8.5,0,,,,0.14,0.73,0.73,0.59,,59,59,99,,0.2,15,15,,,,1382,10.17,1,settled_won,early,won,15,25.17,10.17,1,take_price,99,10.17
ad68cbf2-de38-49c2-9cf7-8c7f1ef8db85,e10·m1·sim-v1·tpmv-paper-m1,prematch,WTA,Tennis PMV,conservative,Nikola Bartunkova — Amanda Anisimova,1:2,National Bank Open: Nikola Bartunkova vs Amanda Anisimova Set 1 Over 8.5,0,,,,0.14,0.73,0.73,0.59,,59,59,99,,0.12,15,15,,,,1382,10.17,1,settled_won,early,won,15,25.17,10.17,1,take_price,99,10.17
febbed6e-15b0-4bf0-842c-01cf0abc12a4,e10·m1·sim-v1·tpmv-paper-m1,prematch,WTA,Tennis PMV,max,Nikola Bartunkova — Amanda Anisimova,1:2,National Bank Open: Nikola Bartunkova vs Amanda Anisimova Set 1 Over 8.5,0,,,,0.14,0.73,0.73,0.59,,59,59,100,,0.5,15,15,,,,1382,,0,settled_won,,won,15,25.42,10.42,0,,,0
971305d9-e434-45e4-9475-e5b5c6190f33,e10·m1·sim-v1·tpmv-paper-m1,prematch,WTA,Tennis PMV,aggressive,Aryna Sabalenka — Shuai Zhang,2:0,National Bank Open: Aryna Sabalenka vs Shuai Zhang Set 1 Winner,0,,,,0.144,0.834,0.834,0.69,,69,69,100,29.5,0.33,15,15,,,,10734,,0,settled_won,,won,15,21.74,6.74,0,,,0
f3a96f95-2922-4c5b-8817-f0f05845698e,e10·m1·sim-v1·tpmv-paper-m1,prematch,WTA,Tennis PMV,medium,Aryna Sabalenka — Shuai Zhang,2:0,National Bank Open: Aryna Sabalenka vs Shuai Zhang Set 1 Winner,0,,,,0.144,0.834,0.834,0.69,,69,69,100,29.5,0.2,15,15,,,,10734,,0,settled_won,,won,15,21.74,6.74,0,,,0
a6e0c219-2976-4210-ac0e-36cbc5294a1d,e10·m1·sim-v1·tpmv-paper-m1,prematch,WTA,Tennis PMV,conservative,Aryna Sabalenka — Shuai Zhang,2:0,National Bank Open: Aryna Sabalenka vs Shuai Zhang Set 1 Winner,0,,,,0.144,0.834,0.834,0.69,,69,69,93.5,29.5,0.12,15,15,,,,10734,5.33,2,settled_won,early,won,15,20.33,5.33,1,take_price,93.5,5.33
55ecf955-8809-4965-ac8e-ec2259b96bf7,e10·m1·sim-v1·tpmv-paper-m1,prematch,WTA,Tennis PMV,max,Aryna Sabalenka — Shuai Zhang,2:0,National Bank Open: Aryna Sabalenka vs Shuai Zhang Set 1 Winner,0,,,,0.144,0.834,0.834,0.69,,69,69,100,29.5,0.5,15,15,,,,10734,,0,settled_won,,won,15,21.74,6.74,0,,,0
272a11f8-989e-4a0a-ba3f-c268a9fa8c9f,e10·m1·sim-v1·tpmv-paper-m1,prematch,WTA,Tennis PMV,aggressive,Aryna Sabalenka — Shuai Zhang,2:0,National Bank Open: Aryna Sabalenka vs Shuai Zhang Total Sets: Under 2.5,0,,,,0.121,0.771,0.771,0.65,,65,65,100,27,0.33,15,15,,,,10926,,0,settled_won,,won,15,23.08,8.08,0,,,0
4d84f765-4af6-4ec2-83be-d150423464c2,e10·m1·sim-v1·tpmv-paper-m1,prematch,WTA,Tennis PMV,medium,Aryna Sabalenka — Shuai Zhang,2:0,National Bank Open: Aryna Sabalenka vs Shuai Zhang Total Sets: Under 2.5,0,,,,0.121,0.771,0.771,0.65,,65,65,99,27,0.2,15,15,,,,10926,7.85,2,settled_won,early,won,15,22.85,7.85,1,take_price,99,7.85
f35e80d9-e5e0-4cf6-8c15-6564ffd44378,e10·m1·sim-v1·tpmv-paper-m1,prematch,WTA,Tennis PMV,conservative,Aryna Sabalenka — Shuai Zhang,2:0,National Bank Open: Aryna Sabalenka vs Shuai Zhang Total Sets: Under 2.5,0,,,,0.121,0.771,0.771,0.65,,65,65,91.9,27,0.12,15,15,,,,10926,6.21,2,settled_won,early,won,15,21.21,6.21,1,take_price,91.9,6.21
da4ec892-6543-482f-a9ee-abea94a222ff,e10·m1·sim-v1·tpmv-paper-m1,prematch,WTA,Tennis PMV,max,Aryna Sabalenka — Shuai Zhang,2:0,National Bank Open: Aryna Sabalenka vs Shuai Zhang Total Sets: Under 2.5,0,,,,0.121,0.771,0.771,0.65,,65,65,100,27,0.5,15,15,,,,10926,,0,settled_won,,won,15,23.08,8.08,0,,,0
c1a5df42-10c0-440c-8254-f788edd36060,e10·m1·sim-v1·tpmv-paper-m1,prematch,WTA,Tennis PMV,aggressive,Vendula Valdmannova — Susan Bandecchi,2:0,Warsaw: Vendula Valdmannova vs Susan Bandecchi Set 1 Over 8.5,0,,,,0.135,0.735,0.735,0.6,,60,60,100,-9.5,0.33,15,15,,,,986,,0,settled_won,pm_resolution,won,15,25,10,0,,,0
5d925687-31d8-4153-b372-31619d6e12cb,e10·m1·sim-v1·tpmv-paper-m1,prematch,WTA,Tennis PMV,medium,Vendula Valdmannova — Susan Bandecchi,2:0,Warsaw: Vendula Valdmannova vs Susan Bandecchi Set 1 Over 8.5,0,,,,0.135,0.735,0.735,0.6,,60,60,99,-9.5,0.2,15,15,,,,986,9.75,2,settled_won,early,won,15,24.75,9.75,1,take_price,99,9.75
eadd52b4-043c-491d-9e47-f4ef447d7961,e10·m1·sim-v1·tpmv-paper-m1,prematch,WTA,Tennis PMV,conservative,Vendula Valdmannova — Susan Bandecchi,2:0,Warsaw: Vendula Valdmannova vs Susan Bandecchi Set 1 Over 8.5,0,,,,0.135,0.735,0.735,0.6,,60,60,99,-9.5,0.12,15,15,,,,986,9.75,2,settled_won,early,won,15,24.75,9.75,1,take_price,99,9.75
cb528891-6726-4b3b-a2b1-9ae3364ea2e2,e10·m1·sim-v1·tpmv-paper-m1,prematch,WTA,Tennis PMV,max,Vendula Valdmannova — Susan Bandecchi,2:0,Warsaw: Vendula Valdmannova vs Susan Bandecchi Set 1 Over 8.5,0,,,,0.135,0.735,0.735,0.6,,60,60,100,-9.5,0.5,15,15,,,,986,,0,settled_won,pm_resolution,won,15,25,10,0,,,0
2daaa91b-392f-42fe-9a83-605b2449552a,e10·m1·sim-v1·tpmv-paper-m1,prematch,ATP,Tennis PMV,aggressive,Luciano Darderi — Juncheng Shang,2:1,National Bank Open: Luciano Darderi vs Juncheng Shang Set 1 Over 8.5,0,,,,0.164,0.829,0.829,0.665,,66.5,66.5,100,-16.5,0.33,15,15,,,,2210,,0,settled_won,,won,15,22.56,7.56,0,,,0
9264793b-dc14-4870-99a9-f56ded5382cd,e10·m1·sim-v1·tpmv-paper-m1,prematch,ATP,Tennis PMV,medium,Luciano Darderi — Juncheng Shang,2:1,National Bank Open: Luciano Darderi vs Juncheng Shang Set 1 Over 8.5,0,,,,0.164,0.829,0.829,0.665,,66.5,66.5,99.9,-16.5,0.2,15,15,,,,2210,7.53,2,settled_won,early,won,15,22.53,7.53,1,take_price,99.9,7.53
f0dc1256-2a13-452c-94fa-2c817694bc93,e10·m1·sim-v1·tpmv-paper-m1,prematch,ATP,Tennis PMV,conservative,Luciano Darderi — Juncheng Shang,2:1,National Bank Open: Luciano Darderi vs Juncheng Shang Set 1 Over 8.5,0,,,,0.164,0.829,0.829,0.665,,66.5,66.5,99,-16.5,0.12,15,15,,,,2210,7.33,2,settled_won,early,won,15,22.33,7.33,1,take_price,99,7.33
3e94a508-dd13-487f-8989-0dd3e62151a9,e10·m1·sim-v1·tpmv-paper-m1,prematch,ATP,Tennis PMV,max,Luciano Darderi — Juncheng Shang,2:1,National Bank Open: Luciano Darderi vs Juncheng Shang Set 1 Over 8.5,0,,,,0.164,0.829,0.829,0.665,,66.5,66.5,100,-16.5,0.5,15,15,,,,2210,,0,settled_won,,won,15,22.56,7.56,0,,,0
9a2eea15-7e2d-481c-ab44-bd99d6e2b52f,e10·m1·sim-v1·tpmv-paper-m1,prematch,ATP,Tennis PMV,aggressive,Lorenzo Giustino — Jerome Kym,0:2,Hagen: Lorenzo Giustino vs Jerome Kym Set 1 Over 8.5,0,,,,0.161,0.806,0.806,0.645,,64.5,64.5,100,,0.33,15,15,,,,1937,,0,settled_won,,won,15,23.26,8.26,0,,,0
b526c69a-a9f6-4676-b9f4-6a6545a57049,e10·m1·sim-v1·tpmv-paper-m1,prematch,ATP,Tennis PMV,medium,Lorenzo Giustino — Jerome Kym,0:2,Hagen: Lorenzo Giustino vs Jerome Kym Set 1 Over 8.5,0,,,,0.161,0.806,0.806,0.645,,64.5,64.5,99,,0.2,15,15,,,,1937,8.02,2,settled_won,early,won,15,23.02,8.02,1,take_price,99,8.02
ab5b5b83-1800-4129-b287-6999f160c3a6,e10·m1·sim-v1·tpmv-paper-m1,prematch,ATP,Tennis PMV,conservative,Lorenzo Giustino — Jerome Kym,0:2,Hagen: Lorenzo Giustino vs Jerome Kym Set 1 Over 8.5,0,,,,0.161,0.806,0.806,0.645,,64.5,64.5,99,,0.12,15,15,,,,1937,8.02,2,settled_won,early,won,15,23.02,8.02,1,take_price,99,8.02
d6876506-877e-46ec-a8d9-d95e4a0eef63,e10·m1·sim-v1·tpmv-paper-m1,prematch,ATP,Tennis PMV,max,Lorenzo Giustino — Jerome Kym,0:2,Hagen: Lorenzo Giustino vs Jerome Kym Set 1 Over 8.5,0,,,,0.161,0.806,0.806,0.645,,64.5,64.5,100,,0.5,15,15,,,,1937,,0,settled_won,,won,15,23.26,8.26,0,,,0
8e4497d6-b870-4b37-aae4-b01335b52804,e10·m1·sim-v1·tpmv-paper-m1,prematch,WTA,Tennis PMV,aggressive,Elizara Yaneva — Gabriela Knutson,0:2,Warsaw: Elizara Yaneva vs Gabriela Knutson Set 1 Over 8.5,0,,,,0.149,0.734,0.734,0.585,,58.5,58.5,100,-8.5,0.33,15,15,,,,1585,,0,settled_won,pm_resolution,won,15,25.64,10.64,0,,,0
1aaa199a-c8f5-4744-88da-f11850bb9b10,e10·m1·sim-v1·tpmv-paper-m1,prematch,WTA,Tennis PMV,medium,Elizara Yaneva — Gabriela Knutson,0:2,Warsaw: Elizara Yaneva vs Gabriela Knutson Set 1 Over 8.5,0,,,,0.149,0.734,0.734,0.585,,58.5,58.5,99,-8.5,0.2,15,15,,,,1585,10.38,2,settled_won,early,won,15,25.38,10.38,1,take_price,99,10.38
08826c13-849e-42b0-b75f-339cf2502867,e10·m1·sim-v1·tpmv-paper-m1,prematch,WTA,Tennis PMV,conservative,Elizara Yaneva — Gabriela Knutson,0:2,Warsaw: Elizara Yaneva vs Gabriela Knutson Set 1 Over 8.5,0,,,,0.149,0.734,0.734,0.585,,58.5,58.5,99,-8.5,0.12,15,15,,,,1585,10.38,2,settled_won,early,won,15,25.38,10.38,1,take_price,99,10.38
36058ba7-b122-488e-a16f-7f612cbd96c3,e10·m1·sim-v1·tpmv-paper-m1,prematch,WTA,Tennis PMV,max,Elizara Yaneva — Gabriela Knutson,0:2,Warsaw: Elizara Yaneva vs Gabriela Knutson Set 1 Over 8.5,0,,,,0.149,0.734,0.734,0.585,,58.5,58.5,100,-8.5,0.5,15,15,,,,1585,,0,settled_won,pm_resolution,won,15,25.64,10.64,0,,,0
b05ecb25-5837-4d9b-8280-50c14be1990c,e10·m1·sim-v1·tpmv-paper-m1,prematch,WTA,Tennis PMV,aggressive,Carol Young Suh Lee — Vendula Valdmannova,2:0,Warsaw: Carol Young Suh Lee vs Vendula Valdmannova Set 1 Over 8.5,0,,,,0.136,0.736,0.736,0.6,,60,60,0,-10,0.33,15,15,,,,1522,,0,settled_lost,,lost,15,0,-15,0,,,0
687596b4-fa3b-4d9c-b69d-326265a33f0b,e10·m1·sim-v1·tpmv-paper-m1,prematch,WTA,Tennis PMV,medium,Carol Young Suh Lee — Vendula Valdmannova,2:0,Warsaw: Carol Young Suh Lee vs Vendula Valdmannova Set 1 Over 8.5,0,,,,0.136,0.736,0.736,0.6,,60,60,0,-10,0.2,15,15,,,,1522,,0,settled_lost,,lost,15,0,-15,0,,,0
354cb75c-15ff-4894-b8b0-541e2547175d,e10·m1·sim-v1·tpmv-paper-m1,prematch,WTA,Tennis PMV,conservative,Carol Young Suh Lee — Vendula Valdmannova,2:0,Warsaw: Carol Young Suh Lee vs Vendula Valdmannova Set 1 Over 8.5,0,,,,0.136,0.736,0.736,0.6,,60,60,0,-10,0.12,15,15,,,,1522,,0,settled_lost,,lost,15,0,-15,0,,,0
6450e350-5371-431e-88df-e4c0fcfcae2a,e10·m1·sim-v1·tpmv-paper-m1,prematch,WTA,Tennis PMV,max,Carol Young Suh Lee — Vendula Valdmannova,2:0,Warsaw: Carol Young Suh Lee vs Vendula Valdmannova Set 1 Over 8.5,0,,,,0.136,0.736,0.736,0.6,,60,60,0,-10,0.5,15,15,,,,1522,,0,settled_lost,,lost,15,0,-15,0,,,0
57de3be3-7f8d-4fce-835f-d3b7099246e1,e11·m1·sim-v1·tpmv-paper-m1,prematch,ATP,Tennis PMV,aggressive,Yannick Alexandrescou — Radu Mihai Papoe,0:2,Plovdiv 2: Yannick Alexandrescou vs Radu Mihai Papoe Total Sets: Under 2.5,0,,,,0.073,0.648,0.648,0.575,,57.5,57.5,100,-7,0.33,15,15,,,,780,,0,settled_won,,won,15,26.09,11.09,0,,,0
7a4e2d95-4606-4588-8b94-cb0fc3048ea8,e11·m1·sim-v1·tpmv-paper-m1,prematch,ATP,Tennis PMV,medium,Yannick Alexandrescou — Radu Mihai Papoe,0:2,Plovdiv 2: Yannick Alexandrescou vs Radu Mihai Papoe Total Sets: Under 2.5,0,,,,0.073,0.648,0.648,0.575,,57.5,57.5,99,-7,0.2,15,15,,,,780,10.83,2,settled_won,early,won,15,25.83,10.83,1,take_price,99,10.83
805504a6-d9b9-4c9e-abf0-369480da2af5,e11·m1·sim-v1·tpmv-paper-m1,prematch,ATP,Tennis PMV,conservative,Yannick Alexandrescou — Radu Mihai Papoe,0:2,Plovdiv 2: Yannick Alexandrescou vs Radu Mihai Papoe Total Sets: Under 2.5,0,,,,0.073,0.648,0.648,0.575,,57.5,57.5,99,-7,0.12,15,15,,,,780,10.83,2,settled_won,early,won,15,25.83,10.83,1,take_price,99,10.83
2ccd2704-f129-4d5a-af15-130bfd7ec362,e11·m1·sim-v1·tpmv-paper-m1,prematch,ATP,Tennis PMV,max,Yannick Alexandrescou — Radu Mihai Papoe,0:2,Plovdiv 2: Yannick Alexandrescou vs Radu Mihai Papoe Total Sets: Under 2.5,0,,,,0.073,0.648,0.648,0.575,,57.5,57.5,100,-7,0.5,15,15,,,,780,,0,settled_won,,won,15,26.09,11.09,0,,,0
c791bb90-6805-4729-9457-1df274b69f4f,e11·m1·sim-v1·tpmv-paper-m1,prematch,ATP,Tennis PMV,aggressive,Rei Sakamoto — Edas Butvilas,1:2,Lexington: Rei Sakamoto vs Edas Butvilas Set 1 Over 8.5,0,,,,0.157,0.827,0.827,0.67,,67,67,100,,0.33,15,15,,,,1821,,0,settled_won,pm_resolution,won,15,22.39,7.39,0,,,0
eee4e460-cee7-40d8-8dfa-305812cbfa96,e11·m1·sim-v1·tpmv-paper-m1,prematch,ATP,Tennis PMV,medium,Rei Sakamoto — Edas Butvilas,1:2,Lexington: Rei Sakamoto vs Edas Butvilas Set 1 Over 8.5,0,,,,0.157,0.827,0.827,0.67,,67,67,100,,0.2,15,15,,,,1821,,0,settled_won,pm_resolution,won,15,22.39,7.39,0,,,0
3c98d723-9fbc-4707-9d5b-68542b43f6b6,e11·m1·sim-v1·tpmv-paper-m1,prematch,ATP,Tennis PMV,conservative,Rei Sakamoto — Edas Butvilas,1:2,Lexington: Rei Sakamoto vs Edas Butvilas Set 1 Over 8.5,0,,,,0.157,0.827,0.827,0.67,,67,67,99,,0.12,15,15,,,,1821,7.16,2,settled_won,early,won,15,22.16,7.16,1,take_price,99,7.16
9f6db56f-2ba8-40b7-b45f-3f2dd372a61e,e11·m1·sim-v1·tpmv-paper-m1,prematch,ATP,Tennis PMV,max,Rei Sakamoto — Edas Butvilas,1:2,Lexington: Rei Sakamoto vs Edas Butvilas Set 1 Over 8.5,0,,,,0.157,0.827,0.827,0.67,,67,67,100,,0.5,15,15,,,,1821,,0,settled_won,pm_resolution,won,15,22.39,7.39,0,,,0
e1da17c3-1249-4099-9db5-6921cd568dcb,e11·m1·sim-v1·tpmv-paper-m1,prematch,ATP,Tennis PMV,aggressive,Mathys Erhard — Ivan Marrero,,Grodzisk Mazowiecki: Mathys Erhard vs Ivan Marrero Match Over 21.5,0,,,,0.073,0.583,0.583,0.51,,51,51,,-1,0.33,15,15,,,,6662,,0,open,,open,15,,,0,,,0
34c6810f-1c66-46f4-9a57-1fe028f37794,e11·m1·sim-v1·tpmv-paper-m1,prematch,ATP,Tennis PMV,medium,Mathys Erhard — Ivan Marrero,,Grodzisk Mazowiecki: Mathys Erhard vs Ivan Marrero Match Over 21.5,0,,,,0.073,0.583,0.583,0.51,,51,51,,-1,0.2,15,15,,,,6662,,0,open,,open,15,,,0,,,0
63f9903b-9889-439a-b5b5-d64187276dd7,e11·m1·sim-v1·tpmv-paper-m1,prematch,ATP,Tennis PMV,conservative,Mathys Erhard — Ivan Marrero,,Grodzisk Mazowiecki: Mathys Erhard vs Ivan Marrero Match Over 21.5,0,,,,0.073,0.583,0.583,0.51,,51,51,,-1,0.12,15,15,,,,6662,,0,open,,open,15,,,0,,,0
535f01ea-0ee8-4957-ae64-a6ba8a952d51,e11·m1·sim-v1·tpmv-paper-m1,prematch,ATP,Tennis PMV,max,Mathys Erhard — Ivan Marrero,,Grodzisk Mazowiecki: Mathys Erhard vs Ivan Marrero Match Over 21.5,0,,,,0.073,0.583,0.583,0.51,,51,51,,-1,0.5,15,15,,,,6662,,0,open,,open,15,,,0,,,0
4e4a2d4b-e873-4946-a0d3-417d1d822a9f,e11·m1·sim-v1·tpmv-paper-m1,prematch,ATP,Tennis PMV,aggressive,Gabriele Piraino — Carlos Sanchez Jover,2:0,Plovdiv 2: Gabriele Piraino vs Carlos Sanchez Jover Set 1 Over 8.5,0,,,,0.159,0.829,0.829,0.67,,67,67,100,-16.5,0.33,15,15,,,,917,,0,settled_won,,won,15,22.39,7.39,0,,,0
9d020e26-fd08-4601-a0c2-af261f5acbe4,e11·m1·sim-v1·tpmv-paper-m1,prematch,ATP,Tennis PMV,medium,Gabriele Piraino — Carlos Sanchez Jover,2:0,Plovdiv 2: Gabriele Piraino vs Carlos Sanchez Jover Set 1 Over 8.5,0,,,,0.159,0.829,0.829,0.67,,67,67,100,-16.5,0.2,15,15,,,,917,,0,settled_won,,won,15,22.39,7.39,0,,,0
6c498840-d08b-4171-968c-1b15e79ae290,e11·m1·sim-v1·tpmv-paper-m1,prematch,ATP,Tennis PMV,conservative,Gabriele Piraino — Carlos Sanchez Jover,2:0,Plovdiv 2: Gabriele Piraino vs Carlos Sanchez Jover Set 1 Over 8.5,0,,,,0.159,0.829,0.829,0.67,,67,67,99,-16.5,0.12,15,15,,,,917,7.16,2,settled_won,early,won,15,22.16,7.16,1,take_price,99,7.16
24b3b396-c1ed-439b-9ca3-9f5667a6e9c1,e11·m1·sim-v1·tpmv-paper-m1,prematch,ATP,Tennis PMV,max,Gabriele Piraino — Carlos Sanchez Jover,2:0,Plovdiv 2: Gabriele Piraino vs Carlos Sanchez Jover Set 1 Over 8.5,0,,,,0.159,0.829,0.829,0.67,,67,67,100,-16.5,0.5,15,15,,,,917,,0,settled_won,,won,15,22.39,7.39,0,,,0
63c4e926-7398-4276-a14e-3010fde8f8fa,e11·m1·sim-v1·tpmv-paper-m1,prematch,WTA,Tennis PMV,aggressive,Carol Young Suh Lee — Gabriela Knutson,2:0,Warsaw: Carol Young Suh Lee vs Gabriela Knutson Set 1 Over 8.5,0,,,,0.128,0.728,0.728,0.6,,60,60,100,-10,0.33,15,15,,,,1184,,0,settled_won,,won,15,25,10,0,,,0
f9606833-a401-4dd5-a61f-35ccba7d8e0f,e11·m1·sim-v1·tpmv-paper-m1,prematch,WTA,Tennis PMV,medium,Carol Young Suh Lee — Gabriela Knutson,2:0,Warsaw: Carol Young Suh Lee vs Gabriela Knutson Set 1 Over 8.5,0,,,,0.128,0.728,0.728,0.6,,60,60,99,-10,0.2,15,15,,,,1184,9.75,2,settled_won,early,won,15,24.75,9.75,1,take_price,99,9.75
0077bb90-2380-41bd-b995-f48ac52612b4,e11·m1·sim-v1·tpmv-paper-m1,prematch,WTA,Tennis PMV,conservative,Carol Young Suh Lee — Gabriela Knutson,2:0,Warsaw: Carol Young Suh Lee vs Gabriela Knutson Set 1 Over 8.5,0,,,,0.128,0.728,0.728,0.6,,60,60,99,-10,0.12,15,15,,,,1184,9.75,2,settled_won,early,won,15,24.75,9.75,1,take_price,99,9.75
59881d3a-c6c9-43ba-b1f0-70e21942581f,e11·m1·sim-v1·tpmv-paper-m1,prematch,WTA,Tennis PMV,max,Carol Young Suh Lee — Gabriela Knutson,2:0,Warsaw: Carol Young Suh Lee vs Gabriela Knutson Set 1 Over 8.5,0,,,,0.128,0.728,0.728,0.6,,60,60,100,-10,0.5,15,15,,,,1184,,0,settled_won,,won,15,25,10,0,,,0
3a4f1621-d51d-418b-9fd8-a09187a1c7ba,e11·m1·sim-v1·tpmv-paper-m1,prematch,ATP,Tennis PMV,aggressive,Botic van de Zandschulp — Jakub Mensik,0:2,National Bank Open: Botic van de Zandschulp vs Jakub Mensik Total Sets: Under 2.5,0,,,,0.089,0.649,0.649,0.56,,56,56,100,26,0.33,15,15,,,,13327,,0,settled_won,,won,15,26.79,11.79,0,,,0
89dae102-68c2-443d-88f8-f4ec78489dcf,e11·m1·sim-v1·tpmv-paper-m1,prematch,ATP,Tennis PMV,medium,Botic van de Zandschulp — Jakub Mensik,0:2,National Bank Open: Botic van de Zandschulp vs Jakub Mensik Total Sets: Under 2.5,0,,,,0.089,0.649,0.649,0.56,,56,56,100,26,0.2,15,15,,,,13327,,0,settled_won,,won,15,26.79,11.79,0,,,0
c57bb4d4-d650-44bd-bd8a-6f0197b39906,e11·m1·sim-v1·tpmv-paper-m1,prematch,ATP,Tennis PMV,conservative,Botic van de Zandschulp — Jakub Mensik,0:2,National Bank Open: Botic van de Zandschulp vs Jakub Mensik Total Sets: Under 2.5,0,,,,0.089,0.649,0.649,0.56,,56,56,79.9,26,0.12,15,15,,,,13327,6.4,2,settled_won,early,won,15,21.4,6.4,1,take_price,79.9,6.4
5d4e9872-fb60-4a4a-8294-05edba91e247,e11·m1·sim-v1·tpmv-paper-m1,prematch,ATP,Tennis PMV,max,Botic van de Zandschulp — Jakub Mensik,0:2,National Bank Open: Botic van de Zandschulp vs Jakub Mensik Total Sets: Under 2.5,0,,,,0.089,0.649,0.649,0.56,,56,56,100,26,0.5,15,15,,,,13327,,0,settled_won,,won,15,26.79,11.79,0,,,0
67bbba4b-b7a4-4c13-b0dc-61dc016bae92,e11·m1·sim-v1·tpmv-paper-m1,prematch,ATP,Tennis PMV,aggressive,Tom Gentzsch — Jerome Kym,2:0,Hagen: Tom Gentzsch vs Jerome Kym Set 1 Over 8.5,0,,,,0.147,0.827,0.827,0.68,,68,68,100,,0.33,15,15,,,,500,,0,settled_won,,won,15,22.06,7.06,0,,,0
21432ef9-49e3-4cde-96ff-9a8ed4304e12,e11·m1·sim-v1·tpmv-paper-m1,prematch,ATP,Tennis PMV,medium,Tom Gentzsch — Jerome Kym,2:0,Hagen: Tom Gentzsch vs Jerome Kym Set 1 Over 8.5,0,,,,0.147,0.827,0.827,0.68,,68,68,100,,0.2,15,15,,,,500,,0,settled_won,,won,15,22.06,7.06,0,,,0
a8cdb69c-43bb-4835-8bc4-7eb037e837f2,e11·m1·sim-v1·tpmv-paper-m1,prematch,ATP,Tennis PMV,conservative,Tom Gentzsch — Jerome Kym,2:0,Hagen: Tom Gentzsch vs Jerome Kym Set 1 Over 8.5,0,,,,0.147,0.827,0.827,0.68,,68,68,99,,0.12,15,15,,,,500,6.84,2,settled_won,early,won,15,21.84,6.84,1,take_price,99,6.84
5438a17e-e309-49e3-8b52-b58603436a0f,e11·m1·sim-v1·tpmv-paper-m1,prematch,ATP,Tennis PMV,max,Tom Gentzsch — Jerome Kym,2:0,Hagen: Tom Gentzsch vs Jerome Kym Set 1 Over 8.5,0,,,,0.147,0.827,0.827,0.68,,68,68,100,,0.5,15,15,,,,500,,0,settled_won,,won,15,22.06,7.06,0,,,0
d2e68746-8566-4e10-bcb0-7538a9df46b6,e11·m1·sim-v1·tpmv-paper-m1,prematch,ATP,Tennis PMV,aggressive,Gabriele Piraino — Petr Nesterov,2:0,Plovdiv 2: Gabriele Piraino vs Petr Nesterov Match Over 21.5,0,,,,0.108,0.593,0.593,0.485,,48.5,48.5,0,1.5,0.33,15,15,,,,3258,,0,settled_lost,,lost,15,0,-15,0,,,0
435ad275-8d66-469f-bcd8-00398e28d6af,e11·m1·sim-v1·tpmv-paper-m1,prematch,ATP,Tennis PMV,medium,Gabriele Piraino — Petr Nesterov,2:0,Plovdiv 2: Gabriele Piraino vs Petr Nesterov Match Over 21.5,0,,,,0.108,0.593,0.593,0.485,,48.5,48.5,0,1.5,0.2,15,15,,,,3258,,0,settled_lost,,lost,15,0,-15,0,,,0
8983c934-5db9-4526-a127-ba6ca319b496,e11·m1·sim-v1·tpmv-paper-m1,prematch,ATP,Tennis PMV,conservative,Gabriele Piraino — Petr Nesterov,2:0,Plovdiv 2: Gabriele Piraino vs Petr Nesterov Match Over 21.5,0,,,,0.108,0.593,0.593,0.485,,48.5,48.5,0,1.5,0.12,15,15,,,,3258,,0,settled_lost,,lost,15,0,-15,0,,,0
b608c5ad-332f-482d-83ca-ccdb5efd2b95,e11·m1·sim-v1·tpmv-paper-m1,prematch,ATP,Tennis PMV,max,Gabriele Piraino — Petr Nesterov,2:0,Plovdiv 2: Gabriele Piraino vs Petr Nesterov Match Over 21.5,0,,,,0.108,0.593,0.593,0.485,,48.5,48.5,0,1.5,0.5,15,15,,,,3258,,0,settled_lost,,lost,15,0,-15,0,,,0
92539b93-957c-4d01-b815-a215af8eab43,e11·m1·sim-v1·tpmv-paper-m1,prematch,ATP,Tennis PMV,aggressive,Luciano Darderi — Brandon Nakashima,0:2,National Bank Open: Luciano Darderi vs Brandon Nakashima Set 1 Over 8.5,0,,,,0.154,0.819,0.819,0.665,,66.5,66.5,0,-16.5,0.33,15,15,,,,821,,0,settled_lost,,lost,15,0,-15,0,,,0
1a02d8db-b224-44d7-bae6-d36caca5ad32,e11·m1·sim-v1·tpmv-paper-m1,prematch,ATP,Tennis PMV,medium,Luciano Darderi — Brandon Nakashima,0:2,National Bank Open: Luciano Darderi vs Brandon Nakashima Set 1 Over 8.5,0,,,,0.154,0.819,0.819,0.665,,66.5,66.5,0,-16.5,0.2,15,15,,,,821,,0,settled_lost,,lost,15,0,-15,0,,,0
05600126-dc79-4b18-a359-2859140081e3,e11·m1·sim-v1·tpmv-paper-m1,prematch,ATP,Tennis PMV,conservative,Luciano Darderi — Brandon Nakashima,0:2,National Bank Open: Luciano Darderi vs Brandon Nakashima Set 1 Over 8.5,0,,,,0.154,0.819,0.819,0.665,,66.5,66.5,0,-16.5,0.12,15,15,,,,821,,0,settled_lost,,lost,15,0,-15,0,,,0
4f992796-8761-48f7-9189-78bf1929ab8d,e11·m1·sim-v1·tpmv-paper-m1,prematch,ATP,Tennis PMV,max,Luciano Darderi — Brandon Nakashima,0:2,National Bank Open: Luciano Darderi vs Brandon Nakashima Set 1 Over 8.5,0,,,,0.154,0.819,0.819,0.665,,66.5,66.5,0,-16.5,0.5,15,15,,,,821,,0,settled_lost,,lost,15,0,-15,0,,,0
e5bfa2cd-490d-4d5b-a1c3-ccddca55df06,e11·m1·sim-v1·tpmv-paper-m1,prematch,WTA,Tennis PMV,aggressive,Diana Shnaider — Iga Swiatek,0:2,National Bank Open: Diana Shnaider vs Iga Swiatek Set 1 Over 8.5,0,,,,0.137,0.717,0.717,0.58,,58,58,0,-8,0.33,15,15,,,,1469,,0,settled_lost,,lost,15,0,-15,0,,,0
30491598-f876-4e1e-96a5-90cf4f0088d9,e11·m1·sim-v1·tpmv-paper-m1,prematch,WTA,Tennis PMV,medium,Diana Shnaider — Iga Swiatek,0:2,National Bank Open: Diana Shnaider vs Iga Swiatek Set 1 Over 8.5,0,,,,0.137,0.717,0.717,0.58,,58,58,0,-8,0.2,15,15,,,,1469,,0,settled_lost,,lost,15,0,-15,0,,,0
15db93f2-d14d-4482-8c6e-298971e7d061,e11·m1·sim-v1·tpmv-paper-m1,prematch,WTA,Tennis PMV,conservative,Diana Shnaider — Iga Swiatek,0:2,National Bank Open: Diana Shnaider vs Iga Swiatek Set 1 Over 8.5,0,,,,0.137,0.717,0.717,0.58,,58,58,0,-8,0.12,15,15,,,,1469,,0,settled_lost,,lost,15,0,-15,0,,,0
ff98ca0e-8b46-4278-9dfe-211ae81913f9,e11·m1·sim-v1·tpmv-paper-m1,prematch,WTA,Tennis PMV,max,Diana Shnaider — Iga Swiatek,0:2,National Bank Open: Diana Shnaider vs Iga Swiatek Set 1 Over 8.5,0,,,,0.137,0.717,0.717,0.58,,58,58,0,-8,0.5,15,15,,,,1469,,0,settled_lost,,lost,15,0,-15,0,,,0
73cfa294-b18b-4d1b-9c73-c8341ff30267,e11·m1·sim-v1·tpmv-paper-m1,prematch,ATP,Tennis PMV,aggressive,Jakub Mensik — Ben Shelton,0:2,National Bank Open: Jakub Mensik vs Ben Shelton Set 1 Over 8.5,0,,,,0.084,0.829,0.829,0.745,,74.5,74.5,100,-24.5,0.33,15,15,,,,5226,,0,settled_won,,won,15,20.13,5.13,0,,,0
7a4b4443-db44-43a3-8665-c2d92113fe44,e11·m1·sim-v1·tpmv-paper-m1,prematch,ATP,Tennis PMV,medium,Jakub Mensik — Ben Shelton,0:2,National Bank Open: Jakub Mensik vs Ben Shelton Set 1 Over 8.5,0,,,,0.084,0.829,0.829,0.745,,74.5,74.5,100,-24.5,0.2,15,15,,,,5226,,0,settled_won,,won,15,20.13,5.13,0,,,0
7c95e421-4e05-4c9a-9348-1bed5d4aafc7,e11·m1·sim-v1·tpmv-paper-m1,prematch,ATP,Tennis PMV,conservative,Jakub Mensik — Ben Shelton,0:2,National Bank Open: Jakub Mensik vs Ben Shelton Set 1 Over 8.5,0,,,,0.084,0.829,0.829,0.745,,74.5,74.5,100,-24.5,0.12,15,15,,,,5226,,0,settled_won,,won,15,20.13,5.13,0,,,0
248d7a37-02ee-4926-981d-9a79d76ffffa,e11·m1·sim-v1·tpmv-paper-m1,prematch,ATP,Tennis PMV,max,Jakub Mensik — Ben Shelton,0:2,National Bank Open: Jakub Mensik vs Ben Shelton Set 1 Over 8.5,0,,,,0.084,0.829,0.829,0.745,,74.5,74.5,100,-24.5,0.5,15,15,,,,5226,,0,settled_won,,won,15,20.13,5.13,0,,,0
3afc7f38-aae7-476b-a5e5-8c5671ade073,e11·m1·sim-v1·tpmv-paper-m1,prematch,WTA,Tennis PMV,aggressive,Naomi Osaka — Elena Rybakina,1:2,National Bank Open: Naomi Osaka vs Elena Rybakina Set 1 Over 8.5,0,,,,0.082,0.737,0.737,0.655,,65.5,65.5,100,,0.33,15,15,,,,2185,,0,settled_won,,won,15,22.9,7.9,0,,,0
0e014395-007a-4eea-a487-30b9ac632e4f,e11·m1·sim-v1·tpmv-paper-m1,prematch,WTA,Tennis PMV,medium,Naomi Osaka — Elena Rybakina,1:2,National Bank Open: Naomi Osaka vs Elena Rybakina Set 1 Over 8.5,0,,,,0.082,0.737,0.737,0.655,,65.5,65.5,99,,0.2,15,15,,,,2185,7.67,2,settled_won,early,won,15,22.67,7.67,1,take_price,99,7.67
0b0e6286-c553-4a43-ac48-e2bdd5123cee,e11·m1·sim-v1·tpmv-paper-m1,prematch,WTA,Tennis PMV,conservative,Naomi Osaka — Elena Rybakina,1:2,National Bank Open: Naomi Osaka vs Elena Rybakina Set 1 Over 8.5,0,,,,0.082,0.737,0.737,0.655,,65.5,65.5,99,,0.12,15,15,,,,2185,7.67,2,settled_won,early,won,15,22.67,7.67,1,take_price,99,7.67
45fbc8f9-cc9c-4e58-851e-81cf42580361,e11·m1·sim-v1·tpmv-paper-m1,prematch,WTA,Tennis PMV,max,Naomi Osaka — Elena Rybakina,1:2,National Bank Open: Naomi Osaka vs Elena Rybakina Set 1 Over 8.5,0,,,,0.082,0.737,0.737,0.655,,65.5,65.5,100,,0.5,15,15,,,,2185,,0,settled_won,,won,15,22.9,7.9,0,,,0
823867da-3ada-4f78-9425-83badad75976,e11·m1·sim-v1·tpmv-paper-m1,prematch,WTA,Tennis PMV,aggressive,Belinda Bencic — Coco Gauff,,National Bank Open: Belinda Bencic vs Coco Gauff Set 1 Over 8.5,0,,,,0.134,0.734,0.734,0.6,,60,60,,,0.33,15,15,,,,2289,,0,open,,open,15,,,0,,,0
89127e4d-ac9c-4413-b7b1-2393936a0abe,e11·m1·sim-v1·tpmv-paper-m1,prematch,WTA,Tennis PMV,medium,Belinda Bencic — Coco Gauff,,National Bank Open: Belinda Bencic vs Coco Gauff Set 1 Over 8.5,0,,,,0.134,0.734,0.734,0.6,,60,60,,,0.2,15,15,,,,2289,,0,open,,open,15,,,0,,,0
59988a64-45f7-4408-a50e-8872d0535129,e11·m1·sim-v1·tpmv-paper-m1,prematch,WTA,Tennis PMV,conservative,Belinda Bencic — Coco Gauff,,National Bank Open: Belinda Bencic vs Coco Gauff Set 1 Over 8.5,0,,,,0.134,0.734,0.734,0.6,,60,60,,,0.12,15,15,,,,2289,,0,open,,open,15,,,0,,,0
c728ab55-0e24-40ce-b089-9f052c527f44,e11·m1·sim-v1·tpmv-paper-m1,prematch,WTA,Tennis PMV,max,Belinda Bencic — Coco Gauff,,National Bank Open: Belinda Bencic vs Coco Gauff Set 1 Over 8.5,0,,,,0.134,0.734,0.734,0.6,,60,60,,,0.5,15,15,,,,2289,,0,open,,open,15,,,0,,,0
f9bc27cd-3891-44f5-8b16-2c735e60ed15,e11·m1·sim-v1·tpmv-paper-m1,prematch,WTA,Tennis PMV,aggressive,Elina Svitolina — Iga Swiatek,,National Bank Open: Elina Svitolina vs Iga Swiatek Set 1 Over 8.5,0,,,,0.128,0.723,0.723,0.595,,59.5,59.5,,,0.33,15,15,,,,2558,,0,open,,open,15,,,0,,,0
0dfab6dd-ba93-40f1-8940-11dbc1d85702,e11·m1·sim-v1·tpmv-paper-m1,prematch,WTA,Tennis PMV,medium,Elina Svitolina — Iga Swiatek,,National Bank Open: Elina Svitolina vs Iga Swiatek Set 1 Over 8.5,0,,,,0.128,0.723,0.723,0.595,,59.5,59.5,,,0.2,15,15,,,,2558,,0,open,,open,15,,,0,,,0
bb70bf6c-4121-40a7-bb88-96f889f6d1f0,e11·m1·sim-v1·tpmv-paper-m1,prematch,WTA,Tennis PMV,conservative,Elina Svitolina — Iga Swiatek,,National Bank Open: Elina Svitolina vs Iga Swiatek Set 1 Over 8.5,0,,,,0.128,0.723,0.723,0.595,,59.5,59.5,,,0.12,15,15,,,,2558,,0,open,,open,15,,,0,,,0
23e7638d-15d3-4b26-a127-7be865a152fc,e11·m1·sim-v1·tpmv-paper-m1,prematch,WTA,Tennis PMV,max,Elina Svitolina — Iga Swiatek,,National Bank Open: Elina Svitolina vs Iga Swiatek Set 1 Over 8.5,0,,,,0.128,0.723,0.723,0.595,,59.5,59.5,,,0.5,15,15,,,,2558,,0,open,,open,15,,,0,,,0
6f3bb2c1-f802-4eb7-b723-01a32f78461f,e11·m1·sim-v1·tpmv-paper-m1,prematch,ATP,Tennis PMV,aggressive,Lloyd Harris — Andrew Fenty,2:0,Brownsburg: Lloyd Harris vs Andrew Fenty Set 1 Over 8.5,0,,,,0.156,0.801,0.801,0.645,,64.5,64.5,66.8,,0.33,15,15,,,,1717,,0,settled_void,void,void,15,15,0,0,,,0
d8b40d42-5546-4099-9cb7-f99aa13e16e0,e11·m1·sim-v1·tpmv-paper-m1,prematch,ATP,Tennis PMV,medium,Lloyd Harris — Andrew Fenty,2:0,Brownsburg: Lloyd Harris vs Andrew Fenty Set 1 Over 8.5,0,,,,0.156,0.801,0.801,0.645,,64.5,64.5,66.8,,0.2,15,15,,,,1717,,0,settled_void,void,void,15,15,0,0,,,0
ffd198cc-5613-4d26-8b09-258a41264152,e11·m1·sim-v1·tpmv-paper-m1,prematch,ATP,Tennis PMV,conservative,Lloyd Harris — Andrew Fenty,2:0,Brownsburg: Lloyd Harris vs Andrew Fenty Set 1 Over 8.5,0,,,,0.156,0.801,0.801,0.645,,64.5,64.5,66.8,,0.12,15,15,,,,1717,,0,settled_void,void,void,15,15,0,0,,,0
464ee3f9-034b-4769-b200-384db5fb918d,e11·m1·sim-v1·tpmv-paper-m1,prematch,ATP,Tennis PMV,max,Lloyd Harris — Andrew Fenty,2:0,Brownsburg: Lloyd Harris vs Andrew Fenty Set 1 Over 8.5,0,,,,0.156,0.801,0.801,0.645,,64.5,64.5,66.8,,0.5,15,15,,,,1717,,0,settled_void,void,void,15,15,0,0,,,0
433b767e-c172-4380-b49d-390d5d0f7018,e11·m1·sim-v1·tpmv-paper-m1,prematch,ATP,Tennis PMV,aggressive,Stefan Kozlov — Aidan Mayo,,Brownsburg: Stefan Kozlov vs Aidan Mayo Set 1 Over 8.5,0,,,,0.084,0.824,0.824,0.74,,74,74,,,0.33,15,15,,,,1821,,0,open,,open,15,,,0,,,0
0c507688-9db8-4615-8c13-9eb0e7d64bf0,e11·m1·sim-v1·tpmv-paper-m1,prematch,ATP,Tennis PMV,medium,Stefan Kozlov — Aidan Mayo,,Brownsburg: Stefan Kozlov vs Aidan Mayo Set 1 Over 8.5,0,,,,0.084,0.824,0.824,0.74,,74,74,,,0.2,15,15,,,,1821,,0,open,,open,15,,,0,,,0
671471b7-2146-4556-82c5-0420df1fc87d,e11·m1·sim-v1·tpmv-paper-m1,prematch,ATP,Tennis PMV,conservative,Stefan Kozlov — Aidan Mayo,,Brownsburg: Stefan Kozlov vs Aidan Mayo Set 1 Over 8.5,0,,,,0.084,0.824,0.824,0.74,,74,74,,,0.12,15,15,,,,1821,,0,open,,open,15,,,0,,,0
296b2e77-34e5-482d-9607-d8fd7481f106,e11·m1·sim-v1·tpmv-paper-m1,prematch,ATP,Tennis PMV,max,Stefan Kozlov — Aidan Mayo,,Brownsburg: Stefan Kozlov vs Aidan Mayo Set 1 Over 8.5,0,,,,0.084,0.824,0.824,0.74,,74,74,,,0.5,15,15,,,,1821,,0,open,,open,15,,,0,,,0
f956ca09-07bd-42c9-82c5-6de8a0e0f5ff,e11·m1·sim-v1·tpmv-paper-m1,prematch,ATP,Tennis PMV,aggressive,Alex Barrena — Luciano Emanuel Ambrogi,,Todi: Alex Barrena vs Luciano Emanuel Ambrogi Total Sets: Under 2.5,0,,,,0.077,0.632,0.632,0.555,,55.5,55.5,,,0.33,15,15,,,,2244,,0,open,,open,15,,,0,,,0
a771e199-d168-4131-a22b-4a15f9ddf361,e11·m1·sim-v1·tpmv-paper-m1,prematch,ATP,Tennis PMV,medium,Alex Barrena — Luciano Emanuel Ambrogi,,Todi: Alex Barrena vs Luciano Emanuel Ambrogi Total Sets: Under 2.5,0,,,,0.077,0.632,0.632,0.555,,55.5,55.5,,,0.2,15,15,,,,2244,,0,open,,open,15,,,0,,,0
b000b0fc-a4d6-4d11-a77e-693422ccf59a,e11·m1·sim-v1·tpmv-paper-m1,prematch,ATP,Tennis PMV,conservative,Alex Barrena — Luciano Emanuel Ambrogi,,Todi: Alex Barrena vs Luciano Emanuel Ambrogi Total Sets: Under 2.5,0,,,,0.077,0.632,0.632,0.555,,55.5,55.5,,,0.12,15,15,,,,2244,,0,open,,open,15,,,0,,,0
a6735f51-6b79-4626-9749-626dc10d6569,e11·m1·sim-v1·tpmv-paper-m1,prematch,ATP,Tennis PMV,max,Alex Barrena — Luciano Emanuel Ambrogi,,Todi: Alex Barrena vs Luciano Emanuel Ambrogi Total Sets: Under 2.5,0,,,,0.077,0.632,0.632,0.555,,55.5,55.5,,,0.5,15,15,,,,2244,,0,open,,open,15,,,0,,,0
a9de5892-cbd1-4311-9f32-f171b493548a,e11·m1·sim-v1·tpmv-paper-m1,prematch,ATP,Tennis PMV,aggressive,Nicolai Budkov Kjaer — Kyrian Jacquet,,"Cincinnati Open, Qualification: Nicolai Budkov Kjaer vs Kyrian Jacquet Set 2 Winner",0,,,,0.138,0.398,0.398,0.26,,26,26,,13,0.33,15,15,,,,718,,0,open,,open,15,,,0,,,0
ba0d4276-aebd-4db5-9577-54b342efdc46,e11·m1·sim-v1·tpmv-paper-m1,prematch,ATP,Tennis PMV,medium,Nicolai Budkov Kjaer — Kyrian Jacquet,,"Cincinnati Open, Qualification: Nicolai Budkov Kjaer vs Kyrian Jacquet Set 2 Winner",0,,,,0.138,0.398,0.398,0.26,,26,26,,13,0.2,15,15,,,,718,,0,open,,open,15,,,0,,,0
c06490dc-890f-45fa-a9db-9ca60495f51e,e11·m1·sim-v1·tpmv-paper-m1,prematch,ATP,Tennis PMV,conservative,Nicolai Budkov Kjaer — Kyrian Jacquet,,"Cincinnati Open, Qualification: Nicolai Budkov Kjaer vs Kyrian Jacquet Set 2 Winner",0,,,,0.138,0.398,0.398,0.26,,26,26,,13,0.12,15,15,,,,718,,0,open,,open,15,,,0,,,0
12a7348a-4343-4f93-bb1d-99445dc149c0,e11·m1·sim-v1·tpmv-paper-m1,prematch,ATP,Tennis PMV,max,Nicolai Budkov Kjaer — Kyrian Jacquet,,"Cincinnati Open, Qualification: Nicolai Budkov Kjaer vs Kyrian Jacquet Set 2 Winner",0,,,,0.138,0.398,0.398,0.26,,26,26,,13,0.5,15,15,,,,718,,0,open,,open,15,,,0,,,0
4a078156-a101-442b-bc7b-07efa78d2e59,e11·m1·sim-v1·tpmv-paper-m1,prematch,ATP,Tennis PMV,aggressive,Cameron Norrie — Dino Prizmic,,Cincinnati Open: Cameron Norrie vs Dino Prizmic Set 1 Over 8.5,0,,,,0.172,0.827,0.827,0.655,,65.5,65.5,,,0.33,15,15,,,,1513,,0,open,,open,15,,,0,,,0
cf856d79-a2ed-4930-a809-21438bf73605,e11·m1·sim-v1·tpmv-paper-m1,prematch,ATP,Tennis PMV,medium,Cameron Norrie — Dino Prizmic,,Cincinnati Open: Cameron Norrie vs Dino Prizmic Set 1 Over 8.5,0,,,,0.172,0.827,0.827,0.655,,65.5,65.5,,,0.2,15,15,,,,1513,,0,open,,open,15,,,0,,,0
e7887bac-ce13-4168-8556-bd0a1816e6fb,e11·m1·sim-v1·tpmv-paper-m1,prematch,ATP,Tennis PMV,conservative,Cameron Norrie — Dino Prizmic,,Cincinnati Open: Cameron Norrie vs Dino Prizmic Set 1 Over 8.5,0,,,,0.172,0.827,0.827,0.655,,65.5,65.5,,,0.12,15,15,,,,1513,,0,open,,open,15,,,0,,,0
ccee11d6-c9f1-4ed9-9364-01f631a7818f,e11·m1·sim-v1·tpmv-paper-m1,prematch,ATP,Tennis PMV,max,Cameron Norrie — Dino Prizmic,,Cincinnati Open: Cameron Norrie vs Dino Prizmic Set 1 Over 8.5,0,,,,0.172,0.827,0.827,0.655,,65.5,65.5,,,0.5,15,15,,,,1513,,0,open,,open,15,,,0,,,0
92fb69eb-1ff4-41e7-aa89-e746adb0d1f3,e11·m1·sim-v1·tpmv-paper-m1,prematch,ATP,Tennis PMV,aggressive,Martin Landaluce — Jack Draper,,Cincinnati Open: Martin Landaluce vs Jack Draper Set 1 Over 8.5,0,,,,0.17,0.815,0.815,0.645,,64.5,64.5,,,0.33,15,15,,,,1497,,0,open,,open,15,,,0,,,0
25eb9cc4-6ea4-4f5d-9cf4-07ae9cf7fd34,e11·m1·sim-v1·tpmv-paper-m1,prematch,ATP,Tennis PMV,medium,Martin Landaluce — Jack Draper,,Cincinnati Open: Martin Landaluce vs Jack Draper Set 1 Over 8.5,0,,,,0.17,0.815,0.815,0.645,,64.5,64.5,,,0.2,15,15,,,,1497,,0,open,,open,15,,,0,,,0
01cb5497-3970-434e-ac03-d39b054e0f97,e11·m1·sim-v1·tpmv-paper-m1,prematch,ATP,Tennis PMV,conservative,Martin Landaluce — Jack Draper,,Cincinnati Open: Martin Landaluce vs Jack Draper Set 1 Over 8.5,0,,,,0.17,0.815,0.815,0.645,,64.5,64.5,,,0.12,15,15,,,,1497,,0,open,,open,15,,,0,,,0
a1a0c063-b56d-41fa-9975-d510f2189b76,e11·m1·sim-v1·tpmv-paper-m1,prematch,ATP,Tennis PMV,max,Martin Landaluce — Jack Draper,,Cincinnati Open: Martin Landaluce vs Jack Draper Set 1 Over 8.5,0,,,,0.17,0.815,0.815,0.645,,64.5,64.5,,,0.5,15,15,,,,1497,,0,open,,open,15,,,0,,,0
5214a560-4067-4ddd-b496-9468819fcd20,e11·m1·sim-v1·tpmv-paper-m1,prematch,ATP,Tennis PMV,aggressive,Marton Fucsovics — Terence Atmane,,Cincinnati Open: Marton Fucsovics vs Terence Atmane Set 1 Over 8.5,0,,,,0.153,0.823,0.823,0.67,,67,67,,,0.33,15,15,,,,1529,,0,open,,open,15,,,0,,,0
3929002c-e164-487e-bbb0-596b1ab332b2,e11·m1·sim-v1·tpmv-paper-m1,prematch,ATP,Tennis PMV,medium,Marton Fucsovics — Terence Atmane,,Cincinnati Open: Marton Fucsovics vs Terence Atmane Set 1 Over 8.5,0,,,,0.153,0.823,0.823,0.67,,67,67,,,0.2,15,15,,,,1529,,0,open,,open,15,,,0,,,0
9da8c837-694c-4003-8fe0-6fe7a1da4183,e11·m1·sim-v1·tpmv-paper-m1,prematch,ATP,Tennis PMV,conservative,Marton Fucsovics — Terence Atmane,,Cincinnati Open: Marton Fucsovics vs Terence Atmane Set 1 Over 8.5,0,,,,0.153,0.823,0.823,0.67,,67,67,,,0.12,15,15,,,,1529,,0,open,,open,15,,,0,,,0
8ed1c812-a3ee-4639-b295-bb63ae65dcff,e11·m1·sim-v1·tpmv-paper-m1,prematch,ATP,Tennis PMV,max,Marton Fucsovics — Terence Atmane,,Cincinnati Open: Marton Fucsovics vs Terence Atmane Set 1 Over 8.5,0,,,,0.153,0.823,0.823,0.67,,67,67,,,0.5,15,15,,,,1529,,0,open,,open,15,,,0,,,0
027e962a-a1bc-480b-af01-5a93119edd22,e11·m1·sim-v1·tpmv-paper-m1,prematch,ATP,Tennis PMV,aggressive,Camilo Ugo Carabelli — Miomir Kecmanovic,,Cincinnati Open: Camilo Ugo Carabelli vs Miomir Kecmanovic Set 1 Over 8.5,0,,,,0.178,0.813,0.813,0.635,,63.5,63.5,,,0.33,15,15,,,,1121,,0,open,,open,15,,,0,,,0
15870a49-09c3-4c67-8030-bcc63b0c7199,e11·m1·sim-v1·tpmv-paper-m1,prematch,ATP,Tennis PMV,medium,Camilo Ugo Carabelli — Miomir Kecmanovic,,Cincinnati Open: Camilo Ugo Carabelli vs Miomir Kecmanovic Set 1 Over 8.5,0,,,,0.178,0.813,0.813,0.635,,63.5,63.5,,,0.2,15,15,,,,1121,,0,open,,open,15,,,0,,,0
58fca6f2-672f-4771-a923-b80c23c7ea64,e11·m1·sim-v1·tpmv-paper-m1,prematch,ATP,Tennis PMV,conservative,Camilo Ugo Carabelli — Miomir Kecmanovic,,Cincinnati Open: Camilo Ugo Carabelli vs Miomir Kecmanovic Set 1 Over 8.5,0,,,,0.178,0.813,0.813,0.635,,63.5,63.5,,,0.12,15,15,,,,1121,,0,open,,open,15,,,0,,,0
b1875edd-5072-400b-91ef-e8e4a93be8d7,e11·m1·sim-v1·tpmv-paper-m1,prematch,ATP,Tennis PMV,max,Camilo Ugo Carabelli — Miomir Kecmanovic,,Cincinnati Open: Camilo Ugo Carabelli vs Miomir Kecmanovic Set 1 Over 8.5,0,,,,0.178,0.813,0.813,0.635,,63.5,63.5,,,0.5,15,15,,,,1121,,0,open,,open,15,,,0,,,0
a66ad1a2-6e15-49fb-bebc-c6506dcc358b,e11·m1·sim-v1·tpmv-paper-m1,prematch,ATP,Tennis PMV,aggressive,Botic van de Zandschulp — Tallon Griekspoor,,Cincinnati Open: Botic van de Zandschulp vs Tallon Griekspoor Set 1 Over 8.5,0,,,,0.149,0.829,0.829,0.68,,68,68,,,0.33,15,15,,,,1395,,0,open,,open,15,,,0,,,0
2841b44f-e7c9-4e55-8acd-37a572deaa93,e11·m1·sim-v1·tpmv-paper-m1,prematch,ATP,Tennis PMV,medium,Botic van de Zandschulp — Tallon Griekspoor,,Cincinnati Open: Botic van de Zandschulp vs Tallon Griekspoor Set 1 Over 8.5,0,,,,0.149,0.829,0.829,0.68,,68,68,,,0.2,15,15,,,,1395,,0,open,,open,15,,,0,,,0
f32033df-0e0a-4f78-90bc-83a8674b74c5,e11·m1·sim-v1·tpmv-paper-m1,prematch,ATP,Tennis PMV,conservative,Botic van de Zandschulp — Tallon Griekspoor,,Cincinnati Open: Botic van de Zandschulp vs Tallon Griekspoor Set 1 Over 8.5,0,,,,0.149,0.829,0.829,0.68,,68,68,,,0.12,15,15,,,,1395,,0,open,,open,15,,,0,,,0
02909fd5-0bbd-4649-afdb-ab7ef0fe6530,e11·m1·sim-v1·tpmv-paper-m1,prematch,ATP,Tennis PMV,max,Botic van de Zandschulp — Tallon Griekspoor,,Cincinnati Open: Botic van de Zandschulp vs Tallon Griekspoor Set 1 Over 8.5,0,,,,0.149,0.829,0.829,0.68,,68,68,,,0.5,15,15,,,,1395,,0,open,,open,15,,,0,,,0
85e0e034-6a17-446f-9da5-ef0bbe92d286,e11·m1·sim-v1·tpmv-paper-m1,prematch,ATP,Tennis PMV,aggressive,Roman Andres Burruchaga — Jan-Lennard Struff,,Cincinnati Open: Roman Andres Burruchaga vs Jan-Lennard Struff Set 1 Over 8.5,0,,,,0.179,0.829,0.829,0.65,,65,65,,,0.33,15,15,,,,1591,,0,open,,open,15,,,0,,,0
755b5a35-f0db-4468-b2eb-e4058d7d0b7d,e11·m1·sim-v1·tpmv-paper-m1,prematch,ATP,Tennis PMV,medium,Roman Andres Burruchaga — Jan-Lennard Struff,,Cincinnati Open: Roman Andres Burruchaga vs Jan-Lennard Struff Set 1 Over 8.5,0,,,,0.179,0.829,0.829,0.65,,65,65,,,0.2,15,15,,,,1591,,0,open,,open,15,,,0,,,0
ce321651-b990-4359-a988-27a45e8e4487,e11·m1·sim-v1·tpmv-paper-m1,prematch,ATP,Tennis PMV,conservative,Roman Andres Burruchaga — Jan-Lennard Struff,,Cincinnati Open: Roman Andres Burruchaga vs Jan-Lennard Struff Set 1 Over 8.5,0,,,,0.179,0.829,0.829,0.65,,65,65,,,0.12,15,15,,,,1591,,0,open,,open,15,,,0,,,0
931a1818-bb21-49ff-a97c-0fb641f1ff63,e11·m1·sim-v1·tpmv-paper-m1,prematch,ATP,Tennis PMV,max,Roman Andres Burruchaga — Jan-Lennard Struff,,Cincinnati Open: Roman Andres Burruchaga vs Jan-Lennard Struff Set 1 Over 8.5,0,,,,0.179,0.829,0.829,0.65,,65,65,,,0.5,15,15,,,,1591,,0,open,,open,15,,,0,,,0
18d4f68a-a308-43c0-90a6-521f8cc6233c,e11·m1·sim-v1·tpmv-paper-m1,prematch,ATP,Tennis PMV,aggressive,Alex Michelsen — Jesper de Jong,,Cincinnati Open: Alex Michelsen vs Jesper de Jong Set 2 Winner,0,,,,0.113,0.718,0.718,0.605,,60.5,60.5,,,0.33,15,15,,,,2490,,0,open,,open,15,,,0,,,0
1137b588-4c2a-41af-80a1-50ece886b0c3,e11·m1·sim-v1·tpmv-paper-m1,prematch,ATP,Tennis PMV,medium,Alex Michelsen — Jesper de Jong,,Cincinnati Open: Alex Michelsen vs Jesper de Jong Set 2 Winner,0,,,,0.113,0.718,0.718,0.605,,60.5,60.5,,,0.2,15,15,,,,2490,,0,open,,open,15,,,0,,,0
099f8d4f-3d91-4be7-86e5-101c9743d2ae,e11·m1·sim-v1·tpmv-paper-m1,prematch,ATP,Tennis PMV,conservative,Alex Michelsen — Jesper de Jong,,Cincinnati Open: Alex Michelsen vs Jesper de Jong Set 2 Winner,0,,,,0.113,0.718,0.718,0.605,,60.5,60.5,,,0.12,15,15,,,,2490,,0,open,,open,15,,,0,,,0
859ae93d-2960-4495-bacd-cb6da6171010,e11·m1·sim-v1·tpmv-paper-m1,prematch,ATP,Tennis PMV,max,Alex Michelsen — Jesper de Jong,,Cincinnati Open: Alex Michelsen vs Jesper de Jong Set 2 Winner,0,,,,0.113,0.718,0.718,0.605,,60.5,60.5,,,0.5,15,15,,,,2490,,0,open,,open,15,,,0,,,0
5cb1798c-90d0-4dcc-b334-911efcee55a4,e11·m1·sim-v1·tpmv-paper-m1,prematch,ATP,Tennis PMV,aggressive,Juncheng Shang — Lorenzo Sonego,,Cincinnati Open: Juncheng Shang vs Lorenzo Sonego Set 1 Over 8.5,0,,,,0.151,0.826,0.826,0.675,,67.5,67.5,,,0.33,15,15,,,,1404,,0,open,,open,15,,,0,,,0
27025a34-6788-4e77-baa4-f53c2a78d13c,e11·m1·sim-v1·tpmv-paper-m1,prematch,ATP,Tennis PMV,medium,Juncheng Shang — Lorenzo Sonego,,Cincinnati Open: Juncheng Shang vs Lorenzo Sonego Set 1 Over 8.5,0,,,,0.151,0.826,0.826,0.675,,67.5,67.5,,,0.2,15,15,,,,1404,,0,open,,open,15,,,0,,,0
7ab09231-aeac-479c-884e-b6a69389964f,e11·m1·sim-v1·tpmv-paper-m1,prematch,ATP,Tennis PMV,conservative,Juncheng Shang — Lorenzo Sonego,,Cincinnati Open: Juncheng Shang vs Lorenzo Sonego Set 1 Over 8.5,0,,,,0.151,0.826,0.826,0.675,,67.5,67.5,,,0.12,15,15,,,,1404,,0,open,,open,15,,,0,,,0
cc6673e0-fd62-472b-8227-c73f4ba8b4ea,e11·m1·sim-v1·tpmv-paper-m1,prematch,ATP,Tennis PMV,max,Juncheng Shang — Lorenzo Sonego,,Cincinnati Open: Juncheng Shang vs Lorenzo Sonego Set 1 Over 8.5,0,,,,0.151,0.826,0.826,0.675,,67.5,67.5,,,0.5,15,15,,,,1404,,0,open,,open,15,,,0,,,0
c3ebc73c-b86b-4b02-8797-0cee1171710f,e11·m1·sim-v1·tpmv-paper-m1,prematch,ATP,Tennis PMV,aggressive,Thiago Agustin Tirante — Jan Choinski,,Cincinnati Open: Thiago Agustin Tirante vs Jan Choinski Set 1 Over 8.5,0,,,,0.157,0.822,0.822,0.665,,66.5,66.5,,,0.33,15,15,,,,1316,,0,open,,open,15,,,0,,,0
83c23364-d861-456c-97ba-3d39fe97f805,e11·m1·sim-v1·tpmv-paper-m1,prematch,ATP,Tennis PMV,medium,Thiago Agustin Tirante — Jan Choinski,,Cincinnati Open: Thiago Agustin Tirante vs Jan Choinski Set 1 Over 8.5,0,,,,0.157,0.822,0.822,0.665,,66.5,66.5,,,0.2,15,15,,,,1316,,0,open,,open,15,,,0,,,0
85132edb-f4c3-4783-8ed3-b1780470f1db,e11·m1·sim-v1·tpmv-paper-m1,prematch,ATP,Tennis PMV,conservative,Thiago Agustin Tirante — Jan Choinski,,Cincinnati Open: Thiago Agustin Tirante vs Jan Choinski Set 1 Over 8.5,0,,,,0.157,0.822,0.822,0.665,,66.5,66.5,,,0.12,15,15,,,,1316,,0,open,,open,15,,,0,,,0
190889cc-be05-4ffe-bff1-bf9efe8e6251,e11·m1·sim-v1·tpmv-paper-m1,prematch,ATP,Tennis PMV,max,Thiago Agustin Tirante — Jan Choinski,,Cincinnati Open: Thiago Agustin Tirante vs Jan Choinski Set 1 Over 8.5,0,,,,0.157,0.822,0.822,0.665,,66.5,66.5,,,0.5,15,15,,,,1316,,0,open,,open,15,,,0,,,0
c05911a7-01fa-490d-acef-3c3de30a1646,e11·m1·sim-v1·tpmv-paper-m1,prematch,ATP,Tennis PMV,aggressive,Sebastian Baez — Grigor Dimitrov,,Cincinnati Open: Sebastian Baez vs Grigor Dimitrov Set 1 Over 8.5,0,,,,0.173,0.828,0.828,0.655,,65.5,65.5,,,0.33,15,15,,,,1236,,0,open,,open,15,,,0,,,0
87274f1c-850e-4182-93c0-1c0a8a39d290,e11·m1·sim-v1·tpmv-paper-m1,prematch,ATP,Tennis PMV,medium,Sebastian Baez — Grigor Dimitrov,,Cincinnati Open: Sebastian Baez vs Grigor Dimitrov Set 1 Over 8.5,0,,,,0.173,0.828,0.828,0.655,,65.5,65.5,,,0.2,15,15,,,,1236,,0,open,,open,15,,,0,,,0
508b8f5c-ac9f-4941-a335-0dcacfb421cf,e11·m1·sim-v1·tpmv-paper-m1,prematch,ATP,Tennis PMV,conservative,Sebastian Baez — Grigor Dimitrov,,Cincinnati Open: Sebastian Baez vs Grigor Dimitrov Set 1 Over 8.5,0,,,,0.173,0.828,0.828,0.655,,65.5,65.5,,,0.12,15,15,,,,1236,,0,open,,open,15,,,0,,,0
9f60d346-cb23-4e7b-8e6b-46aa72132a41,e11·m1·sim-v1·tpmv-paper-m1,prematch,ATP,Tennis PMV,max,Sebastian Baez — Grigor Dimitrov,,Cincinnati Open: Sebastian Baez vs Grigor Dimitrov Set 1 Over 8.5,0,,,,0.173,0.828,0.828,0.655,,65.5,65.5,,,0.5,15,15,,,,1236,,0,open,,open,15,,,0,,,0
1090365b-3231-435d-86a9-efc20fa6c8ff,e11·m1·sim-v1·tpmv-paper-m1,prematch,ATP,Tennis PMV,aggressive,Valentin Royer — Stefanos Tsitsipas,,Cincinnati Open: Valentin Royer vs Stefanos Tsitsipas Set 1 Over 8.5,0,,,,0.153,0.808,0.808,0.655,,65.5,65.5,,,0.33,15,15,,,,1311,,0,open,,open,15,,,0,,,0
bdc2dfc9-16e9-4482-b46a-0d5244cdcefc,e11·m1·sim-v1·tpmv-paper-m1,prematch,ATP,Tennis PMV,medium,Valentin Royer — Stefanos Tsitsipas,,Cincinnati Open: Valentin Royer vs Stefanos Tsitsipas Set 1 Over 8.5,0,,,,0.153,0.808,0.808,0.655,,65.5,65.5,,,0.2,15,15,,,,1311,,0,open,,open,15,,,0,,,0
8c1b7328-8d5a-4bc0-b5bc-c537ca869c26,e11·m1·sim-v1·tpmv-paper-m1,prematch,ATP,Tennis PMV,conservative,Valentin Royer — Stefanos Tsitsipas,,Cincinnati Open: Valentin Royer vs Stefanos Tsitsipas Set 1 Over 8.5,0,,,,0.153,0.808,0.808,0.655,,65.5,65.5,,,0.12,15,15,,,,1311,,0,open,,open,15,,,0,,,0
31ca5a71-18f0-4a80-847a-01ced90a3abf,e11·m1·sim-v1·tpmv-paper-m1,prematch,ATP,Tennis PMV,max,Valentin Royer — Stefanos Tsitsipas,,Cincinnati Open: Valentin Royer vs Stefanos Tsitsipas Set 1 Over 8.5,0,,,,0.153,0.808,0.808,0.655,,65.5,65.5,,,0.5,15,15,,,,1311,,0,open,,open,15,,,0,,,0
68ade806-ce7e-4a47-b31c-6c0eadbf8249,e11·m1·sim-v1·tpmv-paper-m1,prematch,ATP,Tennis PMV,aggressive,Nuno Borges — Thanasi Kokkinakis,,Cincinnati Open: Nuno Borges vs Thanasi Kokkinakis Set 1 Over 8.5,0,,,,0.149,0.824,0.824,0.675,,67.5,67.5,,,0.33,15,15,,,,1419,,0,open,,open,15,,,0,,,0
9bbb8773-c5ec-428e-babc-8aa3b8641148,e11·m1·sim-v1·tpmv-paper-m1,prematch,ATP,Tennis PMV,medium,Nuno Borges — Thanasi Kokkinakis,,Cincinnati Open: Nuno Borges vs Thanasi Kokkinakis Set 1 Over 8.5,0,,,,0.149,0.824,0.824,0.675,,67.5,67.5,,,0.2,15,15,,,,1419,,0,open,,open,15,,,0,,,0
3740a3d9-ba45-428c-bbd5-4bf4103a9abb,e11·m1·sim-v1·tpmv-paper-m1,prematch,ATP,Tennis PMV,conservative,Nuno Borges — Thanasi Kokkinakis,,Cincinnati Open: Nuno Borges vs Thanasi Kokkinakis Set 1 Over 8.5,0,,,,0.149,0.824,0.824,0.675,,67.5,67.5,,,0.12,15,15,,,,1419,,0,open,,open,15,,,0,,,0
d797ee3b-d9d7-4934-a447-5f89cd287e37,e11·m1·sim-v1·tpmv-paper-m1,prematch,ATP,Tennis PMV,max,Nuno Borges — Thanasi Kokkinakis,,Cincinnati Open: Nuno Borges vs Thanasi Kokkinakis Set 1 Over 8.5,0,,,,0.149,0.824,0.824,0.675,,67.5,67.5,,,0.5,15,15,,,,1419,,0,open,,open,15,,,0,,,0
107dd9d7-4542-48fa-b23e-360a38c59b98,e11·m1·sim-v1·tpmv-paper-m1,prematch,ATP,Tennis PMV,aggressive,Tomas Machac — Pablo Carreno Busta,,Cincinnati Open: Tomas Machac vs Pablo Carreno Busta Set 1 Over 8.5,0,,,,0.174,0.829,0.829,0.655,,65.5,65.5,,,0.33,15,15,,,,1134,,0,open,,open,15,,,0,,,0
3ce29d88-d493-4372-b2b9-268f73549ac7,e11·m1·sim-v1·tpmv-paper-m1,prematch,ATP,Tennis PMV,medium,Tomas Machac — Pablo Carreno Busta,,Cincinnati Open: Tomas Machac vs Pablo Carreno Busta Set 1 Over 8.5,0,,,,0.174,0.829,0.829,0.655,,65.5,65.5,,,0.2,15,15,,,,1134,,0,open,,open,15,,,0,,,0
6c0821fe-eee4-4b39-8840-9d031092a597,e11·m1·sim-v1·tpmv-paper-m1,prematch,ATP,Tennis PMV,conservative,Tomas Machac — Pablo Carreno Busta,,Cincinnati Open: Tomas Machac vs Pablo Carreno Busta Set 1 Over 8.5,0,,,,0.174,0.829,0.829,0.655,,65.5,65.5,,,0.12,15,15,,,,1134,,0,open,,open,15,,,0,,,0
f50b9c96-6175-4366-93a2-1acb930edc80,e11·m1·sim-v1·tpmv-paper-m1,prematch,ATP,Tennis PMV,max,Tomas Machac — Pablo Carreno Busta,,Cincinnati Open: Tomas Machac vs Pablo Carreno Busta Set 1 Over 8.5,0,,,,0.174,0.829,0.829,0.655,,65.5,65.5,,,0.5,15,15,,,,1134,,0,open,,open,15,,,0,,,0
51f0c28b-654f-4005-80e5-5d73ae1fac7b,e11·m1·sim-v1·tpmv-paper-m1,prematch,ATP,Tennis PMV,aggressive,Daniel Merida Aguilar — Marin Cilic,,Cincinnati Open: Daniel Merida Aguilar vs Marin Cilic Set 1 Over 8.5,0,,,,0.174,0.829,0.829,0.655,,65.5,65.5,,,0.33,15,15,,,,872,,0,open,,open,15,,,0,,,0
b1ad1747-f125-47de-9735-3994626402a4,e11·m1·sim-v1·tpmv-paper-m1,prematch,ATP,Tennis PMV,medium,Daniel Merida Aguilar — Marin Cilic,,Cincinnati Open: Daniel Merida Aguilar vs Marin Cilic Set 1 Over 8.5,0,,,,0.174,0.829,0.829,0.655,,65.5,65.5,,,0.2,15,15,,,,872,,0,open,,open,15,,,0,,,0
903b1a55-ad88-4be8-8d46-e0b51b50ee6f,e11·m1·sim-v1·tpmv-paper-m1,prematch,ATP,Tennis PMV,conservative,Daniel Merida Aguilar — Marin Cilic,,Cincinnati Open: Daniel Merida Aguilar vs Marin Cilic Set 1 Over 8.5,0,,,,0.174,0.829,0.829,0.655,,65.5,65.5,,,0.12,15,15,,,,872,,0,open,,open,15,,,0,,,0
d77fbfe9-ca7f-4a7c-8a8e-929e0465cf24,e11·m1·sim-v1·tpmv-paper-m1,prematch,ATP,Tennis PMV,max,Daniel Merida Aguilar — Marin Cilic,,Cincinnati Open: Daniel Merida Aguilar vs Marin Cilic Set 1 Over 8.5,0,,,,0.174,0.829,0.829,0.655,,65.5,65.5,,,0.5,15,15,,,,872,,0,open,,open,15,,,0,,,0
e78b24d4-a78e-4c34-8c11-30e88f457eb5,e11·m1·sim-v1·tpmv-paper-m1,prematch,ATP,Tennis PMV,aggressive,Zachary Svajda — Mattia Bellucci,,Cincinnati Open: Zachary Svajda vs Mattia Bellucci Set 1 Over 8.5,0,,,,0.17,0.825,0.825,0.655,,65.5,65.5,,,0.33,15,15,,,,1125,,0,open,,open,15,,,0,,,0
44a1ad2e-1d0e-460d-8c11-07be14563d7a,e11·m1·sim-v1·tpmv-paper-m1,prematch,ATP,Tennis PMV,medium,Zachary Svajda — Mattia Bellucci,,Cincinnati Open: Zachary Svajda vs Mattia Bellucci Set 1 Over 8.5,0,,,,0.17,0.825,0.825,0.655,,65.5,65.5,,,0.2,15,15,,,,1125,,0,open,,open,15,,,0,,,0
ff81c984-163c-48e2-a860-53e3b5fa7fac,e11·m1·sim-v1·tpmv-paper-m1,prematch,ATP,Tennis PMV,conservative,Zachary Svajda — Mattia Bellucci,,Cincinnati Open: Zachary Svajda vs Mattia Bellucci Set 1 Over 8.5,0,,,,0.17,0.825,0.825,0.655,,65.5,65.5,,,0.12,15,15,,,,1125,,0,open,,open,15,,,0,,,0
ba9448cc-8513-4742-b75e-73b5ebb5198a,e11·m1·sim-v1·tpmv-paper-m1,prematch,ATP,Tennis PMV,max,Zachary Svajda — Mattia Bellucci,,Cincinnati Open: Zachary Svajda vs Mattia Bellucci Set 1 Over 8.5,0,,,,0.17,0.825,0.825,0.655,,65.5,65.5,,,0.5,15,15,,,,1125,,0,open,,open,15,,,0,,,0
2dafc83d-64b9-47ec-a611-c8fd28f06fc5,e11·m1·sim-v1·tpmv-paper-m1,prematch,ATP,Tennis PMV,aggressive,Nicolas Kicker — Thomas Faurel,,Todi: Nicolas Kicker vs Thomas Faurel Match Over 21.5,0,,,,0.113,0.593,0.593,0.48,,48,48,,,0.33,15,15,,,,2294,,0,open,,open,15,,,0,,,0
0105656c-7c19-43ce-ac5d-2944a27d5b58,e11·m1·sim-v1·tpmv-paper-m1,prematch,ATP,Tennis PMV,medium,Nicolas Kicker — Thomas Faurel,,Todi: Nicolas Kicker vs Thomas Faurel Match Over 21.5,0,,,,0.113,0.593,0.593,0.48,,48,48,,,0.2,15,15,,,,2294,,0,open,,open,15,,,0,,,0
6c6e8fd0-2996-4342-a87c-0d8ecc55204d,e11·m1·sim-v1·tpmv-paper-m1,prematch,ATP,Tennis PMV,conservative,Nicolas Kicker — Thomas Faurel,,Todi: Nicolas Kicker vs Thomas Faurel Match Over 21.5,0,,,,0.113,0.593,0.593,0.48,,48,48,,,0.12,15,15,,,,2294,,0,open,,open,15,,,0,,,0
7b76ed55-d0cb-4163-8fae-f6e992e91158,e11·m1·sim-v1·tpmv-paper-m1,prematch,ATP,Tennis PMV,max,Nicolas Kicker — Thomas Faurel,,Todi: Nicolas Kicker vs Thomas Faurel Match Over 21.5,0,,,,0.113,0.593,0.593,0.48,,48,48,,,0.5,15,15,,,,2294,,0,open,,open,15,,,0,,,0
95ab6d9c-5832-4039-9914-c959875979a7,e11·m1·sim-v1·tpmv-paper-m1,prematch,ATP,Tennis PMV,aggressive,Daniel Michalski — Lukas Neumayer,,Todi: Daniel Michalski vs Lukas Neumayer Set 1 Over 8.5,0,,,,0.125,0.82,0.82,0.695,,69.5,69.5,,,0.33,15,15,,,,628,,0,open,,open,15,,,0,,,0
64f65972-fa1a-45d0-9f7a-9bd944f327f1,e11·m1·sim-v1·tpmv-paper-m1,prematch,ATP,Tennis PMV,medium,Daniel Michalski — Lukas Neumayer,,Todi: Daniel Michalski vs Lukas Neumayer Set 1 Over 8.5,0,,,,0.125,0.82,0.82,0.695,,69.5,69.5,,,0.2,15,15,,,,628,,0,open,,open,15,,,0,,,0
8af4e4a8-629e-4748-ae14-e4d78db99fda,e11·m1·sim-v1·tpmv-paper-m1,prematch,ATP,Tennis PMV,conservative,Daniel Michalski — Lukas Neumayer,,Todi: Daniel Michalski vs Lukas Neumayer Set 1 Over 8.5,0,,,,0.125,0.82,0.82,0.695,,69.5,69.5,,,0.12,15,15,,,,628,,0,open,,open,15,,,0,,,0
e2041f72-cbae-41c6-b3e3-931136d92328,e11·m1·sim-v1·tpmv-paper-m1,prematch,ATP,Tennis PMV,max,Daniel Michalski — Lukas Neumayer,,Todi: Daniel Michalski vs Lukas Neumayer Set 1 Over 8.5,0,,,,0.125,0.82,0.82,0.695,,69.5,69.5,,,0.5,15,15,,,,628,,0,open,,open,15,,,0,,,0
946ec633-4020-4a93-86a5-1651aa3663b7,e11·m1·sim-v1·tpmv-paper-m1,prematch,WTA,Tennis PMV,aggressive,Tatjana Maria — Dayana Yastremska,,Cincinnati Open: Tatjana Maria vs Dayana Yastremska Set 1 Over 8.5,0,,,,0.132,0.737,0.737,0.605,,60.5,60.5,,,0.33,15,15,,,,1426,,0,open,,open,15,,,0,,,0
978e220b-ac1e-4ce4-b382-da14e7bcd85a,e11·m1·sim-v1·tpmv-paper-m1,prematch,WTA,Tennis PMV,medium,Tatjana Maria — Dayana Yastremska,,Cincinnati Open: Tatjana Maria vs Dayana Yastremska Set 1 Over 8.5,0,,,,0.132,0.737,0.737,0.605,,60.5,60.5,,,0.2,15,15,,,,1426,,0,open,,open,15,,,0,,,0
51f158fe-da6a-4552-b539-360102b1effc,e11·m1·sim-v1·tpmv-paper-m1,prematch,WTA,Tennis PMV,conservative,Tatjana Maria — Dayana Yastremska,,Cincinnati Open: Tatjana Maria vs Dayana Yastremska Set 1 Over 8.5,0,,,,0.132,0.737,0.737,0.605,,60.5,60.5,,,0.12,15,15,,,,1426,,0,open,,open,15,,,0,,,0
c12b2a3c-25ac-4883-a83c-053a00139552,e11·m1·sim-v1·tpmv-paper-m1,prematch,WTA,Tennis PMV,max,Tatjana Maria — Dayana Yastremska,,Cincinnati Open: Tatjana Maria vs Dayana Yastremska Set 1 Over 8.5,0,,,,0.132,0.737,0.737,0.605,,60.5,60.5,,,0.5,15,15,,,,1426,,0,open,,open,15,,,0,,,0
b5f67e38-938f-4ab1-88fe-b2e298e6e115,e11·m1·sim-v1·tpmv-paper-m1,prematch,WTA,Tennis PMV,aggressive,Taylor Townsend — Camila Osorio,,Cincinnati Open: Taylor Townsend vs Camila Osorio Set 1 Over 8.5,0,,,,0.116,0.736,0.736,0.62,,62,62,,,0.33,15,15,,,,1423,,0,open,,open,15,,,0,,,0
0b8451c9-950b-4684-aad5-3a4f4efd1501,e11·m1·sim-v1·tpmv-paper-m1,prematch,WTA,Tennis PMV,medium,Taylor Townsend — Camila Osorio,,Cincinnati Open: Taylor Townsend vs Camila Osorio Set 1 Over 8.5,0,,,,0.116,0.736,0.736,0.62,,62,62,,,0.2,15,15,,,,1423,,0,open,,open,15,,,0,,,0
d26d9e4f-31c0-436a-abe8-286289ddfa4e,e11·m1·sim-v1·tpmv-paper-m1,prematch,WTA,Tennis PMV,conservative,Taylor Townsend — Camila Osorio,,Cincinnati Open: Taylor Townsend vs Camila Osorio Set 1 Over 8.5,0,,,,0.116,0.736,0.736,0.62,,62,62,,,0.12,15,15,,,,1423,,0,open,,open,15,,,0,,,0
9f5b9eb2-2e66-4593-9f5e-219431d331c0,e11·m1·sim-v1·tpmv-paper-m1,prematch,WTA,Tennis PMV,max,Taylor Townsend — Camila Osorio,,Cincinnati Open: Taylor Townsend vs Camila Osorio Set 1 Over 8.5,0,,,,0.116,0.736,0.736,0.62,,62,62,,,0.5,15,15,,,,1423,,0,open,,open,15,,,0,,,0
530621a4-3bab-4593-be35-f6c9f225576e,e11·m1·sim-v1·tpmv-paper-m1,prematch,WTA,Tennis PMV,aggressive,Caty McNally — McCartney Kessler,,Cincinnati Open: Caty McNally vs McCartney Kessler Set 1 Over 8.5,0,,,,0.147,0.737,0.737,0.59,,59,59,,,0.33,15,15,,,,1968,,0,open,,open,15,,,0,,,0
38aa5867-04a7-4cad-9993-e5cc1f20f47d,e11·m1·sim-v1·tpmv-paper-m1,prematch,WTA,Tennis PMV,medium,Caty McNally — McCartney Kessler,,Cincinnati Open: Caty McNally vs McCartney Kessler Set 1 Over 8.5,0,,,,0.147,0.737,0.737,0.59,,59,59,,,0.2,15,15,,,,1968,,0,open,,open,15,,,0,,,0
4f2a9ca2-5efe-4d12-83f0-5c4a0c7a6b65,e11·m1·sim-v1·tpmv-paper-m1,prematch,WTA,Tennis PMV,conservative,Caty McNally — McCartney Kessler,,Cincinnati Open: Caty McNally vs McCartney Kessler Set 1 Over 8.5,0,,,,0.147,0.737,0.737,0.59,,59,59,,,0.12,15,15,,,,1968,,0,open,,open,15,,,0,,,0
ac53d595-8f32-4d36-a018-2eee56c70a83,e11·m1·sim-v1·tpmv-paper-m1,prematch,WTA,Tennis PMV,max,Caty McNally — McCartney Kessler,,Cincinnati Open: Caty McNally vs McCartney Kessler Set 1 Over 8.5,0,,,,0.147,0.737,0.737,0.59,,59,59,,,0.5,15,15,,,,1968,,0,open,,open,15,,,0,,,0
13323aec-f9e8-4a42-98b2-2130c86bb264,e11·m1·sim-v1·tpmv-paper-m1,prematch,WTA,Tennis PMV,aggressive,Antonia Ruzic — Magdalena Frech,,Cincinnati Open: Antonia Ruzic vs Magdalena Frech Set 1 Over 8.5,0,,,,0.124,0.734,0.734,0.61,,61,61,,,0.33,15,15,,,,1766,,0,open,,open,15,,,0,,,0
1702aae1-a397-4959-a15f-9d5fe6e92f23,e11·m1·sim-v1·tpmv-paper-m1,prematch,WTA,Tennis PMV,medium,Antonia Ruzic — Magdalena Frech,,Cincinnati Open: Antonia Ruzic vs Magdalena Frech Set 1 Over 8.5,0,,,,0.124,0.734,0.734,0.61,,61,61,,,0.2,15,15,,,,1766,,0,open,,open,15,,,0,,,0
6df675fa-0f1b-44d4-ab1e-2c1b98448896,e11·m1·sim-v1·tpmv-paper-m1,prematch,WTA,Tennis PMV,conservative,Antonia Ruzic — Magdalena Frech,,Cincinnati Open: Antonia Ruzic vs Magdalena Frech Set 1 Over 8.5,0,,,,0.124,0.734,0.734,0.61,,61,61,,,0.12,15,15,,,,1766,,0,open,,open,15,,,0,,,0
2e6d369d-72b2-4e23-8f52-c3642c547c5f,e11·m1·sim-v1·tpmv-paper-m1,prematch,WTA,Tennis PMV,max,Antonia Ruzic — Magdalena Frech,,Cincinnati Open: Antonia Ruzic vs Magdalena Frech Set 1 Over 8.5,0,,,,0.124,0.734,0.734,0.61,,61,61,,,0.5,15,15,,,,1766,,0,open,,open,15,,,0,,,0
7d039311-e5f3-40bb-a752-52e1a6261911,e11·m1·sim-v1·tpmv-paper-m1,prematch,WTA,Tennis PMV,aggressive,Diane Parry — Caroline Dolehide,,Cincinnati Open: Diane Parry vs Caroline Dolehide Set 1 Over 8.5,0,,,,0.117,0.737,0.737,0.62,,62,62,,,0.33,15,15,,,,1558,,0,open,,open,15,,,0,,,0
043f357f-2462-4dec-830c-fb84517bb00f,e11·m1·sim-v1·tpmv-paper-m1,prematch,WTA,Tennis PMV,medium,Diane Parry — Caroline Dolehide,,Cincinnati Open: Diane Parry vs Caroline Dolehide Set 1 Over 8.5,0,,,,0.117,0.737,0.737,0.62,,62,62,,,0.2,15,15,,,,1558,,0,open,,open,15,,,0,,,0
e551bbcb-7074-4dae-871c-ca1844ce2b58,e11·m1·sim-v1·tpmv-paper-m1,prematch,WTA,Tennis PMV,conservative,Diane Parry — Caroline Dolehide,,Cincinnati Open: Diane Parry vs Caroline Dolehide Set 1 Over 8.5,0,,,,0.117,0.737,0.737,0.62,,62,62,,,0.12,15,15,,,,1558,,0,open,,open,15,,,0,,,0
b752719f-b8b5-480b-903f-e23c55783b8b,e11·m1·sim-v1·tpmv-paper-m1,prematch,WTA,Tennis PMV,max,Diane Parry — Caroline Dolehide,,Cincinnati Open: Diane Parry vs Caroline Dolehide Set 1 Over 8.5,0,,,,0.117,0.737,0.737,0.62,,62,62,,,0.5,15,15,,,,1558,,0,open,,open,15,,,0,,,0
dd36518b-b949-48f6-b9dc-ccfe218b2486,e11·m1·sim-v1·tpmv-paper-m1,prematch,WTA,Tennis PMV,aggressive,Simona Waltert — Petra Marcinko,,Cincinnati Open: Simona Waltert vs Petra Marcinko Set 1 Over 8.5,0,,,,0.122,0.737,0.737,0.615,,61.5,61.5,,,0.33,15,15,,,,1574,,0,open,,open,15,,,0,,,0
07780b82-21f7-4038-b9ca-d034d184ecb3,e11·m1·sim-v1·tpmv-paper-m1,prematch,WTA,Tennis PMV,medium,Simona Waltert — Petra Marcinko,,Cincinnati Open: Simona Waltert vs Petra Marcinko Set 1 Over 8.5,0,,,,0.122,0.737,0.737,0.615,,61.5,61.5,,,0.2,15,15,,,,1574,,0,open,,open,15,,,0,,,0
50bcf515-751f-451f-a9e4-adec90cb1b52,e11·m1·sim-v1·tpmv-paper-m1,prematch,WTA,Tennis PMV,conservative,Simona Waltert — Petra Marcinko,,Cincinnati Open: Simona Waltert vs Petra Marcinko Set 1 Over 8.5,0,,,,0.122,0.737,0.737,0.615,,61.5,61.5,,,0.12,15,15,,,,1574,,0,open,,open,15,,,0,,,0
83980184-3d4d-48c9-9d95-3113d6c6c52e,e11·m1·sim-v1·tpmv-paper-m1,prematch,WTA,Tennis PMV,max,Simona Waltert — Petra Marcinko,,Cincinnati Open: Simona Waltert vs Petra Marcinko Set 1 Over 8.5,0,,,,0.122,0.737,0.737,0.615,,61.5,61.5,,,0.5,15,15,,,,1574,,0,open,,open,15,,,0,,,0
f66c6b0f-9c3d-4a0b-9727-2b30b2c4a33b,e11·m1·sim-v1·tpmv-paper-m1,prematch,WTA,Tennis PMV,aggressive,Cristina Bucsa — Panna Udvardy,,Cincinnati Open: Cristina Bucsa vs Panna Udvardy Set 1 Over 8.5,0,,,,0.134,0.734,0.734,0.6,,60,60,,,0.33,15,15,,,,1743,,0,open,,open,15,,,0,,,0
5b03df51-3f10-4d57-9055-5e5bba9e662b,e11·m1·sim-v1·tpmv-paper-m1,prematch,WTA,Tennis PMV,medium,Cristina Bucsa — Panna Udvardy,,Cincinnati Open: Cristina Bucsa vs Panna Udvardy Set 1 Over 8.5,0,,,,0.134,0.734,0.734,0.6,,60,60,,,0.2,15,15,,,,1743,,0,open,,open,15,,,0,,,0
963b2715-7546-4bd5-b018-4ded24cd995a,e11·m1·sim-v1·tpmv-paper-m1,prematch,WTA,Tennis PMV,conservative,Cristina Bucsa — Panna Udvardy,,Cincinnati Open: Cristina Bucsa vs Panna Udvardy Set 1 Over 8.5,0,,,,0.134,0.734,0.734,0.6,,60,60,,,0.12,15,15,,,,1743,,0,open,,open,15,,,0,,,0
e1ad711f-7dab-49bc-80fb-52dcf3e53971,e11·m1·sim-v1·tpmv-paper-m1,prematch,WTA,Tennis PMV,max,Cristina Bucsa — Panna Udvardy,,Cincinnati Open: Cristina Bucsa vs Panna Udvardy Set 1 Over 8.5,0,,,,0.134,0.734,0.734,0.6,,60,60,,,0.5,15,15,,,,1743,,0,open,,open,15,,,0,,,0
ff3030fc-36dc-413d-a702-dd85578ee361,e11·m1·sim-v1·tpmv-paper-m1,prematch,WTA,Tennis PMV,aggressive,Kamilla Rakhimova — Kimberly Birrell,,Cincinnati Open: Kamilla Rakhimova vs Kimberly Birrell Set 1 Over 8.5,0,,,,0.122,0.737,0.737,0.615,,61.5,61.5,,,0.33,15,15,,,,1639,,0,open,,open,15,,,0,,,0
85cdc63f-452d-465e-b188-f648db8dc7fb,e11·m1·sim-v1·tpmv-paper-m1,prematch,WTA,Tennis PMV,medium,Kamilla Rakhimova — Kimberly Birrell,,Cincinnati Open: Kamilla Rakhimova vs Kimberly Birrell Set 1 Over 8.5,0,,,,0.122,0.737,0.737,0.615,,61.5,61.5,,,0.2,15,15,,,,1639,,0,open,,open,15,,,0,,,0
17d1c200-3023-4977-afa6-0581b565fdd2,e11·m1·sim-v1·tpmv-paper-m1,prematch,WTA,Tennis PMV,conservative,Kamilla Rakhimova — Kimberly Birrell,,Cincinnati Open: Kamilla Rakhimova vs Kimberly Birrell Set 1 Over 8.5,0,,,,0.122,0.737,0.737,0.615,,61.5,61.5,,,0.12,15,15,,,,1639,,0,open,,open,15,,,0,,,0
b1ed2dcc-a5d3-4560-9561-b420caaa0a62,e11·m1·sim-v1·tpmv-paper-m1,prematch,WTA,Tennis PMV,max,Kamilla Rakhimova — Kimberly Birrell,,Cincinnati Open: Kamilla Rakhimova vs Kimberly Birrell Set 1 Over 8.5,0,,,,0.122,0.737,0.737,0.615,,61.5,61.5,,,0.5,15,15,,,,1639,,0,open,,open,15,,,0,,,0
3135eeee-394f-4315-b8b0-f9a73445f78c,e11·m1·sim-v1·tpmv-paper-m1,prematch,WTA,Tennis PMV,aggressive,Darja Vidmanova — Anhelina Kalinina,,Cincinnati Open: Darja Vidmanova vs Anhelina Kalinina Set 1 Over 8.5,0,,,,0.132,0.737,0.737,0.605,,60.5,60.5,,,0.33,15,15,,,,2055,,0,open,,open,15,,,0,,,0
63dd0e81-72af-4d83-bfd9-60aed58acfb6,e11·m1·sim-v1·tpmv-paper-m1,prematch,WTA,Tennis PMV,medium,Darja Vidmanova — Anhelina Kalinina,,Cincinnati Open: Darja Vidmanova vs Anhelina Kalinina Set 1 Over 8.5,0,,,,0.132,0.737,0.737,0.605,,60.5,60.5,,,0.2,15,15,,,,2055,,0,open,,open,15,,,0,,,0
cf53e54b-52bd-44c6-9a75-b5c3fb3ef612,e11·m1·sim-v1·tpmv-paper-m1,prematch,WTA,Tennis PMV,conservative,Darja Vidmanova — Anhelina Kalinina,,Cincinnati Open: Darja Vidmanova vs Anhelina Kalinina Set 1 Over 8.5,0,,,,0.132,0.737,0.737,0.605,,60.5,60.5,,,0.12,15,15,,,,2055,,0,open,,open,15,,,0,,,0
103ab5ab-47b7-4a84-8160-b0b6222f81e4,e11·m1·sim-v1·tpmv-paper-m1,prematch,WTA,Tennis PMV,max,Darja Vidmanova — Anhelina Kalinina,,Cincinnati Open: Darja Vidmanova vs Anhelina Kalinina Set 1 Over 8.5,0,,,,0.132,0.737,0.737,0.605,,60.5,60.5,,,0.5,15,15,,,,2055,,0,open,,open,15,,,0,,,0
0de4714c-cdcc-4a37-b8b7-7b9e32fa2e9d,e11·m1·sim-v1·tpmv-paper-m1,prematch,WTA,Tennis PMV,aggressive,Daria Kasatkina — Zeynep Sonmez,,Cincinnati Open: Daria Kasatkina vs Zeynep Sonmez Set 1 Over 8.5,0,,,,0.155,0.735,0.735,0.58,,58,58,,,0.33,15,15,,,,1997,,0,open,,open,15,,,0,,,0
6e67511d-3bb7-4019-88ef-6b6866586c00,e11·m1·sim-v1·tpmv-paper-m1,prematch,WTA,Tennis PMV,medium,Daria Kasatkina — Zeynep Sonmez,,Cincinnati Open: Daria Kasatkina vs Zeynep Sonmez Set 1 Over 8.5,0,,,,0.155,0.735,0.735,0.58,,58,58,,,0.2,15,15,,,,1997,,0,open,,open,15,,,0,,,0
4a104cfd-8636-490a-8cbc-8e1b103c4ccb,e11·m1·sim-v1·tpmv-paper-m1,prematch,WTA,Tennis PMV,conservative,Daria Kasatkina — Zeynep Sonmez,,Cincinnati Open: Daria Kasatkina vs Zeynep Sonmez Set 1 Over 8.5,0,,,,0.155,0.735,0.735,0.58,,58,58,,,0.12,15,15,,,,1997,,0,open,,open,15,,,0,,,0
87b2c396-2f4a-44e0-b0f0-d3764f8c45ae,e11·m1·sim-v1·tpmv-paper-m1,prematch,WTA,Tennis PMV,max,Daria Kasatkina — Zeynep Sonmez,,Cincinnati Open: Daria Kasatkina vs Zeynep Sonmez Set 1 Over 8.5,0,,,,0.155,0.735,0.735,0.58,,58,58,,,0.5,15,15,,,,1997,,0,open,,open,15,,,0,,,0
2ef1ff45-e86d-4142-9326-eaa498cb3d48,e11·m1·sim-v1·tpmv-paper-m1,prematch,WTA,Tennis PMV,aggressive,Jessica Bouzas Maneiro — Anna Bondar,,Cincinnati Open: Jessica Bouzas Maneiro vs Anna Bondar Set 1 Over 8.5,0,,,,0.14,0.735,0.735,0.595,,59.5,59.5,,,0.33,15,15,,,,1655,,0,open,,open,15,,,0,,,0
338be2da-884f-4653-95c8-770f75df0f1b,e11·m1·sim-v1·tpmv-paper-m1,prematch,WTA,Tennis PMV,medium,Jessica Bouzas Maneiro — Anna Bondar,,Cincinnati Open: Jessica Bouzas Maneiro vs Anna Bondar Set 1 Over 8.5,0,,,,0.14,0.735,0.735,0.595,,59.5,59.5,,,0.2,15,15,,,,1655,,0,open,,open,15,,,0,,,0
0af6f12d-c0aa-4653-a070-69d601e2f8ab,e11·m1·sim-v1·tpmv-paper-m1,prematch,WTA,Tennis PMV,conservative,Jessica Bouzas Maneiro — Anna Bondar,,Cincinnati Open: Jessica Bouzas Maneiro vs Anna Bondar Set 1 Over 8.5,0,,,,0.14,0.735,0.735,0.595,,59.5,59.5,,,0.12,15,15,,,,1655,,0,open,,open,15,,,0,,,0
8cab2b0c-09ef-4680-85ab-a926e889bdfe,e11·m1·sim-v1·tpmv-paper-m1,prematch,WTA,Tennis PMV,max,Jessica Bouzas Maneiro — Anna Bondar,,Cincinnati Open: Jessica Bouzas Maneiro vs Anna Bondar Set 1 Over 8.5,0,,,,0.14,0.735,0.735,0.595,,59.5,59.5,,,0.5,15,15,,,,1655,,0,open,,open,15,,,0,,,0
fcdad4b0-928e-4851-bdec-949a0589e0f5,e11·m1·sim-v1·tpmv-paper-m1,prematch,WTA,Tennis PMV,aggressive,Sara Bejlek — Karolina Pliskova,,Cincinnati Open: Sara Bejlek vs Karolina Pliskova Set 1 Over 8.5,0,,,,0.147,0.737,0.737,0.59,,59,59,,,0.33,15,15,,,,1567,,0,open,,open,15,,,0,,,0
d3b64853-05ea-4709-9a05-085798150f6d,e11·m1·sim-v1·tpmv-paper-m1,prematch,WTA,Tennis PMV,medium,Sara Bejlek — Karolina Pliskova,,Cincinnati Open: Sara Bejlek vs Karolina Pliskova Set 1 Over 8.5,0,,,,0.147,0.737,0.737,0.59,,59,59,,,0.2,15,15,,,,1567,,0,open,,open,15,,,0,,,0
a5052863-bc29-4641-bea5-9963a76416bd,e11·m1·sim-v1·tpmv-paper-m1,prematch,WTA,Tennis PMV,conservative,Sara Bejlek — Karolina Pliskova,,Cincinnati Open: Sara Bejlek vs Karolina Pliskova Set 1 Over 8.5,0,,,,0.147,0.737,0.737,0.59,,59,59,,,0.12,15,15,,,,1567,,0,open,,open,15,,,0,,,0
465224a3-6b5e-4bea-9e08-a924bb4094d9,e11·m1·sim-v1·tpmv-paper-m1,prematch,WTA,Tennis PMV,max,Sara Bejlek — Karolina Pliskova,,Cincinnati Open: Sara Bejlek vs Karolina Pliskova Set 1 Over 8.5,0,,,,0.147,0.737,0.737,0.59,,59,59,,,0.5,15,15,,,,1567,,0,open,,open,15,,,0,,,0
3d77b025-1380-4b95-a05e-e898878171bf,e11·m1·sim-v1·tpmv-paper-m1,prematch,WTA,Tennis PMV,aggressive,Eva Lys — Anna Blinkova,,"Cincinnati Open, Qualification: Eva Lys vs Anna Blinkova Set 1 Over 8.5",0,,,,0.082,0.737,0.737,0.655,,65.5,65.5,,,0.33,15,15,,,,1116,,0,open,,open,15,,,0,,,0
efc4ea8c-0c2a-4e03-96a5-1d29503cd3b5,e11·m1·sim-v1·tpmv-paper-m1,prematch,WTA,Tennis PMV,medium,Eva Lys — Anna Blinkova,,"Cincinnati Open, Qualification: Eva Lys vs Anna Blinkova Set 1 Over 8.5",0,,,,0.082,0.737,0.737,0.655,,65.5,65.5,,,0.2,15,15,,,,1116,,0,open,,open,15,,,0,,,0
1ffeef9a-31d0-47a4-9de8-09d0a42c4537,e11·m1·sim-v1·tpmv-paper-m1,prematch,WTA,Tennis PMV,conservative,Eva Lys — Anna Blinkova,,"Cincinnati Open, Qualification: Eva Lys vs Anna Blinkova Set 1 Over 8.5",0,,,,0.082,0.737,0.737,0.655,,65.5,65.5,,,0.12,15,15,,,,1116,,0,open,,open,15,,,0,,,0
ad1f92de-683d-4b06-88e5-12e996761a88,e11·m1·sim-v1·tpmv-paper-m1,prematch,WTA,Tennis PMV,max,Eva Lys — Anna Blinkova,,"Cincinnati Open, Qualification: Eva Lys vs Anna Blinkova Set 1 Over 8.5",0,,,,0.082,0.737,0.737,0.655,,65.5,65.5,,,0.5,15,15,,,,1116,,0,open,,open,15,,,0,,,0
91e7e208-70d0-46da-b917-83d72e509fbe,e11·m1·sim-v1·tpmv-paper-m1,prematch,WTA,Tennis PMV,aggressive,Alycia Parks — Viktorija Golubic,,Cincinnati Open: Alycia Parks vs Viktorija Golubic Set 1 Over 8.5,0,,,,0.118,0.733,0.733,0.615,,61.5,61.5,,,0.33,15,15,,,,1066,,0,open,,open,15,,,0,,,0
7b42e85c-f14c-47b1-aeb2-2def80d5a444,e11·m1·sim-v1·tpmv-paper-m1,prematch,WTA,Tennis PMV,medium,Alycia Parks — Viktorija Golubic,,Cincinnati Open: Alycia Parks vs Viktorija Golubic Set 1 Over 8.5,0,,,,0.118,0.733,0.733,0.615,,61.5,61.5,,,0.2,15,15,,,,1066,,0,open,,open,15,,,0,,,0
f1562ad6-4fd6-419d-87a2-9c2d1e56f662,e11·m1·sim-v1·tpmv-paper-m1,prematch,WTA,Tennis PMV,conservative,Alycia Parks — Viktorija Golubic,,Cincinnati Open: Alycia Parks vs Viktorija Golubic Set 1 Over 8.5,0,,,,0.118,0.733,0.733,0.615,,61.5,61.5,,,0.12,15,15,,,,1066,,0,open,,open,15,,,0,,,0
c95e4315-3fea-4d45-a8e8-54242b51df39,e11·m1·sim-v1·tpmv-paper-m1,prematch,WTA,Tennis PMV,max,Alycia Parks — Viktorija Golubic,,Cincinnati Open: Alycia Parks vs Viktorija Golubic Set 1 Over 8.5,0,,,,0.118,0.733,0.733,0.615,,61.5,61.5,,,0.5,15,15,,,,1066,,0,open,,open,15,,,0,,,0
0709b99c-eade-4296-9f03-e1c6b82d95b8,e11·m1·sim-v1·tpmv-paper-m1,prematch,WTA,Tennis PMV,aggressive,Ashlyn Krueger — Lois Boisson,,Cincinnati Open: Ashlyn Krueger vs Lois Boisson Set 1 Over 8.5,0,,,,0.132,0.722,0.722,0.59,,59,59,,,0.33,15,15,,,,1370,,0,open,,open,15,,,0,,,0
9c48a51a-7722-415c-ab96-1920d49af10f,e11·m1·sim-v1·tpmv-paper-m1,prematch,WTA,Tennis PMV,medium,Ashlyn Krueger — Lois Boisson,,Cincinnati Open: Ashlyn Krueger vs Lois Boisson Set 1 Over 8.5,0,,,,0.132,0.722,0.722,0.59,,59,59,,,0.2,15,15,,,,1370,,0,open,,open,15,,,0,,,0
773c550c-99be-4a64-8ae6-9494bf3b63d4,e11·m1·sim-v1·tpmv-paper-m1,prematch,WTA,Tennis PMV,conservative,Ashlyn Krueger — Lois Boisson,,Cincinnati Open: Ashlyn Krueger vs Lois Boisson Set 1 Over 8.5,0,,,,0.132,0.722,0.722,0.59,,59,59,,,0.12,15,15,,,,1370,,0,open,,open,15,,,0,,,0
57898e18-5dfb-45f6-8685-a0380c9b0f77,e11·m1·sim-v1·tpmv-paper-m1,prematch,WTA,Tennis PMV,max,Ashlyn Krueger — Lois Boisson,,Cincinnati Open: Ashlyn Krueger vs Lois Boisson Set 1 Over 8.5,0,,,,0.132,0.722,0.722,0.59,,59,59,,,0.5,15,15,,,,1370,,0,open,,open,15,,,0,,,0
c4164149-9127-4e59-9cc1-143d6f25f2bc,e11·m1·sim-v1·tpmv-paper-m1,prematch,WTA,Tennis PMV,aggressive,Elvina Kalieva — Oleksandra Oliynykova,,Cincinnati Open: Elvina Kalieva vs Oleksandra Oliynykova Set 1 Over 8.5,0,,,,0.148,0.728,0.728,0.58,,58,58,,,0.33,15,15,,,,1832,,0,open,,open,15,,,0,,,0
cc0c1298-89b0-41cd-aaa5-a379a44b87fc,e11·m1·sim-v1·tpmv-paper-m1,prematch,WTA,Tennis PMV,medium,Elvina Kalieva — Oleksandra Oliynykova,,Cincinnati Open: Elvina Kalieva vs Oleksandra Oliynykova Set 1 Over 8.5,0,,,,0.148,0.728,0.728,0.58,,58,58,,,0.2,15,15,,,,1832,,0,open,,open,15,,,0,,,0
c11750d1-288e-40af-8f17-c3289e99f848,e11·m1·sim-v1·tpmv-paper-m1,prematch,WTA,Tennis PMV,conservative,Elvina Kalieva — Oleksandra Oliynykova,,Cincinnati Open: Elvina Kalieva vs Oleksandra Oliynykova Set 1 Over 8.5,0,,,,0.148,0.728,0.728,0.58,,58,58,,,0.12,15,15,,,,1832,,0,open,,open,15,,,0,,,0
8005e26c-57db-4659-a575-c2039e197221,e11·m1·sim-v1·tpmv-paper-m1,prematch,WTA,Tennis PMV,max,Elvina Kalieva — Oleksandra Oliynykova,,Cincinnati Open: Elvina Kalieva vs Oleksandra Oliynykova Set 1 Over 8.5,0,,,,0.148,0.728,0.728,0.58,,58,58,,,0.5,15,15,,,,1832,,0,open,,open,15,,,0,,,0
18e360f3-819d-4293-bf93-8e528fa6244f,e11·m1·sim-v1·tpmv-paper-m1,prematch,WTA,Tennis PMV,aggressive,Yulia Putintseva — Liudmila Samsonova,,Cincinnati Open: Yulia Putintseva vs Liudmila Samsonova Set 1 Over 8.5,0,,,,0.134,0.719,0.719,0.585,,58.5,58.5,,,0.33,15,15,,,,1861,,0,open,,open,15,,,0,,,0
d0da1c6b-2c0e-426c-bcb9-d1fcab7c3d26,e11·m1·sim-v1·tpmv-paper-m1,prematch,WTA,Tennis PMV,medium,Yulia Putintseva — Liudmila Samsonova,,Cincinnati Open: Yulia Putintseva vs Liudmila Samsonova Set 1 Over 8.5,0,,,,0.134,0.719,0.719,0.585,,58.5,58.5,,,0.2,15,15,,,,1861,,0,open,,open,15,,,0,,,0
b6ed8ed4-cf8c-4b08-93c8-cadd637fc3e7,e11·m1·sim-v1·tpmv-paper-m1,prematch,WTA,Tennis PMV,conservative,Yulia Putintseva — Liudmila Samsonova,,Cincinnati Open: Yulia Putintseva vs Liudmila Samsonova Set 1 Over 8.5,0,,,,0.134,0.719,0.719,0.585,,58.5,58.5,,,0.12,15,15,,,,1861,,0,open,,open,15,,,0,,,0
2592c5a8-7e27-4086-85d8-52b4807f3501,e11·m1·sim-v1·tpmv-paper-m1,prematch,WTA,Tennis PMV,max,Yulia Putintseva — Liudmila Samsonova,,Cincinnati Open: Yulia Putintseva vs Liudmila Samsonova Set 1 Over 8.5,0,,,,0.134,0.719,0.719,0.585,,58.5,58.5,,,0.5,15,15,,,,1861,,0,open,,open,15,,,0,,,0
93a09662-1502-4cb1-b539-309851455492,e11·m1·sim-v1·tpmv-paper-m1,prematch,WTA,Tennis PMV,aggressive,Maya Joint — Tamara Korpatsch,,Cincinnati Open: Maya Joint vs Tamara Korpatsch Set 1 Over 8.5,0,,,,0.143,0.723,0.723,0.58,,58,58,,,0.33,15,15,,,,1818,,0,open,,open,15,,,0,,,0
604d3129-be33-4f41-bc06-0d3157cc33b6,e11·m1·sim-v1·tpmv-paper-m1,prematch,WTA,Tennis PMV,medium,Maya Joint — Tamara Korpatsch,,Cincinnati Open: Maya Joint vs Tamara Korpatsch Set 1 Over 8.5,0,,,,0.143,0.723,0.723,0.58,,58,58,,,0.2,15,15,,,,1818,,0,open,,open,15,,,0,,,0
cd6b4db8-ecc8-4d61-939e-c5b502793d9e,e11·m1·sim-v1·tpmv-paper-m1,prematch,WTA,Tennis PMV,conservative,Maya Joint — Tamara Korpatsch,,Cincinnati Open: Maya Joint vs Tamara Korpatsch Set 1 Over 8.5,0,,,,0.143,0.723,0.723,0.58,,58,58,,,0.12,15,15,,,,1818,,0,open,,open,15,,,0,,,0
0bd286f9-1c06-4420-92a0-b5552445e05f,e11·m1·sim-v1·tpmv-paper-m1,prematch,WTA,Tennis PMV,max,Maya Joint — Tamara Korpatsch,,Cincinnati Open: Maya Joint vs Tamara Korpatsch Set 1 Over 8.5,0,,,,0.143,0.723,0.723,0.58,,58,58,,,0.5,15,15,,,,1818,,0,open,,open,15,,,0,,,0
7932541a-f59f-4a2d-ad2f-d714ae460493,e11·m1·sim-v1·tpmv-paper-m1,prematch,WTA,Tennis PMV,aggressive,Daria Snigur — Yulia Starodubtseva,,Cincinnati Open: Daria Snigur vs Yulia Starodubtseva Set 1 Over 8.5,0,,,,0.143,0.733,0.733,0.59,,59,59,,,0.33,15,15,,,,1257,,0,open,,open,15,,,0,,,0
b840a4a6-39ca-487f-86de-6c66129e1d86,e11·m1·sim-v1·tpmv-paper-m1,prematch,WTA,Tennis PMV,medium,Daria Snigur — Yulia Starodubtseva,,Cincinnati Open: Daria Snigur vs Yulia Starodubtseva Set 1 Over 8.5,0,,,,0.143,0.733,0.733,0.59,,59,59,,,0.2,15,15,,,,1257,,0,open,,open,15,,,0,,,0
2beda339-708b-4e11-9b9e-6deab3079527,e11·m1·sim-v1·tpmv-paper-m1,prematch,WTA,Tennis PMV,conservative,Daria Snigur — Yulia Starodubtseva,,Cincinnati Open: Daria Snigur vs Yulia Starodubtseva Set 1 Over 8.5,0,,,,0.143,0.733,0.733,0.59,,59,59,,,0.12,15,15,,,,1257,,0,open,,open,15,,,0,,,0
a81dbfbd-f136-4964-9c1b-a9d9f212764e,e11·m1·sim-v1·tpmv-paper-m1,prematch,WTA,Tennis PMV,max,Daria Snigur — Yulia Starodubtseva,,Cincinnati Open: Daria Snigur vs Yulia Starodubtseva Set 1 Over 8.5,0,,,,0.143,0.733,0.733,0.59,,59,59,,,0.5,15,15,,,,1257,,0,open,,open,15,,,0,,,0
2b5511a3-0a9d-4f24-9f39-996f19ac0d74,e11·m1·sim-v1·tpmv-paper-m1,prematch,WTA,Tennis PMV,aggressive,Gabriela Ruse — Magda Linette,,Cincinnati Open: Gabriela Ruse vs Magda Linette Set 1 Over 8.5,0,,,,0.125,0.735,0.735,0.61,,61,61,,,0.33,15,15,,,,1219,,0,open,,open,15,,,0,,,0
ec7802d8-b5f9-42f5-b2d6-f5687aed105e,e11·m1·sim-v1·tpmv-paper-m1,prematch,WTA,Tennis PMV,medium,Gabriela Ruse — Magda Linette,,Cincinnati Open: Gabriela Ruse vs Magda Linette Set 1 Over 8.5,0,,,,0.125,0.735,0.735,0.61,,61,61,,,0.2,15,15,,,,1219,,0,open,,open,15,,,0,,,0
d621df64-1939-46ea-9ff5-84d6654bed75,e11·m1·sim-v1·tpmv-paper-m1,prematch,WTA,Tennis PMV,conservative,Gabriela Ruse — Magda Linette,,Cincinnati Open: Gabriela Ruse vs Magda Linette Set 1 Over 8.5,0,,,,0.125,0.735,0.735,0.61,,61,61,,,0.12,15,15,,,,1219,,0,open,,open,15,,,0,,,0
bb145633-3fe1-4eda-9e33-63a5f267a476,e11·m1·sim-v1·tpmv-paper-m1,prematch,WTA,Tennis PMV,max,Gabriela Ruse — Magda Linette,,Cincinnati Open: Gabriela Ruse vs Magda Linette Set 1 Over 8.5,0,,,,0.125,0.735,0.735,0.61,,61,61,,,0.5,15,15,,,,1219,,0,open,,open,15,,,0,,,0
c945d081-db0f-4654-a1c2-4e414f8e8b29,e11·m1·sim-v1·tpmv-paper-m1,prematch,ATP,Tennis PMV,aggressive,Edas Butvilas — Daniel Milavsky,,Brownsburg: Edas Butvilas vs Daniel Milavsky Set 1 Over 8.5,0,,,,0.162,0.822,0.822,0.66,,66,66,,,0.33,15,15,,,,1518,,0,open,,open,15,,,0,,,0
ea087e12-6e4d-4509-ac51-d74e47072120,e11·m1·sim-v1·tpmv-paper-m1,prematch,ATP,Tennis PMV,medium,Edas Butvilas — Daniel Milavsky,,Brownsburg: Edas Butvilas vs Daniel Milavsky Set 1 Over 8.5,0,,,,0.162,0.822,0.822,0.66,,66,66,,,0.2,15,15,,,,1518,,0,open,,open,15,,,0,,,0
4bafc9d6-5c90-4170-83f4-8252e0298bff,e11·m1·sim-v1·tpmv-paper-m1,prematch,ATP,Tennis PMV,conservative,Edas Butvilas — Daniel Milavsky,,Brownsburg: Edas Butvilas vs Daniel Milavsky Set 1 Over 8.5,0,,,,0.162,0.822,0.822,0.66,,66,66,,,0.12,15,15,,,,1518,,0,open,,open,15,,,0,,,0
d1cd780d-03b4-4b50-9438-50c42cede8e1,e11·m1·sim-v1·tpmv-paper-m1,prematch,ATP,Tennis PMV,max,Edas Butvilas — Daniel Milavsky,,Brownsburg: Edas Butvilas vs Daniel Milavsky Set 1 Over 8.5,0,,,,0.162,0.822,0.822,0.66,,66,66,,,0.5,15,15,,,,1518,,0,open,,open,15,,,0,,,0